associado_id,score_recencia,score_frequencia,score_valor,score_rfv,segmento_rfv,saldo_medio_cc,valor_investido
A00001,0.8241,0.2143,0.0284,0.3556,Moderado,3019.57,10542.52
A00002,0.8056,0.0774,0.0146,0.2992,Baixo,1549.7,4178.16
A00007,0.8333,0.1488,0.0118,0.3313,Baixo,1253.0,0.0
A00008,0.5926,0.4167,0.0916,0.367,Moderado,9757.87,1065.85
A00009,0.8889,0.244,0.104,0.4123,Alto,11077.54,3848.76
A00012,0.8148,0.1726,0.0,0.3291,Baixo,0.0,10713.42
A00013,0.8426,0.3571,0.0504,0.4167,Alto,5365.76,15723.7
A00014,0.8889,0.0417,0.0,0.3102,Baixo,0.0,0.0
A00015,0.9537,0.1548,0.0354,0.3813,Alto,3769.04,27781.18
A00016,0.9907,0.1429,0.063,0.3989,Alto,6707.84,0.0
A00018,0.787,0.1607,0.0217,0.3232,Baixo,2314.7,18718.98
A00019,0.9074,0.3869,0.0212,0.4385,Muito alto,2254.1,0.0
A00022,0.9259,0.4048,0.0169,0.4492,Muito alto,1795.76,6389.59
A00023,0.4722,0.3036,0.0571,0.2776,Baixo,6079.33,5089.33
A00025,0.8889,0.2619,0.6508,0.6005,Muito alto,69303.76,30056.97
A00026,0.7037,0.2143,0.0162,0.3114,Baixo,1727.33,473.18
A00027,0.9444,0.1131,0.0,0.3525,Moderado,0.0,8804.63
A00028,0.8981,0.1369,0.0216,0.3522,Moderado,2303.52,0.0
A00029,0.9722,0.2679,0.1532,0.4644,Muito alto,16317.6,6738.19
A00030,0.9537,0.2857,0.1052,0.4482,Muito alto,11204.38,0.0
A00031,0.8426,0.1667,0.0245,0.3446,Baixo,2608.45,7258.93
A00032,0.963,0.1429,0.0462,0.384,Alto,4921.92,3487.81
A00033,0.8056,0.2917,0.1136,0.4036,Alto,12092.55,1035.23
A00034,0.8704,0.1548,0.2199,0.415,Alto,23418.31,0.0
A00035,1.0,0.1488,0.3944,0.5144,Muito alto,41998.27,8483.25
A00036,0.8981,0.1726,0.0315,0.3674,Moderado,3350.37,0.0
A00037,0.9722,0.1726,0.2675,0.4708,Muito alto,28488.58,0.0
A00038,0.9074,0.2798,0.0164,0.4012,Alto,1744.52,1906.4
A00039,0.9722,0.1071,0.1671,0.4155,Alto,17792.1,0.0
A00040,0.75,0.0893,0.0411,0.2935,Baixo,4373.24,0.0
A00041,0.9259,0.2143,0.2235,0.4546,Muito alto,23805.4,10143.1
A00043,0.8611,0.1012,0.0626,0.3416,Baixo,6670.21,0.0
A00044,0.9259,0.0357,0.0052,0.3223,Baixo,558.15,0.0
A00046,0.9537,0.25,0.0656,0.4231,Muito alto,6981.93,2913.53
A00048,1.0,0.1845,0.0235,0.4027,Alto,2507.24,21886.06
A00049,0.8704,0.2857,0.3851,0.5137,Muito alto,41012.86,0.0
A00051,0.2407,0.2976,0.1055,0.2146,Baixo,11238.1,23151.8
A00052,0.6944,0.125,0.0198,0.2797,Baixo,2106.17,0.0
A00053,0.9815,0.0774,0.2558,0.4382,Muito alto,27236.53,88656.75
A00054,0.9537,0.1667,0.0135,0.378,Moderado,1436.33,0.0
A00055,0.8333,0.131,0.1128,0.359,Moderado,12007.86,0.0
A00057,0.9907,0.256,0.0111,0.4193,Muito alto,1182.39,13074.4
A00059,0.6852,0.244,0.0072,0.3121,Baixo,762.06,0.0
A00060,0.8889,0.1131,0.0134,0.3385,Baixo,1426.52,5970.77
A00061,0.9167,0.1548,0.0262,0.3659,Moderado,2793.8,0.0
A00063,0.9722,0.3036,0.0235,0.4331,Muito alto,2501.92,0.0
A00064,0.8611,0.1012,0.0658,0.3427,Baixo,7007.04,48839.11
A00065,0.8426,0.1726,0.0198,0.345,Baixo,2103.48,10975.03
A00066,0.9722,0.2738,0.0596,0.4352,Muito alto,6344.65,0.0
A00067,0.8981,0.3214,0.0598,0.4264,Muito alto,6363.59,0.0
A00069,0.9537,0.1369,0.0553,0.382,Alto,5883.99,22322.77
A00070,0.9444,0.2202,0.0748,0.4132,Alto,7964.52,17683.8
A00071,0.9074,0.0952,0.0,0.3342,Baixo,0.0,6734.55
A00072,0.8611,0.5119,0.0444,0.4725,Muito alto,4727.86,1801.49
A00073,0.8056,0.1905,0.0521,0.3494,Moderado,5546.05,0.0
A00074,0.9815,0.0952,0.0262,0.3677,Moderado,2795.18,5346.55
A00075,0.963,0.25,0.1158,0.4429,Muito alto,12335.58,10213.91
A00076,0.6204,0.1012,0.0079,0.2432,Baixo,841.72,0.0
A00078,0.9907,0.0595,0.0,0.3501,Moderado,0.0,0.0
A00079,0.9907,0.1905,0.0101,0.3971,Alto,1070.88,0.0
A00081,0.9907,0.0595,0.0205,0.3569,Moderado,2180.4,9946.38
A00082,0.8519,0.1786,0.0471,0.3592,Moderado,5019.35,0.0
A00083,0.8889,0.6607,0.041,0.5302,Muito alto,4362.97,0.0
A00084,0.8611,0.1845,0.034,0.3599,Moderado,3625.97,3946.05
A00085,0.8611,0.1071,0.0204,0.3295,Baixo,2171.45,2569.14
A00086,1.0,0.25,0.0475,0.4325,Muito alto,5058.83,24554.85
A00087,0.8148,0.3333,0.1394,0.4292,Muito alto,14841.75,1941.31
A00088,0.9537,0.0774,0.018,0.3497,Moderado,1913.11,15530.37
A00089,0.9352,0.1071,0.1038,0.382,Alto,11049.27,2931.58
A00095,0.7222,0.2381,0.067,0.3424,Baixo,7131.21,22437.14
A00096,0.9815,0.2083,0.0156,0.4018,Alto,1663.35,1113.07
A00097,0.8889,0.1786,0.0525,0.3733,Moderado,5588.48,0.0
A00098,0.3056,0.2679,0.1573,0.2436,Baixo,16755.54,64416.55
A00099,0.9815,0.1548,0.0815,0.4059,Alto,8681.93,0.0
A00100,0.8796,0.1131,0.0,0.3309,Baixo,0.0,47261.19
A00101,0.9352,0.1667,0.0916,0.3978,Alto,9750.56,2831.21
A00102,0.8889,0.1488,0.0,0.3459,Baixo,0.0,23101.71
A00104,0.9815,0.1726,0.0237,0.3926,Alto,2521.96,0.0
A00107,0.9167,0.131,0.0158,0.3545,Moderado,1679.58,13783.27
A00108,0.9815,0.2262,0.0199,0.4092,Alto,2119.66,28053.98
A00113,0.7593,0.2202,0.0397,0.3397,Baixo,4230.22,46877.47
A00114,0.9815,0.0655,0.0,0.349,Moderado,0.0,1190.6
A00115,0.8611,0.0714,0.006,0.3129,Baixo,644.15,114386.64
A00116,0.8426,0.25,0.0254,0.3726,Moderado,2699.82,84125.54
A00118,0.9074,0.3512,0.1133,0.4573,Muito alto,12061.94,18248.73
A00119,0.7593,0.0536,0.0334,0.2821,Baixo,3558.95,30416.56
A00120,0.9444,0.1964,0.2444,0.4618,Muito alto,26026.78,0.0
A00122,0.8981,0.119,0.0078,0.3417,Baixo,830.11,0.0
A00123,0.8426,0.1548,0.0775,0.3583,Moderado,8253.9,6561.52
A00124,0.9815,0.3631,0.3924,0.579,Muito alto,41788.35,3997.73
A00125,0.8611,0.1786,0.0713,0.3703,Moderado,7596.33,2362.61
A00126,0.9537,0.0298,0.0,0.3278,Baixo,0.0,0.0
A00128,0.9259,0.3214,0.282,0.5098,Muito alto,30036.1,13205.99
A00129,0.9259,0.2976,0.4522,0.5586,Muito alto,48158.25,15279.57
A00130,0.9167,0.4881,0.2132,0.5393,Muito alto,22708.86,0.0
A00131,0.9815,0.1786,0.1301,0.4301,Muito alto,13855.63,0.0
A00135,0.8704,0.131,0.0184,0.3399,Baixo,1960.63,3527.78
A00136,0.8981,0.1131,0.071,0.3607,Moderado,7558.96,4026.21
A00138,1.0,0.1488,0.241,0.4633,Muito alto,25665.46,3069.82
A00139,0.8981,0.1726,0.1225,0.3978,Alto,13048.98,42773.25
A00143,0.9444,0.1488,0.0504,0.3812,Alto,5370.21,56493.95
A00144,0.9259,0.0774,0.1641,0.3891,Alto,17478.3,0.0
A00146,0.9722,0.1667,0.099,0.4126,Alto,10543.75,25090.12
A00147,0.9815,0.2976,0.3076,0.5289,Muito alto,32759.6,0.0
A00151,0.9444,0.1667,0.3617,0.4909,Muito alto,38517.83,9154.4
A00152,0.8333,0.1369,0.0419,0.3374,Baixo,4466.01,8683.3
A00153,0.9352,0.1369,0.0066,0.3596,Moderado,698.72,0.0
A00155,0.9537,0.2857,0.0429,0.4274,Muito alto,4567.89,33980.51
A00156,0.9259,0.1786,0.024,0.3762,Moderado,2554.11,22514.67
A00158,0.8611,0.2202,0.0457,0.3757,Moderado,4861.94,6787.56
A00159,0.6296,0.131,0.103,0.2879,Baixo,10969.58,8279.98
A00162,0.8519,0.3333,0.14,0.4417,Muito alto,14913.73,7546.15
A00164,1.0,0.1607,0.0286,0.3964,Alto,3043.35,0.0
A00165,0.6852,0.1071,0.0632,0.2852,Baixo,6734.86,0.0
A00166,1.0,0.2798,0.0952,0.4583,Muito alto,10138.08,11496.76
A00167,0.9722,0.0714,0.0285,0.3574,Moderado,3037.78,24469.8
A00169,0.8426,0.1845,0.2137,0.4136,Alto,22753.88,0.0
A00171,0.8981,0.0952,0.0237,0.339,Baixo,2518.65,11029.73
A00172,0.9352,0.1726,0.0237,0.3772,Moderado,2520.8,9558.91
A00175,0.9722,0.1726,0.0264,0.3904,Alto,2811.84,0.0
A00176,0.9352,0.0893,0.0182,0.3476,Moderado,1939.5,0.0
A00177,0.8426,0.4702,0.0478,0.4535,Muito alto,5092.12,2415.09
A00178,0.9444,0.1964,0.0263,0.3891,Alto,2801.44,0.0
A00179,0.9907,0.2083,0.1277,0.4422,Muito alto,13596.03,17592.74
A00180,0.9722,0.1667,0.0567,0.3985,Alto,6040.59,15347.68
A00181,0.8426,0.2619,0.1213,0.4086,Alto,12922.19,7245.12
A00182,0.6111,0.1369,0.022,0.2567,Baixo,2345.23,0.0
A00183,0.963,0.1667,0.0144,0.3813,Alto,1532.8,15614.1
A00184,0.8981,0.1429,0.0221,0.3544,Moderado,2350.29,5667.11
A00185,0.8704,0.4048,0.127,0.4674,Muito alto,13523.02,66206.86
A00186,0.9907,0.2024,0.0679,0.4203,Muito alto,7232.34,60185.15
A00188,0.8981,0.1667,0.105,0.3899,Alto,11185.47,3707.31
A00191,0.9907,0.1131,0.238,0.4473,Muito alto,25343.35,0.0
A00193,0.9907,0.256,0.0945,0.4471,Muito alto,10059.53,7452.11
A00198,0.963,0.2083,0.0984,0.4232,Muito alto,10477.59,0.0
A00200,0.9259,0.2024,0.0604,0.3962,Alto,6434.4,0.0
A00201,0.9907,0.369,0.0232,0.461,Muito alto,2469.94,4115.71
A00202,0.8519,0.0238,0.0,0.2919,Baixo,0.0,0.0
A00203,0.9352,0.1607,0.0098,0.3686,Moderado,1039.81,10099.23
A00204,0.9259,0.0536,0.0,0.3265,Baixo,0.0,0.0
A00206,0.9815,0.2857,0.0179,0.4284,Muito alto,1908.5,0.0
A00207,0.963,0.1488,0.0,0.3706,Moderado,0.0,0.0
A00208,0.9074,0.2202,0.0565,0.3947,Alto,6020.18,0.0
A00210,0.9259,0.2381,0.1074,0.4238,Muito alto,11432.2,0.0
A00211,0.9907,0.0476,0.0,0.3461,Baixo,0.0,0.0
A00212,0.8333,0.2857,0.0275,0.3822,Alto,2931.82,27582.28
A00214,0.6759,0.125,0.022,0.2743,Baixo,2347.0,61900.07
A00215,0.8611,0.0655,0.008,0.3115,Baixo,850.21,0.0
A00216,0.9907,0.256,0.0219,0.4229,Muito alto,2334.74,2416.97
A00219,0.9259,0.2917,0.0418,0.4198,Muito alto,4453.31,11975.28
A00220,1.0,0.1548,0.0467,0.4005,Alto,4974.51,0.0
A00221,0.9259,0.244,0.208,0.4593,Muito alto,22155.89,22656.93
A00222,0.9074,0.5238,0.0537,0.495,Muito alto,5715.28,17417.95
A00223,0.6204,0.3036,0.033,0.319,Baixo,3509.56,15735.15
A00225,0.9537,0.3036,0.0116,0.4229,Muito alto,1230.9,16612.41
A00226,0.9907,0.0595,0.0427,0.3643,Moderado,4547.3,0.0
A00228,0.9259,0.2917,0.1516,0.4564,Muito alto,16145.95,0.0
A00231,0.9815,0.1429,0.0433,0.3892,Alto,4612.0,0.0
A00234,0.9815,0.1012,0.0936,0.3921,Alto,9967.42,0.0
A00235,0.9815,0.5893,0.033,0.5346,Muito alto,3509.71,7611.08
A00236,0.8704,0.1786,0.006,0.3516,Moderado,635.48,0.0
A00237,0.9074,0.1786,0.1174,0.4011,Alto,12502.17,0.0
A00238,0.7778,0.1012,0.0533,0.3108,Baixo,5677.63,31030.09
A00239,0.963,0.1786,0.0182,0.3866,Alto,1938.54,0.0
A00240,0.7222,0.1131,0.0324,0.2892,Baixo,3452.33,19147.45
A00242,0.963,0.1964,0.1447,0.4347,Muito alto,15406.43,6145.62
A00243,0.7963,0.1488,0.0414,0.3288,Baixo,4410.58,0.0
A00244,0.9444,0.0774,0.0321,0.3513,Moderado,3418.98,0.0
A00245,0.9352,0.1964,0.0777,0.4031,Alto,8274.56,0.0
A00246,0.6667,0.2857,0.2095,0.3873,Alto,22305.42,7538.24
A00247,0.8519,0.1607,0.0799,0.3641,Moderado,8506.26,7934.77
A00248,0.8519,0.1607,0.0898,0.3675,Moderado,9567.7,2770.14
A00249,0.9259,0.3155,0.0185,0.42,Muito alto,1968.51,20693.78
A00250,0.4907,0.0357,0.0,0.1755,Baixo,0.0,51807.93
A00251,0.9815,0.2976,0.0427,0.4406,Muito alto,4545.93,7087.57
A00252,0.8796,0.0893,0.0775,0.3488,Moderado,8255.75,0.0
A00253,0.8241,0.0714,0.0133,0.3029,Baixo,1419.13,0.0
A00254,1.0,0.125,0.0035,0.3762,Moderado,371.65,0.0
A00255,0.9444,0.1964,0.0,0.3803,Alto,0.0,0.0
A00256,0.4815,0.2321,0.0168,0.2435,Baixo,1784.48,8596.52
A00258,0.8981,0.1548,0.0444,0.3658,Moderado,4727.68,0.0
A00259,0.9815,0.3631,0.1889,0.5112,Muito alto,20120.48,3129.15
A00260,0.9259,0.1905,0.0298,0.3821,Alto,3177.8,0.0
A00261,0.6759,0.2619,0.0181,0.3187,Baixo,1929.62,13878.88
A00262,0.8148,0.125,0.1758,0.3719,Moderado,18719.32,0.0
A00264,0.9815,0.2857,0.1968,0.488,Muito alto,20953.61,0.0
A00265,0.9444,0.3214,0.1157,0.4605,Muito alto,12320.95,1849.13
A00266,0.9074,0.006,0.0,0.3045,Baixo,0.0,19526.25
A00267,0.963,0.0536,0.0,0.3388,Baixo,0.0,3785.29
A00268,0.8889,0.4583,0.0204,0.4559,Muito alto,2173.01,5464.25
A00269,0.9259,0.119,0.0195,0.3548,Moderado,2075.66,10588.38
A00271,0.9815,0.1905,0.0654,0.4125,Alto,6966.57,10335.01
A00272,0.8981,0.1548,0.0356,0.3628,Moderado,3792.09,8412.13
A00273,0.9722,0.3155,0.1138,0.4672,Muito alto,12117.63,18673.7
A00274,0.8611,0.119,0.0897,0.3566,Moderado,9548.87,0.0
A00275,0.9907,0.119,0.0764,0.3954,Alto,8131.41,0.0
A00278,0.963,0.2857,0.0781,0.4423,Muito alto,8316.62,0.0
A00279,0.8333,0.131,0.1154,0.3599,Moderado,12289.26,56277.7
A00281,0.7963,0.1429,0.194,0.3777,Moderado,20657.75,11715.68
A00282,0.9352,0.2798,0.0145,0.4098,Alto,1542.3,27337.25
A00284,0.8148,0.256,0.1851,0.4186,Alto,19708.69,0.0
A00285,0.8241,0.0298,0.0,0.2846,Baixo,0.0,78268.23
A00286,0.7222,0.0774,0.0365,0.2787,Baixo,3888.63,4378.03
A00288,0.9907,0.0952,0.0,0.362,Moderado,0.0,51172.58
A00289,0.8426,0.3333,0.0896,0.4218,Muito alto,9539.11,13578.37
A00290,0.9907,0.1429,0.0098,0.3811,Alto,1043.33,5470.31
A00291,0.8426,0.1667,0.0167,0.342,Baixo,1781.85,0.0
A00292,0.9815,0.0595,0.0,0.347,Moderado,0.0,17464.98
A00294,0.9722,0.1786,0.0768,0.4092,Alto,8178.18,0.0
A00295,0.8519,0.2321,0.0679,0.384,Alto,7229.92,25124.37
A00297,0.9259,0.2262,0.0619,0.4047,Alto,6591.83,29835.62
A00298,0.9815,0.0952,0.0509,0.3759,Moderado,5418.0,4726.93
A00299,0.9167,0.0893,0.0,0.3353,Baixo,0.0,24467.54
A00300,0.9537,0.3571,0.1292,0.48,Muito alto,13755.48,0.0
A00301,0.8519,0.1488,0.1639,0.3882,Alto,17453.53,28692.47
A00302,0.8333,0.3214,0.2498,0.4682,Muito alto,26605.19,0.0
A00303,0.9907,0.2619,0.0159,0.4228,Muito alto,1693.66,0.0
A00304,0.963,0.244,0.1158,0.4409,Muito alto,12331.84,0.0
A00305,0.8056,0.2024,0.0371,0.3483,Moderado,3948.78,16813.38
A00307,0.8148,0.381,0.1161,0.4373,Muito alto,12358.65,12620.02
A00308,0.9537,0.1548,0.0199,0.3761,Moderado,2118.46,0.0
A00309,1.0,0.2202,0.1477,0.456,Muito alto,15733.36,2685.26
A00310,0.6667,0.1905,0.0157,0.291,Baixo,1674.57,0.0
A00311,0.9722,0.0714,0.0,0.3479,Moderado,0.0,0.0
A00312,0.963,0.2262,0.022,0.4037,Alto,2344.57,1839.71
A00313,0.963,0.2202,0.1279,0.437,Muito alto,13618.61,10193.55
A00314,0.8148,0.4107,0.0288,0.4181,Alto,3063.02,21970.78
A00315,0.9907,0.2202,0.272,0.4943,Muito alto,28963.42,2272.79
A00316,0.9537,0.2143,0.0292,0.3991,Alto,3112.98,21060.23
A00318,0.713,0.0833,0.0,0.2654,Baixo,0.0,0.0
A00319,0.963,0.2381,0.0651,0.4221,Muito alto,6932.74,49747.81
A00320,0.9907,0.1488,0.0776,0.4057,Alto,8260.5,0.0
A00321,0.9259,0.1548,0.0207,0.3671,Moderado,2201.49,0.0
A00324,0.5926,0.1131,0.0095,0.2384,Baixo,1012.99,7172.95
A00325,0.9815,0.1905,0.0,0.3907,Alto,0.0,8659.14
A00326,0.6204,0.3274,0.031,0.3263,Baixo,3301.35,30829.72
A00327,0.9815,0.0774,0.0,0.353,Moderado,0.0,0.0
A00328,0.9815,0.1726,0.0226,0.3922,Alto,2410.83,0.0
A00329,0.9444,0.1607,0.0652,0.3901,Alto,6944.81,0.0
A00330,0.7315,0.2738,0.1095,0.3716,Moderado,11658.08,3833.7
A00331,0.9722,0.2083,0.1297,0.4368,Muito alto,13814.64,0.0
A00333,0.9537,0.0417,0.0,0.3318,Baixo,0.0,34319.96
A00334,0.7222,0.2798,0.3229,0.4416,Muito alto,34384.76,6729.28
A00335,1.0,0.2917,0.0256,0.4391,Muito alto,2730.88,45858.59
A00337,0.963,0.2798,0.048,0.4302,Muito alto,5108.91,4209.83
A00338,0.9259,0.1667,0.0345,0.3757,Moderado,3678.21,10053.75
A00339,0.9167,0.1071,0.0471,0.357,Moderado,5013.54,1073.62
A00340,0.7778,0.119,0.1103,0.3357,Baixo,11750.71,0.0
A00342,0.9074,0.0179,0.0,0.3084,Baixo,0.0,0.0
A00343,0.8981,0.1012,0.0255,0.3416,Baixo,2712.35,46470.89
A00344,1.0,0.1369,0.0675,0.4015,Alto,7183.48,0.0
A00345,0.9815,0.25,0.181,0.4708,Muito alto,19274.51,20857.76
A00346,0.9259,0.0595,0.0072,0.3309,Baixo,772.06,0.0
A00347,0.8796,0.0536,0.1062,0.3465,Baixo,11305.97,0.0
A00348,0.9722,0.3333,0.0568,0.4541,Muito alto,6048.05,0.0
A00350,0.8981,0.1131,0.0828,0.3647,Moderado,8814.22,0.0
A00351,0.9815,0.1845,0.0366,0.4009,Alto,3897.24,3324.6
A00353,0.9907,0.0714,0.0564,0.3729,Moderado,6004.98,0.0
A00354,0.9907,0.2262,0.0609,0.426,Muito alto,6490.24,0.0
A00355,0.7685,0.1726,0.2882,0.4098,Alto,30694.4,41116.51
A00356,0.9537,0.0655,0.039,0.3527,Moderado,4149.51,0.0
A00359,0.9259,0.1369,0.0233,0.362,Moderado,2481.92,0.0
A00360,0.9537,0.3988,0.3008,0.5511,Muito alto,32028.4,0.0
A00361,0.9352,0.1369,0.0244,0.3655,Moderado,2600.47,0.0
A00362,0.9722,0.1726,0.0305,0.3918,Alto,3244.54,9344.98
A00363,0.8056,0.381,0.0169,0.4011,Alto,1799.15,8342.52
A00364,0.9444,0.119,0.054,0.3725,Moderado,5748.18,19047.17
A00365,0.9167,0.2976,0.0252,0.4132,Alto,2683.9,0.0
A00366,0.9259,0.1131,0.0028,0.3473,Moderado,294.45,14374.96
A00367,0.6944,0.1429,0.1397,0.3257,Baixo,14880.4,10276.32
A00368,0.9537,0.2083,0.0231,0.395,Alto,2459.17,9641.63
A00370,0.9537,0.1548,0.1804,0.4296,Muito alto,19208.09,0.0
A00371,0.7963,0.1905,0.0287,0.3385,Baixo,3052.39,53329.5
A00372,0.9815,0.1845,0.1539,0.44,Muito alto,16384.59,0.0
A00373,0.9444,0.0655,0.0337,0.3479,Moderado,3591.87,885.24
A00375,0.8241,0.2143,0.0584,0.3656,Moderado,6218.85,3535.67
A00376,0.6296,0.2262,0.0427,0.2995,Baixo,4548.28,16235.42
A00377,0.537,0.1071,0.0167,0.2203,Baixo,1782.23,0.0
A00379,0.9352,0.2024,0.1995,0.4457,Muito alto,21242.34,28095.94
A00381,0.9167,0.1429,0.0401,0.3666,Moderado,4274.57,20618.08
A00384,0.8241,0.2619,0.014,0.3667,Moderado,1488.99,0.0
A00386,0.8889,0.119,0.0,0.336,Baixo,0.0,0.0
A00388,0.9074,0.1607,0.068,0.3787,Moderado,7243.4,0.0
A00390,0.8241,0.125,0.0,0.3164,Baixo,0.0,10105.86
A00391,0.7778,0.3333,0.0508,0.3873,Alto,5404.98,8799.16
A00393,0.9444,0.2917,0.1075,0.4479,Muito alto,11453.22,0.0
A00394,0.9074,0.4464,0.0251,0.4597,Muito alto,2677.78,12371.53
A00395,0.713,0.1667,0.0207,0.3001,Baixo,2199.57,0.0
A00397,0.8981,0.1131,0.0386,0.3499,Moderado,4106.21,0.0
A00398,0.9722,0.1607,0.0606,0.3978,Alto,6450.91,5433.82
A00399,0.8981,0.131,0.0395,0.3562,Moderado,4205.8,2531.79
A00400,0.6667,0.1369,0.0,0.2679,Baixo,0.0,26274.58
A00401,0.5093,0.2321,0.0427,0.2614,Baixo,4551.71,135.77
A00402,0.75,0.0595,0.0395,0.283,Baixo,4202.51,1796.43
A00403,0.6759,0.0476,0.0593,0.2609,Baixo,6310.37,0.0
A00404,0.8611,0.1429,0.0116,0.3385,Baixo,1232.67,11144.76
A00405,0.9815,0.25,0.0998,0.4438,Muito alto,10632.38,1704.81
A00406,0.6481,0.0179,0.0,0.222,Baixo,0.0,0.0
A00408,0.9907,0.3988,0.0282,0.4726,Muito alto,3003.22,4761.9
A00409,1.0,0.3988,0.0927,0.4972,Muito alto,9870.34,3639.31
A00410,0.6944,0.1012,0.0159,0.2705,Baixo,1688.33,0.0
A00411,0.9722,0.3988,0.0792,0.4834,Muito alto,8437.92,37584.82
A00412,0.9907,0.2857,0.0796,0.452,Muito alto,8472.92,131731.01
A00414,1.0,0.1905,0.0129,0.4011,Alto,1375.43,9946.51
A00416,0.9907,0.375,0.5725,0.6461,Muito alto,60965.24,0.0
A00417,0.8704,0.1905,0.2627,0.4412,Muito alto,27978.54,0.0
A00419,0.9259,0.1131,0.0149,0.3513,Moderado,1586.39,12671.81
A00420,0.9907,0.119,0.1122,0.4073,Alto,11950.22,0.0
A00421,0.8148,0.1429,0.0604,0.3394,Baixo,6430.32,0.0
A00424,0.7037,0.1429,0.0142,0.2869,Baixo,1514.43,0.0
A00425,0.8426,0.2083,0.2068,0.4192,Muito alto,22023.69,6394.4
A00426,0.7963,0.244,0.0983,0.3796,Moderado,10473.44,7830.36
A00427,0.9167,0.0893,0.0346,0.3468,Moderado,3682.23,0.0
A00429,0.8519,0.0833,0.2462,0.3938,Alto,26216.78,0.0
A00430,0.9722,0.3571,0.1091,0.4795,Muito alto,11617.51,0.0
A00431,1.0,0.1071,0.0,0.369,Moderado,0.0,0.0
A00432,0.8796,0.2262,0.1651,0.4236,Muito alto,17584.09,3001.33
A00433,0.9537,0.4762,0.3455,0.5918,Muito alto,36792.51,81576.05
A00435,0.9074,0.119,0.0664,0.3643,Moderado,7069.56,0.0
A00436,0.8241,0.1964,0.0752,0.3652,Moderado,8010.19,8265.24
A00437,0.9722,0.1488,0.0105,0.3772,Moderado,1115.23,0.0
A00438,0.9167,0.0774,0.0354,0.3432,Baixo,3775.07,0.0
A00439,0.8148,0.1726,0.0509,0.3461,Baixo,5421.3,993.55
A00440,0.9537,0.119,0.0049,0.3592,Moderado,522.25,0.0
A00442,0.9815,0.4226,0.0863,0.4968,Muito alto,9189.36,0.0
A00443,0.8241,0.1131,0.0,0.3124,Baixo,0.0,10704.69
A00445,1.0,0.1131,0.0527,0.3886,Alto,5612.63,0.0
A00446,0.9074,0.1905,0.057,0.385,Alto,6068.29,0.0
A00447,0.9907,0.1369,0.0121,0.3799,Alto,1288.61,89208.18
A00449,0.9259,0.0833,0.0107,0.34,Baixo,1135.44,0.0
A00450,0.8426,0.131,0.103,0.3589,Moderado,10970.71,5213.88
A00452,0.9444,0.1548,0.0311,0.3768,Moderado,3308.86,4250.12
A00453,0.9907,0.4107,0.2135,0.5383,Muito alto,22737.54,72231.8
A00454,0.9352,0.1726,0.0513,0.3864,Alto,5465.87,18230.64
A00456,0.8889,0.1369,0.0287,0.3515,Moderado,3059.27,14260.47
A00458,0.9352,0.131,0.0373,0.3678,Moderado,3969.91,0.0
A00459,0.7037,0.3036,0.0245,0.3439,Baixo,2607.89,0.0
A00460,0.7685,0.0298,0.0,0.2661,Baixo,0.0,6717.01
A00461,0.9907,0.1071,0.0337,0.3772,Moderado,3590.77,0.0
A00462,0.8981,0.2024,0.0159,0.3721,Moderado,1694.52,13331.0
A00463,0.9167,0.2738,0.0708,0.4204,Muito alto,7544.52,7208.85
A00464,0.9537,0.3274,0.0824,0.4545,Muito alto,8774.29,2560.41
A00467,0.8426,0.2024,0.086,0.377,Moderado,9163.16,38171.12
A00469,0.9259,0.2321,0.1154,0.4245,Muito alto,12293.3,0.0
A00472,0.9537,0.1429,0.0899,0.3955,Alto,9578.57,47387.09
A00473,0.9907,0.2917,0.1461,0.4762,Muito alto,15555.28,0.0
A00474,0.9907,0.1131,0.0143,0.3727,Moderado,1518.63,0.0
A00475,0.9815,0.1726,0.1661,0.4401,Muito alto,17688.71,0.0
A00476,0.8981,0.1786,0.0171,0.3646,Moderado,1824.17,31007.91
A00477,0.963,0.1607,0.0129,0.3789,Moderado,1371.99,2102.82
A00478,0.8796,0.0179,0.0,0.2992,Baixo,0.0,7156.49
A00480,0.9074,0.0714,0.0909,0.3566,Moderado,9683.5,17936.62
A00481,0.9444,0.131,0.0958,0.3904,Alto,10203.32,0.0
A00483,0.9259,0.3036,0.1364,0.4553,Muito alto,14525.05,0.0
A00484,1.0,0.1964,0.1217,0.4394,Muito alto,12955.62,0.0
A00485,0.8611,0.0833,0.084,0.3428,Baixo,8948.07,55945.97
A00486,0.9259,0.2679,0.0336,0.4091,Alto,3581.75,0.0
A00488,0.9722,0.2619,0.0608,0.4316,Muito alto,6476.44,15813.87
A00489,0.8889,0.2083,0.0182,0.3718,Moderado,1933.51,0.0
A00490,0.9537,0.1786,0.0243,0.3855,Alto,2584.75,47985.28
A00491,0.5185,0.0774,0.0779,0.2246,Baixo,8298.52,15152.46
A00493,0.8611,0.1964,0.0169,0.3581,Moderado,1795.97,18972.52
A00494,0.963,0.1667,0.0273,0.3856,Alto,2902.36,9730.23
A00495,0.6574,0.1071,0.0,0.2549,Baixo,0.0,13461.21
A00497,0.9722,0.2143,0.0316,0.406,Alto,3360.04,1246.14
A00499,0.7685,0.0119,0.0,0.2601,Baixo,0.0,0.0
A00501,0.9815,0.256,0.0213,0.4196,Muito alto,2273.51,10365.72
A00503,0.9352,0.4107,0.0295,0.4585,Muito alto,3144.88,12060.35
A00505,0.787,0.3631,0.266,0.472,Muito alto,28325.67,14016.95
A00506,0.8519,0.0714,0.0425,0.3219,Baixo,4522.85,0.0
A00507,0.9444,0.1012,0.1021,0.3826,Alto,10874.6,0.0
A00509,0.9907,0.3155,0.4533,0.5865,Muito alto,48270.66,5345.35
A00510,0.9352,0.0714,0.05,0.3522,Moderado,5328.15,78186.84
A00513,0.8241,0.1071,0.0064,0.3125,Baixo,680.65,22299.45
A00514,0.6944,0.2024,0.0298,0.3089,Baixo,3175.02,0.0
A00516,0.8796,0.0714,0.0229,0.3247,Baixo,2440.82,15627.01
A00517,0.9815,0.2024,0.0112,0.3984,Alto,1196.84,23840.67
A00519,0.8981,0.2679,0.0775,0.4145,Alto,8252.11,6431.12
A00520,0.8704,0.1369,0.0339,0.347,Moderado,3605.67,0.0
A00523,0.9537,0.131,0.0,0.3616,Moderado,0.0,8645.45
A00525,0.963,0.1786,0.0196,0.387,Alto,2083.15,13859.18
A00526,1.0,0.125,0.1325,0.4192,Muito alto,14109.94,0.0
A00528,0.7685,0.1786,0.0196,0.3222,Baixo,2090.17,6208.8
A00529,0.9537,0.2321,0.0316,0.4058,Alto,3361.54,875.48
A00530,0.7963,0.0893,0.055,0.3135,Baixo,5861.92,0.0
A00531,0.8981,0.2679,0.1274,0.4311,Muito alto,13563.51,11387.35
A00533,0.8704,0.0833,0.0783,0.344,Baixo,8336.45,0.0
A00534,0.9907,0.0833,0.0768,0.3836,Alto,8181.3,0.0
A00535,0.9259,0.1607,0.0083,0.365,Moderado,887.24,14688.7
A00536,0.8611,0.1726,0.0245,0.3527,Moderado,2603.97,31013.29
A00537,0.9074,0.1369,0.0195,0.3546,Moderado,2080.52,22838.17
A00538,0.6019,0.0655,0.012,0.2265,Baixo,1281.14,8542.59
A00539,0.9722,0.0179,0.0,0.33,Baixo,0.0,0.0
A00540,0.7593,0.2024,0.0168,0.3261,Baixo,1789.21,6065.35
A00541,0.9907,0.1429,0.0261,0.3866,Alto,2783.66,2947.98
A00542,0.9444,0.131,0.0955,0.3903,Alto,10165.5,0.0
A00544,0.9815,0.7083,0.082,0.5906,Muito alto,8732.21,23201.68
A00545,0.9444,0.2262,0.0752,0.4153,Alto,8007.8,9139.36
A00547,0.8611,0.119,0.0,0.3267,Baixo,0.0,28781.93
A00548,0.9815,0.1905,0.0512,0.4077,Alto,5453.59,5011.13
A00549,0.8796,0.256,0.0287,0.3881,Alto,3055.45,2948.82
A00551,0.713,0.2917,0.0033,0.336,Baixo,350.3,3152.26
A00553,0.9167,0.1726,0.0287,0.3727,Moderado,3061.64,8748.79
A00556,0.9722,0.2321,0.0407,0.415,Alto,4338.91,3241.11
A00558,0.9722,0.1667,0.0369,0.3919,Alto,3932.56,6205.36
A00560,0.9259,0.1905,0.1033,0.4066,Alto,11000.49,45933.78
A00561,0.9444,0.0893,0.0248,0.3528,Moderado,2640.17,4169.9
A00562,0.9167,0.0952,0.0938,0.3686,Moderado,9985.02,0.0
A00563,0.5926,0.0952,0.0087,0.2322,Baixo,927.18,0.0
A00565,0.9444,0.2202,0.0196,0.3948,Alto,2089.13,4684.2
A00567,0.9074,0.0952,0.0,0.3342,Baixo,0.0,1194.4
A00568,0.9815,0.0952,0.0,0.3589,Moderado,0.0,6197.14
A00569,0.5463,0.0893,0.0,0.2119,Baixo,0.0,15593.4
A00570,0.963,0.119,0.0,0.3607,Moderado,0.0,5759.69
A00571,0.9352,0.0774,0.0,0.3375,Baixo,0.0,0.0
A00572,1.0,0.1726,0.0489,0.4072,Alto,5205.95,0.0
A00574,0.8426,0.1667,0.0182,0.3425,Baixo,1937.52,17159.7
A00576,0.9815,0.1667,0.0,0.3827,Alto,0.0,33191.58
A00577,0.9444,0.256,0.0183,0.4062,Alto,1950.1,0.0
A00580,0.9722,0.1071,0.0,0.3598,Moderado,0.0,0.0
A00581,0.9352,0.1964,0.0121,0.3812,Alto,1289.63,0.0
A00582,0.8796,0.131,0.05,0.3535,Moderado,5326.78,0.0
A00583,0.8056,0.0655,0.0228,0.2979,Baixo,2423.77,45645.7
A00584,0.8148,0.2262,0.1271,0.3894,Alto,13531.27,444.67
A00585,1.0,0.0536,0.0,0.3512,Moderado,0.0,0.0
A00586,0.9167,0.1012,0.0771,0.365,Moderado,8212.19,13329.01
A00587,0.9907,0.1071,0.0868,0.3949,Alto,9248.17,8457.42
A00588,0.8796,0.119,0.1125,0.3704,Moderado,11977.05,3163.42
A00590,0.8704,0.0952,0.0,0.3219,Baixo,0.0,0.0
A00591,0.7778,0.3333,0.1272,0.4128,Alto,13549.68,0.0
A00592,0.8889,0.2381,0.1427,0.4232,Muito alto,15199.9,296486.6
A00594,0.9815,0.3512,0.0242,0.4523,Muito alto,2574.93,31391.29
A00595,0.8704,0.2083,0.0322,0.3703,Moderado,3433.12,0.0
A00600,0.9722,0.2381,0.0,0.4034,Alto,0.0,29855.74
A00602,1.0,0.0774,0.0092,0.3622,Moderado,981.94,30631.3
A00603,0.9259,0.3869,0.0895,0.4674,Muito alto,9526.16,0.0
A00604,0.8519,0.1369,0.0507,0.3465,Moderado,5404.51,3643.93
A00605,0.9352,0.1369,0.0151,0.3624,Moderado,1606.96,0.0
A00610,0.9444,0.1905,0.0361,0.3903,Alto,3847.29,0.0
A00612,0.7407,0.1488,0.1406,0.3434,Baixo,14975.66,9609.8
A00613,0.8241,0.1964,0.0164,0.3456,Baixo,1742.46,83790.77
A00614,0.963,0.2143,0.0551,0.4108,Alto,5862.93,5767.3
A00615,0.8519,0.2321,0.014,0.366,Moderado,1487.99,15363.71
A00616,0.8796,0.1131,0.0279,0.3402,Baixo,2971.08,0.0
A00617,0.9907,0.1845,0.0393,0.4049,Alto,4190.36,9896.87
A00618,0.9259,0.119,0.0561,0.367,Moderado,5975.67,0.0
A00619,0.7407,0.25,0.0173,0.336,Baixo,1842.74,25098.65
A00621,0.9537,0.1071,0.0164,0.3591,Moderado,1741.76,0.0
A00625,0.9074,0.25,0.2294,0.4623,Muito alto,24430.57,7569.13
A00626,0.8611,0.125,0.5405,0.5089,Muito alto,57557.77,0.0
A00627,0.8796,0.369,0.1167,0.4551,Muito alto,12429.61,26497.16
A00629,0.8241,0.1726,0.0169,0.3379,Baixo,1798.51,6808.89
A00630,0.8889,0.1131,0.0638,0.3552,Moderado,6789.96,9823.38
A00631,0.9907,0.256,0.0272,0.4246,Muito alto,2893.85,29440.46
A00632,0.6111,0.3095,0.0368,0.3191,Baixo,3915.28,9225.01
A00633,0.8981,0.1131,0.031,0.3474,Moderado,3297.44,0.0
A00634,0.9167,0.2976,0.0886,0.4343,Muito alto,9431.23,3309.35
A00635,0.9537,0.0655,0.0,0.3397,Baixo,0.0,0.0
A00636,0.7593,0.1369,0.0307,0.309,Baixo,3271.73,9165.33
A00637,0.9722,0.1369,0.0038,0.371,Moderado,405.86,0.0
A00639,0.8611,0.4643,0.0809,0.4688,Muito alto,8617.71,0.0
A00640,0.9259,0.125,0.1695,0.4068,Alto,18049.25,82009.34
A00641,0.9167,0.131,0.0168,0.3548,Moderado,1786.65,5233.35
A00642,0.9259,0.1786,0.1283,0.4109,Alto,13658.59,3169.32
A00643,0.8796,0.1905,0.0051,0.3584,Moderado,546.64,0.0
A00644,0.7315,0.1786,0.0348,0.315,Baixo,3708.3,17951.53
A00646,0.8611,0.0714,0.0437,0.3254,Baixo,4657.15,11924.89
A00647,0.8704,0.256,0.0933,0.4065,Alto,9937.84,6304.6
A00648,0.963,0.4702,0.4141,0.6158,Muito alto,44101.09,46022.66
A00649,0.8519,0.1964,0.0216,0.3566,Moderado,2298.49,0.0
A00651,0.7778,0.2321,0.0635,0.3578,Moderado,6764.57,26596.68
A00652,0.9907,0.256,0.0887,0.4451,Muito alto,9445.28,10477.59
A00653,1.0,0.375,0.0366,0.4705,Muito alto,3898.24,13085.61
A00654,0.963,0.0952,0.0442,0.3675,Moderado,4701.76,1339.2
A00656,0.7963,0.3214,0.0892,0.4023,Alto,9497.27,8883.79
A00660,0.8889,0.2381,0.0084,0.3785,Moderado,893.81,0.0
A00661,0.9259,0.4167,0.0215,0.4547,Muito alto,2293.1,0.0
A00662,0.8889,0.1012,0.0171,0.3357,Baixo,1817.92,0.0
A00663,0.8056,0.1488,0.0467,0.3337,Baixo,4976.45,0.0
A00664,0.9722,0.0655,0.0,0.3459,Baixo,0.0,6565.73
A00666,0.6296,0.0952,0.0569,0.2606,Baixo,6057.77,0.0
A00667,0.8611,0.2083,0.0316,0.367,Moderado,3364.93,0.0
A00669,0.8519,0.4405,0.0802,0.4575,Muito alto,8543.3,1699.8
A00670,0.8704,0.1429,0.0227,0.3453,Baixo,2417.56,2244.14
A00671,0.9722,0.0833,0.3246,0.4601,Muito alto,34572.19,5379.94
A00672,0.9444,0.1548,0.0474,0.3822,Alto,5050.42,8145.83
A00673,0.9259,0.1548,0.0059,0.3622,Moderado,627.0,0.0
A00675,0.7685,0.1726,0.0385,0.3265,Baixo,4099.12,30568.69
A00676,0.9907,0.3095,0.251,0.5171,Muito alto,26726.24,20206.28
A00677,0.9537,0.2738,0.0266,0.418,Alto,2833.61,0.0
A00678,0.9907,0.375,0.1137,0.4932,Muito alto,12110.35,30027.85
A00679,1.0,0.0655,0.024,0.3632,Moderado,2553.64,0.0
A00680,0.9907,0.2024,0.0134,0.4022,Alto,1424.34,8086.85
A00681,0.963,0.0595,0.0,0.3408,Baixo,0.0,6298.72
A00682,0.9815,0.0774,0.0,0.353,Moderado,0.0,0.0
A00683,0.9259,0.1488,0.0314,0.3687,Moderado,3344.88,0.0
A00684,1.0,0.3929,0.019,0.4706,Muito alto,2026.0,0.0
A00685,0.9907,0.2202,0.0634,0.4248,Muito alto,6755.32,0.0
A00686,0.9907,0.1786,0.0354,0.4016,Alto,3772.49,1498.11
A00687,0.8333,0.0238,0.0,0.2857,Baixo,0.0,0.0
A00688,0.9907,0.1905,0.0187,0.4,Alto,1996.42,11253.19
A00690,0.6574,0.1071,0.0124,0.259,Baixo,1325.72,0.0
A00692,0.9259,0.375,0.0632,0.4547,Muito alto,6725.45,72882.77
A00693,0.8056,0.0893,0.3703,0.4217,Muito alto,39431.12,25687.21
A00695,0.9537,0.244,0.1325,0.4434,Muito alto,14107.98,3988.87
A00696,0.9815,0.2738,0.0436,0.433,Muito alto,4647.67,0.0
A00699,0.9907,0.2976,0.0594,0.4492,Muito alto,6323.73,0.0
A00701,0.8981,0.125,0.0315,0.3516,Moderado,3356.52,0.0
A00702,1.0,0.0595,0.0,0.3532,Moderado,0.0,7058.01
A00703,0.8426,0.1071,0.0184,0.3227,Baixo,1955.25,0.0
A00704,0.8056,0.0833,0.0413,0.3101,Baixo,4401.57,56299.63
A00707,0.6481,0.2738,0.1077,0.3432,Baixo,11473.17,0.0
A00708,0.7778,0.256,0.0315,0.3551,Moderado,3350.82,0.0
A00709,0.8704,0.2262,0.3002,0.4656,Muito alto,31964.67,0.0
A00710,1.0,0.1369,0.1905,0.4425,Muito alto,20288.5,5851.89
A00711,0.713,0.25,0.0293,0.3308,Baixo,3122.9,353.7
A00712,0.9537,0.131,0.0131,0.3659,Moderado,1393.63,0.0
A00713,0.8981,0.0357,0.0,0.3113,Baixo,0.0,59279.67
A00714,0.9074,0.125,0.0618,0.3647,Moderado,6577.23,5354.39
A00717,0.9907,0.1429,0.1501,0.4279,Muito alto,15984.94,0.0
A00718,0.9907,0.119,0.045,0.3849,Alto,4795.8,0.0
A00720,0.8704,0.2738,0.0502,0.3981,Alto,5348.8,11927.63
A00721,0.9907,0.2917,0.2132,0.4985,Muito alto,22700.33,0.0
A00722,0.9537,0.1607,0.0099,0.3748,Moderado,1054.05,5199.15
A00723,0.8611,0.1071,0.0206,0.3296,Baixo,2195.71,0.0
A00724,0.6852,0.3214,0.0468,0.3511,Moderado,4979.35,0.0
A00725,0.9352,0.256,0.0722,0.4211,Muito alto,7683.85,0.0
A00726,0.9167,0.125,0.0174,0.353,Moderado,1858.07,13275.16
A00727,0.9907,0.1369,0.0196,0.3824,Alto,2085.62,20971.43
A00728,0.8519,0.1429,0.0134,0.336,Baixo,1430.2,0.0
A00729,0.9722,0.119,0.0592,0.3835,Alto,6304.92,0.0
A00730,0.9907,0.3095,0.1983,0.4995,Muito alto,21119.46,0.0
A00731,0.9815,0.0833,0.0781,0.381,Alto,8321.42,11546.91
A00733,0.8981,0.381,0.0724,0.4505,Muito alto,7712.09,16944.4
A00736,0.9259,0.256,0.0312,0.4044,Alto,3327.83,609.74
A00737,0.9537,0.2024,0.0704,0.4088,Alto,7499.24,0.0
A00738,0.8889,0.125,0.0356,0.3498,Moderado,3790.88,6213.85
A00744,0.5185,0.131,0.0227,0.2241,Baixo,2422.46,32154.83
A00745,0.8148,0.1667,0.0412,0.3409,Baixo,4386.84,0.0
A00747,1.0,0.2083,0.1762,0.4615,Muito alto,18765.81,6421.76
A00749,0.9537,0.1667,0.0404,0.3869,Alto,4307.25,11895.31
A00750,0.8519,0.2798,0.0289,0.3868,Alto,3078.05,2420.97
A00752,0.8889,0.2024,0.1508,0.414,Alto,16057.29,7835.65
A00753,0.9074,0.0833,0.0347,0.3418,Baixo,3691.65,0.0
A00754,0.9167,0.1786,0.1684,0.4212,Muito alto,17937.93,47060.5
A00756,0.3148,0.2143,0.119,0.216,Baixo,12668.71,5668.75
A00758,0.9815,0.2619,0.0814,0.4416,Muito alto,8669.14,7294.72
A00759,0.963,0.2024,0.0616,0.409,Alto,6561.31,16965.69
A00760,0.4167,0.1786,0.0,0.1984,Baixo,0.0,36080.08
A00763,0.8519,0.2381,0.2365,0.4422,Muito alto,25188.27,0.0
A00764,0.8981,0.0417,0.0264,0.3221,Baixo,2816.31,0.0
A00766,0.9074,0.25,0.2238,0.4604,Muito alto,23834.02,36424.07
A00767,0.8889,0.1667,0.1145,0.39,Alto,12198.51,7047.97
A00768,0.9074,0.1548,0.0144,0.3588,Moderado,1528.46,0.0
A00770,0.9074,0.1488,0.0118,0.356,Moderado,1255.26,0.0
A00772,0.9444,0.4405,0.1578,0.5142,Muito alto,16807.02,9793.92
A00773,0.7963,0.0536,0.1047,0.3182,Baixo,11146.85,0.0
A00774,0.6204,0.1667,0.0101,0.2657,Baixo,1070.96,13368.52
A00775,0.9537,0.1012,0.0414,0.3654,Moderado,4413.3,18622.05
A00777,0.9167,0.0595,0.0601,0.3454,Baixo,6400.19,0.0
A00778,0.9074,0.2619,0.0495,0.4063,Alto,5271.73,0.0
A00782,0.8333,0.0655,0.0,0.2996,Baixo,0.0,0.0
A00783,0.9815,0.1488,0.1683,0.4329,Muito alto,17921.81,0.0
A00784,0.9722,0.2619,0.0584,0.4308,Muito alto,6216.53,20259.7
A00785,0.9259,0.3631,0.1639,0.4843,Muito alto,17452.87,659.53
A00788,0.6481,0.0357,0.0,0.228,Baixo,0.0,0.0
A00789,0.9352,0.2321,0.0757,0.4143,Alto,8058.98,8103.45
A00791,0.8611,0.3571,0.0561,0.4248,Muito alto,5979.01,96221.68
A00793,0.9352,0.4107,0.122,0.4893,Muito alto,12994.21,31309.43
A00794,0.8519,0.1012,0.0204,0.3245,Baixo,2168.83,19017.55
A00795,0.963,0.0238,0.0,0.3289,Baixo,0.0,0.0
A00796,0.9815,0.1488,0.0185,0.3829,Alto,1967.67,0.0
A00798,0.9722,0.1369,0.0332,0.3808,Alto,3538.08,0.0
A00799,0.9907,0.3571,0.2413,0.5297,Muito alto,25696.27,37298.94
A00804,0.8704,0.1667,0.1532,0.3967,Alto,16315.61,17765.41
A00805,0.8704,0.2381,0.338,0.4822,Muito alto,35999.38,17184.46
A00807,0.6759,0.125,0.043,0.2813,Baixo,4579.71,0.0
A00809,0.9815,0.2321,0.0812,0.4316,Muito alto,8650.38,0.0
A00810,0.9907,0.0536,0.0,0.3481,Moderado,0.0,0.0
A00811,0.8704,0.1786,0.1506,0.3998,Alto,16037.17,7774.27
A00813,0.8981,0.1786,0.0228,0.3665,Moderado,2433.18,2969.67
A00814,0.9259,0.4464,0.1227,0.4984,Muito alto,13069.46,13648.75
A00815,0.4722,0.2262,0.1395,0.2793,Baixo,14854.65,0.0
A00816,0.9352,0.4048,0.0753,0.4718,Muito alto,8023.43,0.0
A00817,0.8981,0.2619,0.065,0.4084,Alto,6923.69,10680.44
A00819,0.9259,0.0893,0.0241,0.3464,Baixo,2566.21,8282.47
A00820,0.9074,0.0893,0.0,0.3322,Baixo,0.0,13906.68
A00821,0.6389,0.0952,0.1145,0.2829,Baixo,12190.69,22696.47
A00823,0.9259,0.125,0.093,0.3813,Alto,9903.96,14368.22
A00824,0.7778,0.125,0.0227,0.3085,Baixo,2417.14,3135.03
A00825,0.9722,0.4345,0.0256,0.4774,Muito alto,2723.77,11901.17
A00826,0.8241,0.1488,0.0117,0.3282,Baixo,1242.32,0.0
A00830,0.9074,0.1012,0.026,0.3449,Baixo,2767.35,0.0
A00831,1.0,0.0833,0.0333,0.3722,Moderado,3546.8,0.0
A00833,0.8519,0.1607,0.0769,0.3631,Moderado,8185.9,11454.51
A00834,0.8704,0.1369,0.0237,0.3437,Baixo,2528.13,0.0
A00835,0.9259,0.1131,0.029,0.356,Moderado,3090.78,5608.71
A00837,0.9259,0.2024,0.0167,0.3817,Alto,1778.11,8545.19
A00838,0.9907,0.1071,0.1067,0.4015,Alto,11363.05,10763.03
A00839,0.963,0.2262,0.0886,0.4259,Muito alto,9440.07,0.0
A00841,0.7407,0.4107,0.1949,0.4488,Muito alto,20752.8,53833.95
A00843,0.9074,0.506,0.0357,0.483,Muito alto,3797.58,962.52
A00844,0.9722,0.1964,0.0292,0.3993,Alto,3110.93,5123.2
A00845,0.9907,0.0357,0.0,0.3422,Baixo,0.0,0.0
A00846,0.963,0.2024,0.0333,0.3996,Alto,3549.21,1152.84
A00848,0.963,0.3155,0.017,0.4318,Muito alto,1812.37,5645.68
A00850,0.9444,0.0833,0.0393,0.3557,Moderado,4184.03,0.0
A00851,0.6481,0.1548,0.0185,0.2738,Baixo,1974.26,0.0
A00852,1.0,0.1607,0.0089,0.3899,Alto,945.91,3429.28
A00853,0.8333,0.5119,0.176,0.5071,Muito alto,18746.89,0.0
A00854,0.8056,0.1726,0.078,0.352,Moderado,8303.72,2842.77
A00857,0.7778,0.375,0.1361,0.4296,Muito alto,14497.15,8435.46
A00859,0.9907,0.3155,0.1152,0.4738,Muito alto,12271.06,0.0
A00860,0.8519,0.0833,0.3923,0.4425,Muito alto,41777.78,6999.71
A00861,0.963,0.1786,0.1975,0.4463,Muito alto,21029.95,2505.72
A00862,0.9167,0.1369,0.0067,0.3534,Moderado,711.43,129441.93
A00863,0.7685,0.0476,0.0,0.272,Baixo,0.0,0.0
A00864,0.9167,0.2024,0.0077,0.3756,Moderado,824.26,32970.22
A00867,0.6852,0.1131,0.1188,0.3057,Baixo,12653.06,3619.16
A00869,0.963,0.0476,0.0,0.3369,Baixo,0.0,0.0
A00870,0.75,0.0774,0.0247,0.284,Baixo,2630.5,0.0
A00871,0.9722,0.1786,0.0354,0.3954,Alto,3768.58,2783.56
A00872,0.8889,0.4286,0.2754,0.531,Muito alto,29331.62,4604.35
A00873,0.9259,0.2202,0.0272,0.3911,Alto,2900.6,18030.57
A00874,0.9722,0.0357,0.0,0.336,Baixo,0.0,8976.31
A00875,0.9444,0.1726,0.0344,0.3838,Alto,3663.13,0.0
A00877,0.713,0.2679,0.0048,0.3285,Baixo,511.75,158790.88
A00879,0.8519,0.1131,0.014,0.3263,Baixo,1486.48,5569.1
A00880,0.9167,0.0833,0.1204,0.3735,Moderado,12817.55,4493.42
A00881,0.9537,0.1548,0.0345,0.381,Alto,3670.15,0.0
A00882,0.9259,0.0774,0.0,0.3344,Baixo,0.0,0.0
A00885,0.8889,0.1607,0.0838,0.3778,Moderado,8929.29,4932.25
A00886,0.9259,0.244,0.1736,0.4479,Muito alto,18486.31,2405.41
A00887,1.0,0.2083,0.0206,0.4097,Alto,2197.74,0.0
A00889,0.8796,0.1905,0.0195,0.3632,Moderado,2071.73,0.0
A00890,0.9722,0.1964,0.0139,0.3942,Alto,1480.9,0.0
A00892,0.7778,0.0714,0.0,0.2831,Baixo,0.0,2050.3
A00893,0.8704,0.2917,0.0952,0.4191,Alto,10136.93,5119.26
A00894,0.8426,0.1071,0.0233,0.3243,Baixo,2476.26,16523.85
A00895,0.8333,0.3333,0.2382,0.4683,Muito alto,25371.85,0.0
A00896,0.9444,0.1726,0.0199,0.379,Moderado,2118.69,0.0
A00897,0.8426,0.1964,0.0651,0.368,Moderado,6927.51,11383.12
A00898,1.0,0.1071,0.0507,0.386,Alto,5400.28,21779.04
A00899,0.6296,0.0774,0.0286,0.2452,Baixo,3046.25,4806.12
A00900,0.8796,0.0893,0.0057,0.3249,Baixo,605.96,6656.26
A00901,0.9722,0.1607,0.0356,0.3895,Alto,3789.89,172854.23
A00904,0.8981,0.2321,0.1617,0.4306,Muito alto,17215.02,5378.28
A00905,0.9907,0.2083,0.3276,0.5089,Muito alto,34887.42,0.0
A00906,0.9352,0.0893,0.0876,0.3707,Moderado,9333.35,0.0
A00908,0.9907,0.1012,0.0705,0.3875,Alto,7505.99,0.0
A00909,0.9444,0.25,0.2364,0.4769,Muito alto,25174.49,30260.71
A00910,0.9259,0.0952,0.0457,0.3556,Moderado,4870.98,0.0
A00911,0.8148,0.0952,0.053,0.321,Baixo,5639.26,17287.05
A00913,0.9074,0.2381,0.0126,0.386,Alto,1345.47,82414.11
A00914,0.8704,0.2917,0.0524,0.4048,Alto,5578.48,3101.55
A00915,0.6111,0.1488,0.1576,0.3058,Baixo,16778.85,0.0
A00916,0.8519,0.1012,0.012,0.3217,Baixo,1280.98,5885.95
A00919,0.9722,0.244,0.0926,0.4363,Muito alto,9864.69,30561.52
A00920,0.9815,0.2321,0.0351,0.4162,Alto,3733.46,27698.9
A00921,0.9815,0.2857,0.6987,0.6553,Muito alto,74403.48,6937.74
A00923,0.9537,0.1548,0.035,0.3812,Alto,3730.2,5050.23
A00924,0.8704,0.2857,0.0052,0.3871,Alto,548.93,30754.22
A00925,0.787,0.1845,0.2017,0.3911,Alto,21481.72,0.0
A00926,0.8333,0.1845,0.0242,0.3473,Moderado,2575.62,0.0
A00927,1.0,0.2143,0.1214,0.4452,Muito alto,12924.45,17625.27
A00929,0.8241,0.0952,0.0086,0.3093,Baixo,916.23,6046.76
A00930,0.7593,0.1667,0.0109,0.3123,Baixo,1159.29,0.0
A00931,0.8981,0.3512,0.0238,0.4244,Muito alto,2535.5,38005.09
A00932,0.963,0.2321,0.0682,0.4211,Muito alto,7267.47,0.0
A00933,0.9537,0.0833,0.0188,0.352,Moderado,2003.59,54509.71
A00934,0.537,0.3214,0.1772,0.3452,Baixo,18875.64,0.0
A00935,0.9444,0.0774,0.0367,0.3528,Moderado,3904.29,0.0
A00937,0.8519,0.3333,0.0204,0.4019,Alto,2175.93,1105.41
A00938,0.9167,0.3631,0.0161,0.432,Muito alto,1714.22,4998.99
A00939,0.8056,0.0238,0.0,0.2765,Baixo,0.0,2811.14
A00940,0.9074,0.0298,0.0,0.3124,Baixo,0.0,0.0
A00941,0.8148,0.1488,0.0,0.3212,Baixo,0.0,0.0
A00942,0.9444,0.1071,0.0,0.3505,Moderado,0.0,793.17
A00943,1.0,0.1726,0.013,0.3952,Alto,1380.81,2362.12
A00945,0.9907,0.1607,0.0567,0.4027,Alto,6037.22,0.0
A00946,0.7963,0.1964,0.0274,0.34,Baixo,2913.63,0.0
A00947,0.787,0.1488,0.0187,0.3182,Baixo,1995.61,0.0
A00948,0.9167,0.256,0.0687,0.4138,Alto,7311.46,0.0
A00949,0.8889,0.2202,0.0648,0.3913,Alto,6896.22,6638.16
A00950,0.8796,0.2143,0.0718,0.3886,Alto,7642.82,7307.45
A00951,0.9907,0.006,0.0,0.3322,Baixo,0.0,10147.83
A00952,0.8796,0.2976,0.0541,0.4105,Alto,5763.42,120480.97
A00953,0.9815,0.0893,0.1007,0.3905,Alto,10723.2,0.0
A00954,0.75,0.1429,0.0839,0.3256,Baixo,8939.22,25437.2
A00955,1.0,0.2738,0.0561,0.4433,Muito alto,5978.06,0.0
A00956,0.9722,0.1845,0.0342,0.397,Alto,3637.34,5759.61
A00957,0.713,0.0714,0.0,0.2615,Baixo,0.0,73612.67
A00958,0.8704,0.4702,0.1438,0.4948,Muito alto,15311.24,7760.08
A00959,0.9722,0.2143,0.0156,0.4007,Alto,1663.39,11423.63
A00962,0.9815,0.2083,0.0387,0.4095,Alto,4117.36,0.0
A00964,0.7407,0.1488,0.024,0.3045,Baixo,2557.59,14555.17
A00965,0.8889,0.1845,0.0305,0.368,Moderado,3244.63,0.0
A00966,0.9259,0.1071,0.0,0.3444,Baixo,0.0,0.0
A00968,0.7315,0.1429,0.0297,0.3014,Baixo,3167.34,22001.85
A00969,0.9167,0.1786,0.2162,0.4371,Muito alto,23019.15,15177.17
A00973,0.8889,0.1369,0.0834,0.3697,Moderado,8885.2,168673.96
A00974,0.9352,0.2857,0.0927,0.4379,Muito alto,9868.26,0.0
A00975,0.9907,0.494,0.0956,0.5268,Muito alto,10185.1,11105.04
A00976,0.963,0.2738,0.011,0.4159,Alto,1167.25,5229.89
A00977,0.6296,0.2202,0.0392,0.2964,Baixo,4177.65,2208.33
A00978,0.9815,0.4226,0.2083,0.5375,Muito alto,22183.97,0.0
A00979,0.9815,0.1369,0.1746,0.431,Muito alto,18595.18,0.0
A00980,0.963,0.1012,0.0182,0.3608,Moderado,1935.83,11838.7
A00981,0.9907,0.2083,0.1314,0.4435,Muito alto,13991.08,0.0
A00982,0.9907,0.2083,0.1179,0.439,Muito alto,12551.87,3459.98
A00983,0.8704,0.0893,0.1324,0.364,Moderado,14095.19,55839.57
A00984,0.4074,0.1071,0.0544,0.1896,Baixo,5791.38,0.0
A00985,0.7593,0.1667,0.0453,0.3237,Baixo,4825.09,0.0
A00986,0.8981,0.1131,0.0358,0.349,Moderado,3812.38,0.0
A00988,0.9444,0.0595,0.0214,0.3418,Baixo,2283.49,0.0
A00989,1.0,0.1667,0.1169,0.4278,Muito alto,12445.64,19008.71
A00990,1.0,0.2738,0.0869,0.4536,Muito alto,9258.39,0.0
A00991,0.9444,0.3274,0.1464,0.4727,Muito alto,15588.49,14938.38
A00992,0.9907,0.3036,0.056,0.4501,Muito alto,5958.68,0.0
A00994,0.9907,0.1786,0.008,0.3924,Alto,853.39,6521.96
A00995,0.963,0.1548,0.14,0.4192,Muito alto,14910.24,0.0
A00996,0.8981,0.0893,0.0222,0.3365,Baixo,2365.81,20924.97
A00997,0.8056,0.3095,0.1774,0.4308,Muito alto,18895.02,2411.75
A00998,0.9444,0.1667,0.1289,0.4133,Alto,13722.85,0.0
A00999,1.0,0.0298,0.1153,0.3817,Alto,12282.51,0.0
A01001,0.9259,0.1786,0.1413,0.4153,Alto,15047.9,10825.77
A01002,0.8889,0.0476,0.0,0.3122,Baixo,0.0,4230.4
A01004,0.6852,0.1429,0.1548,0.3276,Baixo,16489.69,80391.77
A01005,0.9907,0.1607,0.052,0.4011,Alto,5535.67,826.42
A01006,0.9444,0.2262,0.0809,0.4172,Alto,8613.47,53296.21
A01007,0.75,0.1726,0.033,0.3185,Baixo,3510.71,0.0
A01008,0.8519,0.3869,0.1104,0.4497,Muito alto,11761.56,87863.21
A01009,0.9259,0.2143,0.0829,0.4077,Alto,8831.79,14509.53
A01011,0.8889,0.1369,0.0374,0.3544,Moderado,3984.87,6224.02
A01012,0.9352,0.131,0.0603,0.3755,Moderado,6420.77,0.0
A01013,0.5,0.5238,0.1325,0.3855,Alto,14114.95,5231.92
A01014,0.8426,0.1726,0.0307,0.3486,Moderado,3266.86,26369.35
A01016,0.963,0.1369,0.0956,0.3985,Alto,10185.11,0.0
A01017,0.787,0.2024,0.1239,0.3711,Moderado,13193.58,51725.26
A01018,0.9352,0.244,0.2171,0.4654,Muito alto,23115.82,18451.4
A01021,0.8056,0.3274,0.0984,0.4104,Alto,10478.29,0.0
A01024,0.9259,0.1012,0.0139,0.347,Moderado,1477.99,4036.05
A01025,0.9907,0.1726,0.0189,0.3941,Alto,2016.65,6838.82
A01026,0.8981,0.1786,0.0753,0.384,Alto,8022.59,0.0
A01028,0.9815,0.0833,0.0,0.3549,Moderado,0.0,2980.45
A01029,1.0,0.25,0.0349,0.4283,Muito alto,3716.22,26827.84
A01030,0.6296,0.1369,0.0213,0.2626,Baixo,2264.83,0.0
A01031,0.9074,0.0298,0.0,0.3124,Baixo,0.0,542.34
A01033,0.9444,0.3095,0.0419,0.432,Muito alto,4460.98,1728.63
A01034,0.8704,0.4048,0.027,0.434,Muito alto,2871.12,5503.84
A01036,0.7593,0.1548,0.123,0.3457,Baixo,13094.9,14364.22
A01037,0.9259,0.5476,0.0692,0.5143,Muito alto,7370.71,2699.83
A01039,0.8241,0.2024,0.0982,0.3749,Moderado,10462.38,48705.94
A01040,0.8426,0.1964,0.2574,0.4321,Muito alto,27410.68,15983.15
A01042,0.9259,0.2619,0.0293,0.4057,Alto,3121.43,0.0
A01043,0.6944,0.3095,0.1172,0.3737,Moderado,12485.48,0.0
A01044,0.9722,0.3512,0.735,0.6861,Muito alto,78275.96,17396.1
A01045,0.8981,0.125,0.0381,0.3538,Moderado,4061.67,1731.46
A01046,0.7593,0.2143,0.0615,0.345,Baixo,6552.93,0.0
A01047,0.8148,0.1845,0.0561,0.3518,Moderado,5976.93,32703.77
A01048,0.8519,0.2679,0.0158,0.3785,Moderado,1677.71,0.0
A01049,0.8333,0.1964,0.0251,0.3516,Moderado,2671.91,0.0
A01050,0.8981,0.1369,0.0245,0.3532,Moderado,2605.99,36720.84
A01051,0.9722,0.0655,0.0431,0.3603,Moderado,4593.72,5602.97
A01052,0.9907,0.0893,0.0102,0.3634,Moderado,1086.82,5817.71
A01054,0.8981,0.5179,0.1374,0.5178,Muito alto,14637.07,0.0
A01056,0.9815,0.3214,0.0187,0.4405,Muito alto,1995.5,0.0
A01058,0.9815,0.2143,0.0483,0.4147,Alto,5148.53,5998.87
A01060,0.9722,0.375,0.1089,0.4854,Muito alto,11594.93,0.0
A01061,0.9167,1.0,0.1718,0.6962,Muito alto,18297.21,6174.21
A01063,0.9074,0.0833,0.0541,0.3483,Moderado,5763.31,0.0
A01064,0.8611,0.1726,0.0244,0.3527,Moderado,2594.58,0.0
A01065,0.9907,0.1071,0.0106,0.3695,Moderado,1128.28,33408.44
A01066,0.8889,0.0179,0.0,0.3022,Baixo,0.0,0.0
A01068,0.7963,0.0595,0.0,0.2853,Baixo,0.0,7154.47
A01069,0.9352,0.0774,0.0726,0.3617,Moderado,7728.01,10734.12
A01070,0.6852,0.1071,0.0825,0.2916,Baixo,8783.53,5746.22
A01071,0.9352,0.256,0.0278,0.4063,Alto,2961.8,3903.53
A01072,0.9815,0.1726,0.2922,0.4821,Muito alto,31113.15,5515.84
A01073,0.7778,0.1786,0.0282,0.3282,Baixo,3001.01,6377.72
A01074,0.9352,0.131,0.0126,0.3596,Moderado,1339.14,5155.26
A01075,0.963,0.131,0.0211,0.3717,Moderado,2248.02,14343.68
A01081,0.9259,0.0476,0.0,0.3245,Baixo,0.0,0.0
A01083,0.8889,0.0536,0.0132,0.3185,Baixo,1401.49,0.0
A01084,0.6759,0.1488,0.1285,0.3177,Baixo,13681.88,18268.24
A01085,0.787,0.0952,0.2585,0.3802,Alto,27524.25,0.0
A01086,0.9907,0.2083,0.0067,0.4019,Alto,709.43,0.0
A01087,0.6481,0.1726,0.0712,0.2973,Baixo,7579.48,56080.09
A01088,0.8981,0.1429,0.0353,0.3588,Moderado,3763.25,5605.04
A01089,0.9537,0.1786,0.0186,0.3836,Alto,1978.89,0.0
A01090,0.7778,0.119,0.1056,0.3341,Baixo,11245.3,10636.21
A01092,0.9815,0.3095,0.3473,0.5461,Muito alto,36980.52,0.0
A01094,0.787,0.1131,0.0502,0.3168,Baixo,5349.29,0.0
A01096,0.963,0.125,0.0,0.3627,Moderado,0.0,13556.09
A01097,0.9537,0.2321,0.0185,0.4015,Alto,1971.04,0.0
A01098,0.8981,0.506,0.2284,0.5442,Muito alto,24324.86,480.59
A01099,0.9074,0.4405,0.2061,0.518,Muito alto,21947.19,2356.64
A01100,0.8796,0.2738,0.0936,0.4157,Alto,9965.95,16250.44
A01101,0.8796,0.119,0.0449,0.3479,Moderado,4786.18,0.0
A01102,0.9722,0.1429,0.0945,0.4032,Alto,10068.48,15151.3
A01103,0.8796,0.2202,0.1053,0.4017,Alto,11208.66,0.0
A01104,0.9722,0.1667,0.0673,0.4021,Alto,7168.93,47382.72
A01105,0.9907,0.4821,0.2505,0.5745,Muito alto,26681.25,0.0
A01108,0.9907,0.0417,0.0187,0.3504,Moderado,1989.41,817.84
A01110,0.963,0.4048,0.0493,0.4724,Muito alto,5255.01,0.0
A01111,0.8148,0.7381,0.1554,0.5694,Muito alto,16552.98,14097.95
A01112,0.9074,0.0714,0.0435,0.3408,Baixo,4637.51,2003.28
A01113,0.787,0.1845,0.0938,0.3551,Moderado,9987.45,0.0
A01117,0.9259,0.0774,0.0551,0.3528,Moderado,5873.09,0.0
A01118,0.9444,0.2024,0.0329,0.3933,Alto,3506.64,3996.08
A01121,0.8611,0.1726,0.0547,0.3628,Moderado,5827.23,0.0
A01123,0.9444,0.2262,0.016,0.3955,Alto,1704.39,8363.72
A01124,0.9074,0.3631,0.1797,0.4834,Muito alto,19133.53,16672.69
A01125,0.9815,0.2143,0.0237,0.4065,Alto,2525.47,13162.42
A01126,0.8426,0.3393,0.1354,0.4391,Muito alto,14422.68,0.0
A01128,0.8333,0.0714,0.0211,0.3086,Baixo,2247.24,0.0
A01129,0.8704,0.2619,0.191,0.4411,Muito alto,20339.31,1737.6
A01130,0.963,0.1726,0.1218,0.4191,Muito alto,12970.51,0.0
A01131,0.9722,0.381,0.0772,0.4768,Muito alto,8222.11,0.0
A01132,0.9722,0.1548,0.0091,0.3787,Moderado,964.43,23184.28
A01134,0.9722,0.1726,0.0871,0.4106,Alto,9275.43,11303.83
A01135,0.9815,0.0893,0.0,0.3569,Moderado,0.0,0.0
A01136,0.9907,0.1607,0.054,0.4018,Alto,5749.7,6738.24
A01137,0.7593,0.125,0.0483,0.3109,Baixo,5144.03,16100.37
A01138,0.8426,0.0417,0.0,0.2948,Baixo,0.0,0.0
A01139,0.9537,0.5119,0.3697,0.6118,Muito alto,39371.24,3723.22
A01140,0.8981,0.2262,0.1081,0.4108,Alto,11517.06,0.0
A01141,0.6019,0.3631,0.1425,0.3691,Moderado,15170.58,33667.98
A01143,0.6574,0.2202,0.0136,0.2971,Baixo,1445.45,0.0
A01145,0.9537,0.0833,0.0541,0.3637,Moderado,5762.94,34660.93
A01147,0.9074,0.131,0.0306,0.3563,Moderado,3254.82,0.0
A01148,0.9444,0.0893,0.0124,0.3487,Moderado,1325.42,7816.32
A01149,0.8519,0.0833,0.0,0.3117,Baixo,0.0,0.0
A01151,0.9444,0.0238,0.0,0.3228,Baixo,0.0,0.0
A01152,0.8611,0.2143,0.1576,0.411,Alto,16778.47,8508.01
A01153,0.9074,0.0774,0.0322,0.339,Baixo,3430.92,0.0
A01154,0.8241,0.1786,0.0184,0.3403,Baixo,1956.78,3107.85
A01155,0.9537,0.25,0.2336,0.4791,Muito alto,24872.75,0.0
A01156,0.9537,0.2262,0.0479,0.4093,Alto,5099.44,6038.94
A01157,0.9352,0.5179,0.0198,0.4909,Muito alto,2108.37,0.0
A01160,0.8519,0.3214,0.6068,0.5934,Muito alto,64625.83,54795.15
A01161,0.9074,0.1905,0.0846,0.3942,Alto,9010.14,0.0
A01162,0.9722,0.0833,0.016,0.3572,Moderado,1705.87,3692.43
A01163,0.8889,0.381,0.0119,0.4273,Muito alto,1270.64,7154.29
A01164,0.787,0.4167,0.0412,0.415,Alto,4385.93,3790.02
A01165,0.8889,0.1071,0.0195,0.3385,Baixo,2074.69,8654.52
A01166,0.9722,0.1726,0.025,0.3899,Alto,2660.57,8213.88
A01167,0.8796,0.3512,0.0192,0.4167,Alto,2045.91,8976.15
A01168,0.963,0.119,0.0622,0.3814,Alto,6623.96,72701.01
A01169,0.9074,0.131,0.0126,0.3503,Moderado,1341.73,0.0
A01170,0.9167,0.1488,0.0245,0.3633,Moderado,2610.79,4019.58
A01171,0.9537,0.125,0.351,0.4766,Muito alto,37376.65,117078.32
A01173,1.0,0.0774,0.028,0.3685,Moderado,2979.41,0.0
A01175,0.8241,0.1845,0.0747,0.3611,Moderado,7950.39,7191.72
A01178,0.8704,0.381,0.0176,0.423,Muito alto,1879.01,0.0
A01179,0.8981,0.2738,0.1039,0.4253,Muito alto,11062.03,4755.23
A01180,0.963,0.119,0.014,0.3653,Moderado,1487.65,15648.7
A01182,0.7222,0.375,0.0585,0.3852,Alto,6225.3,0.0
A01183,0.9907,0.8512,0.105,0.649,Muito alto,11178.98,0.0
A01184,0.9722,0.1726,0.0535,0.3995,Alto,5699.08,25667.8
A01186,0.9352,0.0893,0.0,0.3415,Baixo,0.0,15461.7
A01187,0.9537,0.1131,0.0231,0.3633,Moderado,2462.98,32844.58
A01188,0.7593,0.1905,0.0889,0.3462,Baixo,9468.77,155384.18
A01189,0.963,0.1607,0.038,0.3872,Alto,4042.56,0.0
A01190,0.8426,0.1964,0.1518,0.3969,Alto,16164.17,4143.23
A01191,0.9815,0.1429,0.1378,0.4207,Muito alto,14677.42,0.0
A01193,0.9259,0.2738,0.0185,0.4061,Alto,1965.41,6497.29
A01194,0.9074,0.4405,0.0583,0.4687,Muito alto,6211.68,13956.31
A01196,1.0,0.0833,0.0203,0.3679,Moderado,2159.8,0.0
A01197,0.75,0.244,0.055,0.3497,Moderado,5854.55,0.0
A01198,0.7593,0.1131,0.0298,0.3007,Baixo,3168.61,112950.77
A01199,0.9722,0.1548,0.0111,0.3793,Moderado,1177.44,10268.37
A01200,0.9722,0.1845,0.0603,0.4057,Alto,6416.39,0.0
A01202,0.8611,0.2262,0.013,0.3668,Moderado,1381.83,13745.98
A01203,0.8981,0.1964,0.0282,0.3742,Moderado,2997.82,5283.1
A01204,0.8611,0.4405,0.2479,0.5165,Muito alto,26396.06,15949.96
A01206,0.9907,0.1905,0.1213,0.4342,Muito alto,12917.01,7868.87
A01208,0.9722,0.131,0.0345,0.3792,Moderado,3670.79,36848.32
A01209,0.8889,0.2619,0.0314,0.3941,Alto,3345.18,0.0
A01211,0.9815,0.131,0.0149,0.3758,Moderado,1590.56,3028.89
A01212,0.9907,0.1369,0.378,0.5019,Muito alto,40251.67,10187.76
A01213,0.9444,0.0357,0.0,0.3267,Baixo,0.0,90864.35
A01214,0.7593,0.2798,0.0667,0.3686,Moderado,7100.19,4063.19
A01215,0.7685,0.1667,0.0,0.3117,Baixo,0.0,0.0
A01217,0.8426,0.0595,0.0203,0.3075,Baixo,2166.01,5532.45
A01218,0.7593,0.1131,0.1983,0.3569,Moderado,21122.33,8589.16
A01219,0.9907,0.1964,0.0359,0.4077,Alto,3825.27,3557.66
A01220,0.9074,0.2619,0.0083,0.3925,Alto,886.46,2578.18
A01221,0.9074,0.1548,0.0822,0.3815,Alto,8756.2,4366.08
A01222,0.963,0.1845,0.0122,0.3866,Alto,1297.25,0.0
A01223,0.9537,0.3036,0.2281,0.4951,Muito alto,24289.73,6301.21
A01224,0.9537,0.2262,0.0207,0.4002,Alto,2201.64,40041.75
A01225,0.963,0.2917,0.0222,0.4256,Muito alto,2360.3,0.0
A01227,0.8426,0.3155,0.0665,0.4082,Alto,7083.69,24650.71
A01228,0.8704,0.3214,0.0165,0.4028,Alto,1761.61,10105.55
A01229,0.9907,0.2798,0.0875,0.4527,Muito alto,9315.2,0.0
A01231,0.8981,0.3393,0.1499,0.4625,Muito alto,15965.23,32877.78
A01232,0.8426,0.2143,0.0944,0.3838,Alto,10054.63,8622.46
A01233,0.7685,0.1667,0.0197,0.3183,Baixo,2099.85,3508.8
A01235,0.7778,0.2202,0.0282,0.3421,Baixo,3001.25,4198.33
A01236,0.9074,0.2917,0.0301,0.4097,Alto,3201.27,0.0
A01237,0.9352,0.0714,0.021,0.3425,Baixo,2238.15,0.0
A01238,0.8148,0.1488,0.0642,0.3426,Baixo,6841.19,0.0
A01239,0.9907,0.1131,0.0196,0.3745,Moderado,2089.88,34300.37
A01240,0.9907,0.125,0.0255,0.3804,Alto,2716.09,0.0
A01242,0.9722,0.1131,0.0483,0.3779,Moderado,5138.7,0.0
A01243,0.4907,0.1667,0.0371,0.2315,Baixo,3951.63,0.0
A01244,0.8981,0.0833,0.0533,0.3449,Baixo,5679.79,0.0
A01245,0.8981,0.1667,0.0137,0.3595,Moderado,1460.15,0.0
A01246,0.9815,0.2976,0.2006,0.4932,Muito alto,21364.33,23511.99
A01247,0.8148,0.0357,0.0362,0.2956,Baixo,3859.64,0.0
A01248,0.787,0.0536,0.0248,0.2885,Baixo,2638.03,3403.59
A01249,0.8889,0.1786,0.0387,0.3687,Moderado,4124.64,0.0
A01250,0.8889,0.125,0.0898,0.3679,Moderado,9563.5,6135.88
A01251,0.9259,0.2262,0.019,0.3904,Alto,2021.39,24313.65
A01254,0.6296,0.131,0.1585,0.3064,Baixo,16876.56,3070.76
A01256,0.963,0.3214,0.0402,0.4415,Muito alto,4281.24,8133.14
A01257,0.8241,0.125,0.0748,0.3413,Baixo,7963.4,3264.89
A01258,0.8148,0.1429,0.0197,0.3258,Baixo,2100.97,0.0
A01259,0.787,0.131,0.072,0.33,Baixo,7669.29,0.0
A01260,0.9907,0.0774,0.0455,0.3712,Moderado,4843.4,39242.56
A01262,0.7037,0.0536,0.0,0.2524,Baixo,0.0,0.0
A01263,0.5833,0.119,0.0505,0.251,Baixo,5379.88,21333.24
A01265,0.6574,0.256,0.1428,0.3521,Moderado,15209.37,24333.04
A01266,0.9907,0.0298,0.0,0.3402,Baixo,0.0,64502.43
A01267,0.9907,0.5119,0.2212,0.5746,Muito alto,23553.93,2498.04
A01268,0.7315,0.2024,0.0411,0.325,Baixo,4376.31,0.0
A01270,0.8148,0.1845,0.1073,0.3689,Moderado,11430.67,0.0
A01272,0.963,0.0655,0.0,0.3428,Baixo,0.0,19204.09
A01273,0.963,0.2321,0.0188,0.4046,Alto,2003.52,0.0
A01275,0.8796,0.2381,0.0347,0.3841,Alto,3696.7,29374.22
A01276,0.9444,0.1488,0.0596,0.3843,Alto,6345.87,0.0
A01278,0.8981,0.4405,0.0638,0.4675,Muito alto,6790.5,0.0
A01279,0.7963,0.2321,0.2584,0.4289,Muito alto,27516.89,19529.67
A01280,0.9907,0.2143,0.454,0.553,Muito alto,48343.88,0.0
A01282,0.9444,0.3988,0.0311,0.4581,Muito alto,3311.91,88068.27
A01285,0.8889,0.3333,0.1113,0.4445,Muito alto,11849.86,60234.08
A01286,0.9815,0.0298,0.0,0.3371,Baixo,0.0,16467.87
A01288,0.9907,0.1369,0.0219,0.3832,Alto,2334.06,0.0
A01289,0.8981,0.1667,0.0961,0.387,Alto,10239.38,3106.07
A01290,0.6852,0.2202,0.008,0.3045,Baixo,856.75,0.0
A01291,0.9167,0.0952,0.0255,0.3458,Baixo,2712.76,16178.32
A01292,0.7222,0.1845,0.0534,0.3201,Baixo,5690.48,11580.64
A01294,0.8981,0.2798,0.1899,0.456,Muito alto,20228.48,0.0
A01295,0.6944,0.0833,0.0228,0.2669,Baixo,2432.43,17887.56
A01296,0.787,0.2262,0.0253,0.3462,Baixo,2695.75,1611.59
A01298,0.3796,0.0536,0.0471,0.1601,Baixo,5014.23,0.0
A01299,0.9815,0.1667,0.5143,0.5541,Muito alto,54768.39,0.0
A01302,0.8796,0.1905,0.0399,0.37,Moderado,4245.19,11872.57
A01303,0.9352,0.119,0.0351,0.3631,Moderado,3740.52,10128.31
A01304,0.7963,0.1369,0.0074,0.3135,Baixo,784.73,0.0
A01305,0.7778,0.2262,0.0246,0.3429,Baixo,2622.65,7768.71
A01309,0.8056,0.2976,0.3405,0.4812,Muito alto,36266.03,0.0
A01311,0.8611,0.125,0.0162,0.3341,Baixo,1729.78,0.0
A01312,0.9259,0.0952,0.0208,0.3473,Moderado,2216.13,0.0
A01314,0.8981,0.119,0.0385,0.3519,Moderado,4100.0,13816.1
A01315,0.9815,0.0833,0.0,0.3549,Moderado,0.0,5730.37
A01316,0.9444,0.4643,0.0312,0.48,Muito alto,3322.51,0.0
A01317,0.7593,0.2798,0.0613,0.3668,Moderado,6523.2,5858.27
A01318,0.787,0.2262,0.0385,0.3506,Moderado,4097.21,5868.69
A01319,0.9815,0.0595,0.0,0.347,Moderado,0.0,0.0
A01320,0.9074,0.1845,0.054,0.382,Alto,5751.69,0.0
A01321,0.6111,0.3036,0.4929,0.4692,Muito alto,52495.65,5278.29
A01322,0.8889,0.1369,0.025,0.3503,Moderado,2665.5,0.0
A01324,0.9907,0.3214,0.0207,0.4443,Muito alto,2200.13,0.0
A01325,0.9167,0.3512,0.0146,0.4275,Muito alto,1551.18,0.0
A01326,0.9815,0.1726,0.0479,0.4007,Alto,5100.24,0.0
A01327,0.6296,0.1726,0.0765,0.2929,Baixo,8150.7,0.0
A01330,0.8426,0.0357,0.0,0.2928,Baixo,0.0,20045.16
A01331,0.8704,0.0655,0.0,0.3119,Baixo,0.0,0.0
A01333,0.9722,0.2798,0.042,0.4313,Muito alto,4472.5,5134.48
A01334,0.9074,0.2262,0.1241,0.4192,Muito alto,13220.6,31420.46
A01335,0.8333,0.3512,0.0093,0.398,Alto,994.94,69226.27
A01337,0.9722,0.0833,0.0,0.3519,Moderado,0.0,0.0
A01342,0.7778,0.2024,0.0999,0.36,Moderado,10638.16,0.0
A01343,0.9167,0.1667,0.0935,0.3923,Alto,9957.62,8806.01
A01344,0.9815,0.1845,0.1284,0.4315,Muito alto,13676.8,5308.35
A01346,0.5278,0.2143,0.0179,0.2533,Baixo,1905.28,40137.45
A01347,0.8333,0.3036,0.0184,0.3851,Alto,1960.83,0.0
A01348,0.6574,0.3214,0.024,0.3343,Baixo,2559.93,29416.97
A01350,0.963,0.1488,0.0532,0.3883,Alto,5662.63,0.0
A01351,0.9074,0.2679,0.0432,0.4062,Alto,4605.67,12358.57
A01353,0.9074,0.2202,0.0326,0.3867,Alto,3466.93,0.0
A01354,0.9074,0.0714,0.1085,0.3624,Moderado,11553.71,33700.11
A01355,0.9259,0.3036,0.1969,0.4755,Muito alto,20970.37,0.0
A01356,0.9815,0.1548,0.0126,0.383,Alto,1345.68,14675.84
A01357,0.9815,0.0714,0.0087,0.3539,Moderado,927.85,5492.88
A01358,0.9167,0.2024,0.0758,0.3983,Alto,8072.49,0.0
A01360,1.0,0.0714,0.0,0.3571,Moderado,0.0,27996.83
A01362,0.9722,0.0714,0.2371,0.4269,Muito alto,25248.64,19385.23
A01363,0.8241,0.3393,0.1492,0.4375,Muito alto,15888.18,0.0
A01364,0.8704,0.1071,0.0055,0.3277,Baixo,584.91,0.0
A01367,0.9537,0.1369,0.0707,0.3871,Alto,7534.09,8093.43
A01368,0.9907,0.2619,0.0854,0.446,Muito alto,9097.91,0.0
A01371,0.9352,0.1488,0.0266,0.3702,Moderado,2833.67,0.0
A01372,1.0,0.0655,0.0,0.3552,Moderado,0.0,0.0
A01377,0.8333,0.2381,0.2081,0.4265,Muito alto,22159.73,0.0
A01378,0.9444,0.1131,0.0374,0.365,Moderado,3978.37,45119.36
A01379,0.9352,0.1131,0.0285,0.3589,Moderado,3038.94,0.0
A01380,0.9352,0.1548,0.0331,0.3743,Moderado,3520.86,8664.6
A01381,0.9722,0.1131,0.0169,0.3674,Moderado,1801.07,0.0
A01385,0.9259,0.4405,0.0088,0.4584,Muito alto,932.23,19777.11
A01388,0.7685,0.3571,0.0451,0.3902,Alto,4801.64,0.0
A01389,0.9907,0.2619,0.048,0.4335,Muito alto,5109.53,0.0
A01390,0.9815,0.1429,0.0334,0.3859,Alto,3557.71,17762.28
A01391,0.9352,0.1488,0.0411,0.375,Moderado,4373.98,15673.27
A01392,0.963,0.0833,0.0,0.3488,Moderado,0.0,4539.97
A01393,0.9167,0.6667,0.2205,0.6013,Muito alto,23484.81,6268.62
A01394,0.7778,0.3988,0.1175,0.4314,Muito alto,12509.38,18707.15
A01396,0.9907,0.244,0.0927,0.4425,Muito alto,9877.12,34027.56
A01398,0.8241,0.5774,0.1413,0.5143,Muito alto,15047.39,20600.29
A01399,0.9259,0.1488,0.0192,0.3646,Moderado,2045.45,0.0
A01402,1.0,0.0238,0.0,0.3413,Baixo,0.0,47065.64
A01403,0.9352,0.1071,0.0309,0.3577,Moderado,3290.54,0.0
A01404,0.7963,0.0714,0.0201,0.296,Baixo,2144.15,0.0
A01405,0.9815,0.2857,0.067,0.4447,Muito alto,7138.31,4334.15
A01407,0.9722,0.1548,0.0123,0.3797,Alto,1306.19,0.0
A01409,0.7407,0.2857,0.0778,0.3681,Moderado,8286.89,33404.74
A01410,0.8611,0.1726,0.0293,0.3544,Moderado,3123.25,0.0
A01412,0.8796,0.0714,0.0,0.317,Baixo,0.0,53422.48
A01414,0.8796,0.0238,0.0,0.3011,Baixo,0.0,1555.67
A01415,0.9907,0.1488,0.0538,0.3978,Alto,5733.84,34501.02
A01417,0.9259,0.2619,0.1059,0.4312,Muito alto,11279.54,0.0
A01418,0.8981,0.1548,0.0279,0.3603,Moderado,2969.94,1844.79
A01419,0.8704,0.4048,0.1359,0.4704,Muito alto,14474.99,36983.78
A01421,0.7778,0.2024,0.0967,0.359,Moderado,10298.33,0.0
A01422,0.9074,0.1369,0.0118,0.352,Moderado,1255.26,0.0
A01424,0.7222,0.1786,0.0107,0.3038,Baixo,1136.44,2684.35
A01425,0.963,0.4107,0.0889,0.4875,Muito alto,9465.58,6273.68
A01426,0.9907,0.1429,0.0496,0.3944,Alto,5279.91,0.0
A01427,0.8241,0.0952,0.0254,0.3149,Baixo,2709.89,20431.86
A01429,0.4537,0.0952,0.0146,0.1879,Baixo,1558.76,5246.81
A01430,0.963,0.0774,0.0251,0.3551,Moderado,2672.38,0.0
A01431,0.8241,0.1845,0.0103,0.3396,Baixo,1095.29,19494.5
A01432,0.9815,0.2619,0.1476,0.4636,Muito alto,15713.66,10421.0
A01433,0.9907,0.1845,0.0413,0.4055,Alto,4398.94,0.0
A01434,0.9722,0.1845,0.0311,0.3959,Alto,3306.87,11140.81
A01435,0.6667,0.4464,0.0871,0.4001,Alto,9270.82,0.0
A01436,0.8611,0.119,0.0161,0.3321,Baixo,1717.88,0.0
A01437,0.9815,0.2143,0.0969,0.4309,Muito alto,10323.71,3310.84
A01439,0.963,0.0595,0.0703,0.3643,Moderado,7488.46,0.0
A01445,0.9259,0.0298,0.0701,0.3419,Baixo,7466.09,0.0
A01449,0.9537,0.1429,0.0325,0.3764,Moderado,3463.59,16647.88
A01450,0.537,0.1071,0.0,0.2147,Baixo,0.0,3243.79
A01451,0.9815,0.1131,0.0324,0.3757,Moderado,3451.67,13107.15
A01453,0.9537,0.0655,0.0244,0.3479,Moderado,2600.43,27893.35
A01454,0.963,0.0774,0.0598,0.3667,Moderado,6366.32,0.0
A01455,0.9167,0.0595,0.0682,0.3481,Moderado,7264.0,10413.9
A01459,0.5,0.1667,0.071,0.2459,Baixo,7560.78,10598.2
A01460,0.9352,0.1726,0.0383,0.382,Alto,4082.82,13923.73
A01462,0.8426,0.1071,0.0447,0.3315,Baixo,4755.8,0.0
A01463,0.6481,0.4583,0.2159,0.4408,Muito alto,22991.3,29088.67
A01464,0.9259,0.1667,0.0077,0.3668,Moderado,820.43,0.0
A01465,0.8611,0.3571,0.0565,0.4249,Muito alto,6015.83,19810.36
A01468,0.8519,0.2143,0.0662,0.3774,Moderado,7051.1,98242.2
A01469,0.8241,0.1726,0.2886,0.4284,Muito alto,30731.84,28578.81
A01471,0.8889,0.0774,0.0,0.3221,Baixo,0.0,0.0
A01472,0.8611,0.1429,0.0585,0.3542,Moderado,6231.68,18258.61
A01473,0.7963,0.256,0.0231,0.3585,Moderado,2465.09,0.0
A01474,0.8981,0.0893,0.0305,0.3393,Baixo,3244.93,28207.74
A01475,0.9259,0.25,0.1289,0.4349,Muito alto,13723.57,2092.87
A01476,0.9815,0.119,0.0124,0.371,Moderado,1320.95,21865.24
A01477,0.9444,0.3155,0.2436,0.5012,Muito alto,25937.95,2833.98
A01478,0.8796,0.3393,0.2136,0.4775,Muito alto,22750.11,20963.96
A01479,0.7593,0.0893,0.0061,0.2849,Baixo,646.97,0.0
A01480,0.9907,0.3214,0.2396,0.5172,Muito alto,25513.28,2805.78
A01481,1.0,0.25,0.1337,0.4612,Muito alto,14234.17,0.0
A01484,0.963,0.3274,0.0178,0.436,Muito alto,1895.59,5235.59
A01487,0.9074,0.0833,0.0332,0.3413,Baixo,3530.65,0.0
A01489,0.8426,0.1488,0.0,0.3305,Baixo,0.0,0.0
A01491,0.9907,0.2798,0.0673,0.4459,Muito alto,7163.08,0.0
A01492,0.8056,0.1429,0.0263,0.3249,Baixo,2798.08,2948.26
A01493,0.8889,0.0893,0.0065,0.3282,Baixo,694.79,7820.26
A01494,0.7778,0.1548,0.0,0.3108,Baixo,0.0,1360.83
A01495,0.8889,0.1786,0.0417,0.3697,Moderado,4442.53,0.0
A01496,0.9907,0.244,0.0316,0.4221,Muito alto,3363.45,0.0
A01497,0.9907,0.2976,0.0063,0.4316,Muito alto,673.39,1916.0
A01499,0.9444,0.2143,0.0715,0.4101,Alto,7616.01,0.0
A01500,0.9537,0.1131,0.1362,0.401,Alto,14501.86,15573.31
A01501,0.9074,0.0476,0.0,0.3183,Baixo,0.0,0.0
A01502,0.9907,0.0595,0.0522,0.3675,Moderado,5556.82,0.0
A01503,0.787,0.2083,0.1373,0.3776,Moderado,14626.24,0.0
A01506,0.8519,0.3214,0.3653,0.5129,Muito alto,38900.23,140264.23
A01507,0.8241,0.1905,0.0306,0.3484,Moderado,3255.56,0.0
A01508,0.9722,0.1667,0.0473,0.3954,Alto,5041.23,12324.12
A01510,0.8704,0.1131,0.0255,0.3363,Baixo,2710.36,20407.37
A01511,0.713,0.2381,0.0592,0.3367,Baixo,6299.63,1246.02
A01512,0.8889,0.1548,0.013,0.3522,Moderado,1388.23,40053.31
A01513,0.7593,0.1012,0.0,0.2868,Baixo,0.0,34550.66
A01514,0.8333,0.0655,0.0,0.2996,Baixo,0.0,0.0
A01515,0.713,0.2262,0.0404,0.3265,Baixo,4302.68,4881.74
A01517,0.9167,0.1845,0.1156,0.4056,Alto,12306.57,8689.19
A01519,0.787,0.4762,0.0758,0.4463,Muito alto,8068.55,25442.84
A01520,0.9722,0.1429,0.0,0.3717,Moderado,0.0,25644.54
A01521,0.9074,0.3214,0.0833,0.4374,Muito alto,8868.9,0.0
A01522,0.8704,0.1607,0.0352,0.3554,Moderado,3752.92,0.0
A01523,0.537,0.0893,0.0301,0.2188,Baixo,3206.96,38238.99
A01524,0.9815,0.119,0.0552,0.3852,Alto,5878.04,0.0
A01525,1.0,0.131,0.0096,0.3802,Alto,1025.3,0.0
A01526,0.8333,0.3452,0.36,0.5129,Muito alto,38342.0,17430.37
A01527,0.6204,0.2798,0.0102,0.3034,Baixo,1083.74,0.0
A01528,0.8704,0.1845,0.2107,0.4219,Muito alto,22442.53,3731.1
A01529,0.9074,0.1786,0.0178,0.3679,Moderado,1891.69,42870.24
A01531,0.8611,0.1667,0.1871,0.4049,Alto,19920.79,100070.35
A01532,0.9815,0.1071,0.0552,0.3813,Alto,5881.59,21102.43
A01533,0.7037,0.3452,0.1461,0.3983,Alto,15555.31,0.0
A01535,0.9907,0.119,0.0507,0.3868,Alto,5400.0,0.0
A01536,0.9352,0.1131,0.0,0.3494,Moderado,0.0,0.0
A01537,0.9907,0.1548,0.1089,0.4181,Alto,11600.36,3728.01
A01540,0.6944,0.3036,0.0508,0.3496,Moderado,5407.99,3582.56
A01541,0.963,0.1667,0.0854,0.405,Alto,9099.28,0.0
A01542,0.9907,0.1726,0.0359,0.3997,Alto,3818.27,6231.96
A01544,0.9352,0.0833,0.0178,0.3454,Baixo,1895.54,4550.18
A01545,0.9444,0.0952,0.0205,0.3534,Moderado,2184.01,0.0
A01546,0.787,0.125,0.023,0.3117,Baixo,2450.01,0.0
A01547,0.9815,0.2381,0.0698,0.4298,Muito alto,7435.74,0.0
A01549,0.8889,0.119,0.0174,0.3418,Baixo,1848.14,3260.34
A01550,0.8611,0.1964,0.3778,0.4784,Muito alto,40231.42,0.0
A01552,0.7407,0.3452,0.0603,0.3821,Alto,6421.76,17417.62
A01553,0.8519,0.1071,0.2733,0.4108,Alto,29108.71,10709.01
A01554,1.0,0.2917,0.0483,0.4466,Muito alto,5138.82,8897.46
A01555,0.8519,0.381,0.3052,0.5127,Muito alto,32506.79,5746.96
A01557,0.8889,0.1667,0.0343,0.3633,Moderado,3651.94,3726.23
A01558,0.9722,0.1964,0.1944,0.4544,Muito alto,20704.88,15587.17
A01559,0.8704,0.1667,0.0108,0.3493,Moderado,1151.52,22428.59
A01560,0.9352,0.6012,0.1641,0.5668,Muito alto,17480.56,10373.91
A01561,0.8981,0.0476,0.121,0.3556,Moderado,12890.93,1000.14
A01562,0.963,0.125,0.0276,0.3719,Moderado,2941.9,0.0
A01563,0.9907,0.2262,0.0447,0.4205,Muito alto,4757.56,8189.74
A01564,0.7593,0.1488,0.1215,0.3432,Baixo,12941.2,7503.23
A01565,0.9815,0.2798,0.3593,0.5402,Muito alto,38265.5,0.0
A01566,0.8519,0.0952,0.0073,0.3181,Baixo,778.09,4890.43
A01567,0.9537,0.0357,0.0,0.3298,Baixo,0.0,0.0
A01569,0.9352,0.1726,0.0226,0.3768,Moderado,2406.68,0.0
A01570,0.9907,0.3988,0.285,0.5582,Muito alto,30345.97,41783.82
A01573,0.9907,0.0774,0.0194,0.3625,Moderado,2067.58,15328.99
A01574,1.0,0.119,0.0176,0.3789,Moderado,1869.5,0.0
A01575,0.9722,0.119,0.156,0.4158,Alto,16617.07,2118.91
A01580,0.5741,0.2738,0.0657,0.3045,Baixo,6992.28,0.0
A01581,0.9537,0.0238,0.0,0.3258,Baixo,0.0,20117.2
A01582,0.8704,0.2798,0.1123,0.4208,Muito alto,11962.24,4676.32
A01583,0.9537,0.1607,0.1793,0.4313,Muito alto,19098.45,9059.7
A01584,0.9722,0.2024,0.5071,0.5606,Muito alto,54002.48,0.0
A01585,0.6759,0.2083,0.0636,0.3159,Baixo,6768.42,0.0
A01587,0.7778,0.0833,0.0335,0.2982,Baixo,3562.75,26054.2
A01588,0.8611,0.0833,0.0162,0.3202,Baixo,1722.97,0.0
A01589,0.9722,0.2738,0.4426,0.5629,Muito alto,47132.63,0.0
A01590,0.9537,0.1548,0.1115,0.4067,Alto,11878.52,0.0
A01591,0.8426,0.1786,0.0358,0.3523,Moderado,3810.97,0.0
A01593,0.8704,0.1071,0.0127,0.3301,Baixo,1350.3,74189.55
A01594,0.7222,0.0893,0.0166,0.276,Baixo,1762.67,61555.68
A01595,0.963,0.2262,0.0511,0.4134,Alto,5443.04,0.0
A01599,0.8796,0.2381,0.0114,0.3764,Moderado,1217.6,3336.2
A01602,0.6944,0.2857,0.3407,0.4403,Muito alto,36280.75,0.0
A01604,0.9537,0.1548,0.1475,0.4187,Alto,15706.66,0.0
A01605,0.8333,0.1012,0.0599,0.3315,Baixo,6374.46,0.0
A01606,0.9815,0.2321,0.1415,0.4517,Muito alto,15071.04,0.0
A01609,0.9259,0.119,0.0,0.3483,Moderado,0.0,12985.18
A01610,0.9352,0.4524,0.0149,0.4675,Muito alto,1587.1,0.0
A01611,0.8704,0.4226,0.0338,0.4423,Muito alto,3602.1,50648.6
A01612,0.9722,0.119,0.0207,0.3706,Moderado,2199.56,0.0
A01614,0.787,0.3095,0.0462,0.3809,Alto,4915.29,0.0
A01615,0.9259,0.2202,0.0261,0.3908,Alto,2778.19,0.0
A01616,0.9907,0.3333,0.1658,0.4966,Muito alto,17651.84,7490.36
A01617,0.9815,0.2798,0.0261,0.4291,Muito alto,2783.45,310.9
A01618,0.8426,0.1429,0.0364,0.3406,Baixo,3880.07,4388.96
A01619,0.9722,0.1964,0.0306,0.3998,Alto,3258.8,0.0
A01620,1.0,0.0952,0.0,0.3651,Moderado,0.0,31105.91
A01621,0.9722,0.1071,0.0,0.3598,Moderado,0.0,18292.23
A01622,0.8889,0.119,0.0071,0.3383,Baixo,752.44,12666.46
A01625,0.9907,0.2143,0.0322,0.4124,Alto,3432.26,4631.67
A01627,0.9907,0.1964,0.2978,0.495,Muito alto,31715.73,8456.49
A01628,0.9907,0.0595,0.0,0.3501,Moderado,0.0,5017.26
A01629,0.9907,0.2321,0.0247,0.4159,Alto,2630.13,1112.87
A01631,0.9444,0.0774,0.054,0.3586,Moderado,5746.7,0.0
A01633,0.8704,0.3214,0.1136,0.4351,Muito alto,12096.74,0.0
A01634,0.7315,0.2619,0.105,0.3661,Moderado,11179.94,7630.23
A01635,0.8981,0.3095,0.0275,0.4117,Alto,2924.77,0.0
A01636,1.0,0.1845,0.05,0.4115,Alto,5325.93,0.0
A01637,0.713,0.3571,0.418,0.496,Muito alto,44515.6,10314.84
A01639,0.9907,0.0952,0.0356,0.3739,Moderado,3789.92,35324.08
A01640,0.6481,0.1964,0.0239,0.2895,Baixo,2544.49,0.0
A01641,0.9722,0.2976,0.034,0.4346,Muito alto,3619.35,12975.14
A01642,0.8796,0.2798,0.0906,0.4167,Alto,9644.93,104998.55
A01644,0.7778,0.2381,0.0723,0.3627,Moderado,7695.79,0.0
A01645,0.8889,0.1429,0.0302,0.354,Moderado,3217.7,0.0
A01646,0.0741,0.0595,0.0,0.0445,Baixo,0.0,12655.68
A01647,0.7407,0.0655,0.0,0.2687,Baixo,0.0,0.0
A01648,0.9815,0.1429,0.0307,0.385,Alto,3271.16,7137.06
A01649,0.9167,0.1667,0.0203,0.3679,Moderado,2167.11,0.0
A01651,0.9537,0.1667,0.0183,0.3796,Moderado,1952.27,0.0
A01652,0.75,0.0476,0.0,0.2659,Baixo,0.0,22506.91
A01653,0.963,0.1131,0.0629,0.3796,Alto,6696.58,0.0
A01655,0.8148,0.119,0.1391,0.3576,Moderado,14808.35,0.0
A01656,0.8426,0.1905,0.0661,0.3664,Moderado,7038.76,8733.7
A01657,0.9815,0.2857,0.0404,0.4359,Muito alto,4299.7,11135.58
A01658,0.9167,0.256,0.062,0.4115,Alto,6603.56,0.0
A01659,0.9722,0.1369,0.0061,0.3718,Moderado,654.63,0.0
A01660,0.9444,0.119,0.1226,0.3954,Alto,13058.9,0.0
A01661,0.8056,0.0952,0.0563,0.319,Baixo,5993.41,0.0
A01662,0.9352,0.2619,0.0307,0.4093,Alto,3267.59,3526.46
A01664,0.9815,0.381,0.1269,0.4964,Muito alto,13510.49,2712.1
A01668,1.0,0.1726,0.1157,0.4294,Muito alto,12317.65,9756.63
A01670,0.9352,0.0833,0.0,0.3395,Baixo,0.0,0.0
A01672,0.8889,0.0774,0.0277,0.3313,Baixo,2950.78,4511.19
A01673,0.9722,0.1548,0.012,0.3797,Alto,1281.83,0.0
A01676,0.8611,0.1786,0.0111,0.3503,Moderado,1182.73,15037.74
A01677,0.9722,0.1607,0.0771,0.4033,Alto,8205.76,0.0
A01678,0.9537,0.1905,0.1188,0.421,Muito alto,12648.74,13646.72
A01679,0.9167,0.1012,0.0369,0.3516,Moderado,3924.52,4069.81
A01680,0.9722,0.1964,0.0499,0.4062,Alto,5313.08,9693.9
A01681,0.8889,0.244,0.0478,0.3936,Alto,5085.12,0.0
A01682,0.4722,0.256,0.033,0.2537,Baixo,3513.59,0.0
A01683,0.8611,0.1071,0.0233,0.3305,Baixo,2481.29,37071.03
A01688,0.9722,0.2619,0.1798,0.4713,Muito alto,19143.82,0.0
A01690,0.8981,0.0476,0.0,0.3153,Baixo,0.0,0.0
A01691,0.9907,0.1488,0.0049,0.3815,Alto,520.83,4007.15
A01692,0.9167,0.4643,0.0197,0.4669,Muito alto,2101.93,0.0
A01693,0.8333,0.2857,0.1614,0.4268,Muito alto,17190.53,30450.23
A01694,0.8611,0.2798,0.0513,0.3974,Alto,5465.98,0.0
A01695,0.9537,0.1667,0.0094,0.3766,Moderado,1001.89,0.0
A01696,0.9537,0.1667,0.0451,0.3885,Alto,4800.08,11655.22
A01697,0.9259,0.0476,0.0,0.3245,Baixo,0.0,0.0
A01698,0.8333,0.1131,0.1148,0.3538,Moderado,12229.22,0.0
A01699,0.963,0.1131,0.0,0.3587,Moderado,0.0,6794.29
A01700,0.8333,0.2024,0.0939,0.3766,Moderado,10004.96,0.0
A01701,0.7963,0.1726,0.1356,0.3682,Moderado,14437.21,34729.96
A01703,0.9074,0.1488,0.0,0.3521,Moderado,0.0,9603.89
A01704,0.8426,0.1667,0.062,0.3571,Moderado,6607.69,16269.07
A01707,0.6944,0.2321,0.1423,0.3563,Moderado,15149.33,0.0
A01709,1.0,0.1488,0.0047,0.3845,Alto,505.38,4283.77
A01710,0.8981,0.0476,0.0,0.3153,Baixo,0.0,0.0
A01712,0.8981,0.0893,0.0175,0.335,Baixo,1858.33,0.0
A01714,0.8704,0.1548,0.0545,0.3599,Moderado,5807.34,14532.23
A01716,0.963,0.1071,0.0173,0.3625,Moderado,1840.86,39056.15
A01718,0.7593,0.125,0.137,0.3404,Baixo,14584.96,0.0
A01719,0.8241,0.1131,0.0,0.3124,Baixo,0.0,19813.7
A01720,0.9537,0.0893,0.053,0.3653,Moderado,5645.04,0.0
A01722,0.9537,0.1131,0.0604,0.3757,Moderado,6431.24,11418.99
A01724,1.0,0.1667,0.0276,0.3981,Alto,2934.6,65222.74
A01725,0.6389,0.0476,0.0,0.2288,Baixo,0.0,5060.87
A01726,0.9537,0.1071,0.0444,0.3684,Moderado,4725.26,3684.8
A01728,0.9722,0.3274,0.2258,0.5085,Muito alto,24051.53,3651.97
A01729,0.9537,0.1131,0.0077,0.3582,Moderado,819.4,24407.99
A01730,0.6296,0.1012,0.2184,0.3164,Baixo,23263.43,4035.9
A01731,0.9722,0.1964,0.0583,0.409,Alto,6208.31,0.0
A01732,0.8519,0.0774,0.0,0.3097,Baixo,0.0,0.0
A01734,0.6389,0.0536,0.2559,0.3161,Baixo,27250.04,0.0
A01736,0.8704,0.1488,0.0655,0.3615,Moderado,6972.16,0.0
A01737,0.9722,0.4881,0.6326,0.6976,Muito alto,67369.06,11380.61
A01738,0.8519,0.256,0.0773,0.395,Alto,8230.57,18135.83
A01739,0.8981,0.1726,0.0756,0.3821,Alto,8050.8,0.0
A01743,0.9907,0.3452,0.0323,0.4561,Muito alto,3443.84,14623.94
A01744,0.9722,0.2143,0.187,0.4578,Muito alto,19913.12,5884.51
A01746,0.9259,0.1131,0.008,0.349,Moderado,851.36,18315.22
A01747,0.963,0.1369,0.0263,0.3754,Moderado,2800.09,67157.88
A01748,0.9537,0.119,0.0333,0.3687,Moderado,3551.23,7340.14
A01749,0.8148,0.2381,0.0244,0.3591,Moderado,2601.45,0.0
A01750,0.9537,0.1131,0.0086,0.3585,Moderado,916.3,0.0
A01751,0.9815,0.3274,0.0085,0.4391,Muito alto,901.95,0.0
A01753,0.8519,0.1667,0.1728,0.3971,Alto,18404.9,0.0
A01754,0.7037,0.0714,0.0832,0.2861,Baixo,8861.98,3967.77
A01755,0.8426,0.131,0.0236,0.3324,Baixo,2517.45,18837.01
A01756,0.9815,0.0774,0.0419,0.3669,Moderado,4460.3,4966.04
A01758,0.9074,0.0952,0.1476,0.3834,Alto,15713.64,8500.88
A01759,0.8333,0.1131,0.0622,0.3362,Baixo,6623.38,0.0
A01760,0.9259,0.1548,0.0241,0.3683,Moderado,2565.12,8038.37
A01761,0.9259,0.3155,0.1598,0.4671,Muito alto,17016.76,16695.78
A01762,0.9074,0.0357,0.0,0.3144,Baixo,0.0,6003.79
A01765,0.9167,0.1786,0.0287,0.3746,Moderado,3054.51,11137.5
A01766,0.9537,0.125,0.2784,0.4524,Muito alto,29646.42,0.0
A01768,0.9722,0.2143,0.0157,0.4007,Alto,1676.3,8580.12
A01770,0.9815,0.131,0.0131,0.3752,Moderado,1398.17,4594.46
A01771,0.9907,0.1071,0.0299,0.3759,Moderado,3188.57,13247.19
A01772,0.9259,0.381,0.0822,0.463,Muito alto,8751.5,23337.01
A01773,0.963,0.0417,0.0486,0.3511,Moderado,5172.77,0.0
A01774,0.6481,0.0,0.0,0.216,Baixo,0.0,9107.38
A01776,0.0,0.1012,0.0126,0.0379,Baixo,1343.5,0.0
A01778,0.8241,0.131,0.0222,0.3257,Baixo,2360.43,24843.87
A01779,0.7222,0.3869,0.0286,0.3792,Moderado,3042.76,5399.23
A01780,0.9537,0.2798,0.1162,0.4499,Muito alto,12371.72,38264.56
A01781,0.963,0.25,0.0553,0.4228,Muito alto,5892.77,15246.97
A01783,0.8241,0.375,0.0832,0.4274,Muito alto,8860.84,29091.96
A01785,0.9722,0.3869,0.7587,0.706,Muito alto,80799.93,14999.78
A01786,0.9537,0.2798,0.0293,0.4209,Muito alto,3119.44,28032.72
A01787,0.7037,0.0417,0.0,0.2485,Baixo,0.0,0.0
A01788,0.963,0.1607,0.0108,0.3781,Moderado,1146.43,10177.33
A01789,0.9444,0.131,0.032,0.3691,Moderado,3408.23,22235.86
A01790,0.713,0.381,0.118,0.404,Alto,12566.57,1611.0
A01791,0.8519,0.1667,0.0329,0.3505,Moderado,3500.85,0.0
A01793,0.9907,0.1369,0.0494,0.3924,Alto,5263.25,0.0
A01794,0.8981,0.2917,0.0609,0.4169,Alto,6489.58,6904.38
A01795,0.9352,0.119,0.0203,0.3582,Moderado,2163.36,0.0
A01796,0.9259,0.1012,0.0,0.3424,Baixo,0.0,4675.51
A01797,0.8889,0.1488,0.0302,0.356,Moderado,3217.12,14532.4
A01799,0.7685,0.0417,0.0121,0.2741,Baixo,1285.41,0.0
A01801,0.8148,0.1786,0.0177,0.337,Baixo,1883.9,3675.43
A01802,0.8426,0.0774,0.0,0.3067,Baixo,0.0,0.0
A01803,0.8611,0.0298,0.0,0.297,Baixo,0.0,10203.21
A01804,0.7963,0.2857,0.0134,0.3652,Moderado,1431.33,8754.3
A01805,0.5,0.256,0.063,0.273,Baixo,6709.93,2616.13
A01806,0.9907,0.0893,0.0383,0.3728,Moderado,4078.23,0.0
A01807,0.9907,0.3571,0.1717,0.5065,Muito alto,18287.13,4319.19
A01808,0.8611,0.3393,0.0063,0.4022,Alto,669.83,1608.95
A01809,0.5741,0.3393,0.0293,0.3142,Baixo,3116.1,0.0
A01810,0.9722,0.2262,0.021,0.4065,Alto,2233.75,17726.72
A01811,0.9444,0.131,0.0401,0.3718,Moderado,4275.53,13107.8
A01812,0.9537,0.0774,0.1008,0.3773,Moderado,10730.58,4170.01
A01813,0.5278,0.0952,0.0725,0.2318,Baixo,7722.3,6085.77
A01814,0.9537,0.1726,0.0238,0.3834,Alto,2538.47,0.0
A01815,0.8704,0.1726,0.0276,0.3569,Moderado,2935.04,16687.98
A01817,0.9444,0.1845,0.0501,0.393,Alto,5333.23,0.0
A01818,0.9815,0.3095,0.0265,0.4392,Muito alto,2821.94,10069.18
A01819,0.8704,0.4167,0.0455,0.4442,Muito alto,4850.76,17833.96
A01821,0.9907,0.125,0.0,0.3719,Moderado,0.0,34816.22
A01824,0.9444,0.2917,0.2453,0.4938,Muito alto,26126.94,3855.97
A01828,0.8241,0.1964,0.0756,0.3654,Moderado,8045.85,0.0
A01829,0.5926,0.1845,0.0111,0.2628,Baixo,1187.07,8830.44
A01830,0.963,0.125,0.0563,0.3814,Alto,5996.1,0.0
A01831,0.9259,0.1726,0.0321,0.3769,Moderado,3415.19,3546.06
A01832,0.9907,0.3512,0.5558,0.6326,Muito alto,59187.28,0.0
A01833,0.9722,0.3214,0.104,0.4659,Muito alto,11071.62,4859.45
A01834,0.9907,0.1071,0.0,0.366,Moderado,0.0,0.0
A01835,0.8519,0.3095,0.022,0.3944,Alto,2337.92,26838.63
A01836,0.9074,0.1845,0.0556,0.3825,Alto,5922.01,11244.71
A01837,0.963,0.131,0.0127,0.3689,Moderado,1350.37,14378.16
A01838,0.6852,0.4405,0.0638,0.3965,Alto,6794.78,7759.59
A01839,0.9815,0.1667,0.0066,0.3849,Alto,699.73,38722.51
A01841,1.0,0.2202,0.0131,0.4111,Alto,1391.28,0.0
A01842,0.9722,0.0119,0.0,0.328,Baixo,0.0,0.0
A01843,0.963,0.3095,0.4135,0.562,Muito alto,44032.85,12937.88
A01844,0.6389,0.3869,0.1435,0.3898,Alto,15281.02,12230.61
A01845,0.6574,0.1726,0.0388,0.2896,Baixo,4134.3,4971.42
A01846,0.9907,0.1548,0.0274,0.391,Alto,2922.67,79833.13
A01848,0.9815,0.375,0.0791,0.4785,Muito alto,8424.1,11231.59
A01850,0.9444,0.125,0.0538,0.3744,Moderado,5724.77,0.0
A01853,0.8796,0.1845,0.0245,0.3629,Moderado,2608.42,0.0
A01854,0.9352,0.1786,0.073,0.3956,Alto,7772.22,9662.06
A01855,0.9352,0.0833,0.0131,0.3439,Baixo,1391.44,0.0
A01856,0.9167,0.1429,0.0104,0.3566,Moderado,1108.43,0.0
A01857,0.9259,0.2917,0.0503,0.4226,Muito alto,5352.81,6724.7
A01858,0.9444,0.0417,0.0,0.3287,Baixo,0.0,6892.6
A01859,0.9352,0.0893,0.1384,0.3876,Alto,14743.43,0.0
A01860,0.8426,0.2143,0.0596,0.3722,Moderado,6346.6,36482.36
A01861,0.713,0.1667,0.1556,0.3451,Baixo,16567.43,0.0
A01862,0.8241,0.1071,0.0116,0.3143,Baixo,1239.8,0.0
A01863,0.9444,0.3452,0.1233,0.471,Muito alto,13129.43,20670.75
A01865,0.9907,0.2798,0.7497,0.6734,Muito alto,79833.67,0.0
A01866,0.6852,0.1071,0.0046,0.2656,Baixo,491.21,9362.09
A01867,0.963,0.2202,0.0905,0.4246,Muito alto,9640.52,6383.46
A01871,0.9444,0.2798,0.0436,0.4226,Muito alto,4645.73,0.0
A01872,0.8704,0.0952,0.0117,0.3258,Baixo,1244.6,5910.03
A01874,0.8148,0.4167,0.0958,0.4424,Muito alto,10207.22,28840.28
A01875,0.7778,0.0893,0.0499,0.3057,Baixo,5318.03,12116.83
A01876,0.8519,0.2798,0.1086,0.4134,Alto,11560.71,14196.56
A01877,0.4815,0.2857,0.036,0.2677,Baixo,3836.46,0.0
A01878,0.9722,0.381,0.0192,0.4575,Muito alto,2049.55,4528.89
A01879,0.9167,0.3571,0.1964,0.4901,Muito alto,20912.25,0.0
A01880,0.8241,0.2143,0.0233,0.3539,Moderado,2476.51,0.0
A01881,0.9537,0.0595,0.0588,0.3573,Moderado,6260.25,1812.54
A01882,0.9537,0.0893,0.0197,0.3542,Moderado,2102.62,8774.94
A01883,0.8981,0.1845,0.0072,0.3633,Moderado,763.18,25460.66
A01884,0.8056,0.3095,0.0326,0.3826,Alto,3475.47,708.96
A01886,0.9074,0.0655,0.0196,0.3308,Baixo,2084.51,7705.37
A01888,0.8704,0.0536,0.0502,0.3247,Baixo,5351.28,3697.3
A01889,0.7593,0.2083,0.0071,0.3249,Baixo,756.26,212740.37
A01892,0.8611,0.1429,0.1566,0.3868,Alto,16672.39,0.0
A01893,0.9722,0.3452,0.0167,0.4447,Muito alto,1776.81,0.0
A01895,0.9722,0.0952,0.0465,0.3713,Moderado,4951.27,0.0
A01896,0.9722,0.1845,0.0184,0.3917,Alto,1956.79,21929.74
A01897,0.8611,0.131,0.0152,0.3358,Baixo,1617.87,16748.57
A01898,0.9907,0.119,0.0577,0.3892,Alto,6143.24,25607.81
A01899,0.9259,0.4524,0.135,0.5044,Muito alto,14375.33,0.0
A01901,0.963,0.0655,0.0,0.3428,Baixo,0.0,22070.53
A01902,0.7037,0.1845,0.0925,0.3269,Baixo,9855.73,7956.53
A01903,0.6852,0.2798,0.0568,0.3406,Baixo,6045.67,25751.44
A01904,0.8056,0.1369,0.0412,0.3279,Baixo,4390.29,2786.49
A01905,0.9444,0.3274,0.1376,0.4698,Muito alto,14648.67,6080.14
A01907,0.6481,0.2321,0.2394,0.3732,Moderado,25492.66,0.0
A01912,0.8056,0.3452,0.4112,0.5207,Muito alto,43789.99,16368.73
A01913,0.6667,0.0536,0.0,0.2401,Baixo,0.0,4870.05
A01914,0.9352,0.1488,0.0321,0.372,Moderado,3415.44,1621.1
A01915,0.9444,0.0833,0.0863,0.3713,Moderado,9185.28,3209.49
A01916,0.9167,0.1786,0.1024,0.3992,Alto,10900.06,0.0
A01917,0.8519,0.1607,0.0376,0.3501,Moderado,4002.91,0.0
A01918,0.7222,0.2619,0.0479,0.344,Baixo,5100.97,0.0
A01919,0.9167,0.1071,0.0,0.3413,Baixo,0.0,0.0
A01921,0.9907,0.2917,0.1146,0.4657,Muito alto,12204.39,13456.58
A01922,0.8889,0.2321,0.0224,0.3811,Alto,2385.95,36584.56
A01923,0.75,0.1131,0.0119,0.2917,Baixo,1263.25,4945.18
A01924,0.9352,0.1488,0.2118,0.4319,Muito alto,22555.09,0.0
A01925,0.7593,0.1488,0.018,0.3087,Baixo,1913.19,1503.24
A01926,0.9074,0.1667,0.0217,0.3653,Moderado,2316.12,16397.49
A01928,0.963,0.1726,0.0182,0.3846,Alto,1936.1,0.0
A01931,0.9352,0.4107,0.0564,0.4674,Muito alto,6003.79,9143.22
A01932,0.5741,0.2083,0.0244,0.2689,Baixo,2597.5,7074.47
A01933,0.9815,0.1607,0.0114,0.3845,Alto,1216.86,4545.38
A01935,0.5185,0.1369,0.0083,0.2212,Baixo,879.0,124826.52
A01936,0.8981,0.3869,0.037,0.4407,Muito alto,3944.74,0.0
A01937,0.9167,0.1726,0.0849,0.3914,Alto,9039.94,69449.61
A01939,0.8704,0.1786,0.0392,0.3627,Moderado,4177.1,0.0
A01940,0.9352,0.1845,0.0684,0.396,Alto,7279.96,14286.53
A01943,0.9352,0.1786,0.0458,0.3865,Alto,4873.89,0.0
A01945,1.0,0.2143,0.0458,0.42,Muito alto,4872.37,138368.74
A01946,0.7407,0.2262,0.0157,0.3276,Baixo,1674.73,0.0
A01948,0.8981,0.1548,0.0348,0.3626,Moderado,3700.79,6758.88
A01949,0.9722,0.1786,0.0143,0.3884,Alto,1518.88,23592.7
A01951,0.9444,0.1964,0.0651,0.402,Alto,6928.8,0.0
A01952,0.9352,0.0476,0.0,0.3276,Baixo,0.0,0.0
A01953,0.9352,0.1786,0.0087,0.3741,Moderado,922.16,0.0
A01954,0.8889,0.2917,0.1186,0.4331,Muito alto,12629.62,22832.75
A01962,0.9444,0.119,0.1314,0.3983,Alto,13996.1,10654.81
A01964,0.9259,0.2083,0.0303,0.3882,Alto,3223.04,28753.01
A01965,0.8333,0.0655,0.0351,0.3113,Baixo,3735.28,0.0
A01967,0.9722,0.1012,0.0744,0.3826,Alto,7920.99,0.0
A01968,0.9815,0.1429,0.0861,0.4035,Alto,9171.76,0.0
A01969,0.9167,0.256,0.0682,0.4136,Alto,7264.97,0.0
A01972,0.9815,0.1369,0.0291,0.3825,Alto,3097.96,1958.35
A01973,0.9815,0.1429,0.0508,0.3917,Alto,5413.46,13061.36
A01974,0.9444,0.5298,0.0987,0.5243,Muito alto,10515.58,2016.7
A01977,0.9537,0.25,0.03,0.4112,Alto,3198.42,0.0
A01978,0.9815,0.4524,0.132,0.522,Muito alto,14059.26,0.0
A01981,1.0,0.1488,0.0844,0.4111,Alto,8992.56,0.0
A01982,0.8333,0.0952,0.0674,0.332,Baixo,7180.8,11788.74
A01984,0.9537,0.25,0.0207,0.4081,Alto,2200.45,17320.84
A01985,0.9907,0.244,0.0313,0.422,Muito alto,3331.82,0.0
A01986,0.8148,0.1488,0.0692,0.3443,Baixo,7371.65,0.0
A01988,0.8426,0.119,0.0,0.3205,Baixo,0.0,0.0
A01989,0.9444,0.3869,0.3868,0.5727,Muito alto,41193.56,12561.73
A01991,1.0,0.1369,0.0242,0.387,Alto,2577.18,19895.57
A01992,0.9167,0.2619,0.1061,0.4282,Muito alto,11299.89,14502.2
A01993,0.9722,0.2917,0.035,0.433,Muito alto,3723.97,42964.4
A01995,0.9722,0.2381,0.0339,0.4147,Alto,3609.36,0.0
A01996,0.9074,0.1786,0.0284,0.3715,Moderado,3025.03,829.36
A01997,0.9537,0.2083,0.0513,0.4045,Alto,5467.79,2158.58
A01998,0.9352,0.1905,0.0358,0.3871,Alto,3807.36,7209.51
A02001,0.9815,0.1488,0.0907,0.407,Alto,9662.35,0.0
A02002,1.0,0.0714,0.023,0.3648,Moderado,2451.25,0.0
A02006,0.9815,0.256,0.0589,0.4321,Muito alto,6274.04,16864.06
A02007,0.9815,0.1964,0.0101,0.396,Alto,1070.79,0.0
A02008,0.8241,0.1845,0.0569,0.3552,Moderado,6054.48,43987.56
A02009,1.0,0.1905,0.0177,0.4027,Alto,1884.45,20105.01
A02010,0.9444,0.1071,0.0,0.3505,Moderado,0.0,0.0
A02011,0.963,0.0833,0.0337,0.36,Moderado,3592.21,0.0
A02012,0.8981,0.1012,0.0316,0.3436,Baixo,3359.99,0.0
A02013,1.0,0.0833,0.0,0.3611,Moderado,0.0,0.0
A02014,0.9537,0.1488,0.1095,0.404,Alto,11656.65,601.19
A02016,0.9352,0.2024,0.0455,0.3943,Alto,4841.72,0.0
A02018,0.963,0.1964,0.1571,0.4388,Muito alto,16731.88,8550.57
A02020,0.713,0.0238,0.0,0.2456,Baixo,0.0,0.0
A02022,0.9907,0.1845,0.0189,0.398,Alto,2008.02,4707.11
A02023,0.7778,0.1607,0.0,0.3128,Baixo,0.0,5163.47
A02024,0.9722,0.0298,0.0,0.334,Baixo,0.0,0.0
A02025,0.9167,0.3393,0.0501,0.4354,Muito alto,5339.26,10255.18
A02026,0.9537,0.0655,0.0,0.3397,Baixo,0.0,0.0
A02027,0.9907,0.3929,0.3023,0.562,Muito alto,32198.49,5236.28
A02029,0.9815,0.119,0.0034,0.368,Moderado,358.59,1004.01
A02031,0.8889,0.2024,0.0252,0.3721,Moderado,2680.34,17798.09
A02032,0.8704,0.1845,0.0354,0.3634,Moderado,3769.47,5487.81
A02033,0.7222,0.4524,0.2201,0.4649,Muito alto,23434.13,0.0
A02034,0.8704,0.0119,0.0,0.2941,Baixo,0.0,14115.66
A02035,0.963,0.2857,0.3435,0.5307,Muito alto,36576.61,0.0
A02036,0.9815,0.1845,0.0122,0.3927,Alto,1299.5,2726.2
A02037,0.9074,0.2024,0.0289,0.3796,Moderado,3080.94,0.0
A02038,0.3241,0.0655,0.0,0.1299,Baixo,0.0,0.0
A02039,0.8796,0.0476,0.1585,0.3619,Moderado,16875.45,0.0
A02040,0.8796,0.1488,0.0514,0.3599,Moderado,5469.72,5525.83
A02044,0.7685,0.1667,0.1755,0.3702,Moderado,18690.03,14235.02
A02047,0.9352,0.1786,0.0125,0.3754,Moderado,1331.0,6385.09
A02048,0.7963,0.2262,0.1064,0.3763,Moderado,11326.15,50954.64
A02049,0.8426,0.1964,0.2672,0.4354,Muito alto,28457.25,12543.83
A02051,0.9444,0.2679,0.0389,0.4171,Alto,4145.89,0.0
A02053,0.9444,0.3274,0.0573,0.443,Muito alto,6100.52,0.0
A02056,0.9815,0.125,0.0443,0.3836,Alto,4714.05,0.0
A02058,0.8241,0.125,0.0245,0.3245,Baixo,2612.58,14298.88
A02059,0.7963,0.0655,0.0431,0.3016,Baixo,4586.9,0.0
A02060,0.5648,0.1607,0.034,0.2532,Baixo,3624.07,0.0
A02061,0.9074,0.0595,0.0507,0.3392,Baixo,5403.09,0.0
A02063,0.7315,0.1488,0.0102,0.2968,Baixo,1089.18,34210.55
A02064,0.8426,0.3988,0.213,0.4848,Muito alto,22685.5,19127.18
A02065,1.0,0.25,0.1441,0.4647,Muito alto,15347.46,4800.74
A02067,0.9444,0.1071,0.2117,0.4211,Muito alto,22545.06,707.65
A02068,0.963,0.4226,0.1238,0.5031,Muito alto,13183.76,0.0
A02071,0.9907,0.131,0.0,0.3739,Moderado,0.0,7010.51
A02072,0.8519,0.1488,0.1085,0.3697,Moderado,11554.87,4450.78
A02073,1.0,0.25,0.0211,0.4237,Muito alto,2248.96,0.0
A02074,0.7963,0.0714,0.075,0.3143,Baixo,7991.17,0.0
A02076,0.9722,0.2619,0.117,0.4504,Muito alto,12459.08,13061.57
A02077,0.9815,0.1012,0.0392,0.374,Moderado,4172.93,5101.96
A02078,0.8889,0.1012,0.0379,0.3427,Baixo,4036.92,0.0
A02079,0.7963,0.131,0.0148,0.314,Baixo,1577.71,13028.73
A02080,0.9074,0.3988,0.1026,0.4696,Muito alto,10931.51,10862.93
A02081,0.9444,0.1429,0.1181,0.4018,Alto,12581.93,14559.83
A02082,0.8981,0.2976,0.5699,0.5886,Muito alto,60695.66,12590.7
A02083,0.9815,0.1131,0.0544,0.383,Alto,5790.19,0.0
A02087,0.9352,0.2619,0.0598,0.419,Alto,6370.37,24930.16
A02088,0.7222,0.1786,0.0117,0.3041,Baixo,1241.15,19559.27
A02089,0.8796,0.2917,0.146,0.4391,Muito alto,15548.75,18654.73
A02090,0.8426,0.1786,0.0463,0.3558,Moderado,4933.86,0.0
A02091,0.9074,0.0238,0.0181,0.3165,Baixo,1931.52,3552.88
A02094,0.8889,0.2321,0.1465,0.4225,Muito alto,15596.99,8342.9
A02096,0.9167,0.1488,0.015,0.3601,Moderado,1594.46,2433.89
A02099,0.7963,0.1667,0.052,0.3383,Baixo,5532.68,0.0
A02100,0.9352,0.3929,0.311,0.5464,Muito alto,33123.36,3236.19
A02101,0.9444,0.1131,0.0441,0.3672,Moderado,4699.92,12430.26
A02102,0.9815,0.1488,0.0109,0.3804,Alto,1157.94,15067.14
A02103,0.9907,0.2381,0.0316,0.4201,Muito alto,3360.67,6535.24
A02104,0.9722,0.3274,0.0784,0.4593,Muito alto,8352.28,0.0
A02105,0.9259,0.1488,0.0041,0.3596,Moderado,439.49,24578.68
A02106,0.8519,0.1964,0.0877,0.3787,Moderado,9339.18,21423.93
A02108,0.9167,0.1964,0.0092,0.3741,Moderado,978.24,70399.72
A02109,0.9074,0.0417,0.0241,0.3244,Baixo,2561.75,0.0
A02110,0.9722,0.1905,0.0508,0.4045,Alto,5406.05,0.0
A02111,0.8704,0.1429,0.0513,0.3549,Moderado,5466.34,0.0
A02112,0.8056,0.3869,0.0524,0.415,Alto,5580.62,0.0
A02113,0.9815,0.1667,0.0523,0.4001,Alto,5569.0,0.0
A02114,0.9259,0.244,0.1862,0.4521,Muito alto,19833.31,48363.02
A02115,0.963,0.3452,0.0412,0.4498,Muito alto,4383.67,2376.6
A02116,0.963,0.1488,0.02,0.3772,Moderado,2126.17,7252.1
A02117,0.9444,0.125,0.0724,0.3806,Alto,7713.56,0.0
A02119,0.9815,0.1964,0.1272,0.435,Muito alto,13540.83,5185.49
A02120,0.9537,0.1726,0.1527,0.4263,Muito alto,16259.27,13147.09
A02121,0.9815,0.0298,0.0,0.3371,Baixo,0.0,6916.12
A02122,0.963,0.119,0.0319,0.3713,Moderado,3393.83,4269.13
A02123,0.7593,0.1131,0.0785,0.317,Baixo,8361.08,0.0
A02124,0.8611,0.256,0.0252,0.3808,Alto,2688.85,806.13
A02125,0.787,0.2381,0.0217,0.3489,Moderado,2312.36,6432.88
A02126,0.7315,0.256,0.0234,0.3369,Baixo,2493.23,10784.79
A02127,0.7037,0.0536,0.0,0.2524,Baixo,0.0,4004.48
A02129,0.9444,0.2798,0.1578,0.4607,Muito alto,16804.39,0.0
A02130,0.75,0.125,0.0,0.2917,Baixo,0.0,22489.98
A02131,0.9815,0.25,0.0784,0.4366,Muito alto,8351.6,52054.09
A02133,0.963,0.1667,0.026,0.3852,Alto,2763.55,0.0
A02134,0.9537,0.1012,0.101,0.3853,Alto,10757.37,0.0
A02137,0.9722,0.1786,0.0132,0.388,Alto,1410.05,0.0
A02138,0.7963,0.2024,0.168,0.3889,Alto,17887.26,0.0
A02139,0.8889,0.0476,0.0,0.3122,Baixo,0.0,97871.59
A02140,0.9352,0.2202,0.0707,0.4087,Alto,7534.26,0.0
A02141,0.3704,0.119,0.0521,0.1805,Baixo,5548.66,5862.87
A02142,0.9259,0.0893,0.0316,0.3489,Moderado,3367.92,60606.71
A02144,0.6667,0.1131,0.1046,0.2948,Baixo,11143.42,3737.24
A02145,0.963,0.5536,0.0015,0.506,Muito alto,156.41,7915.82
A02147,0.7685,0.1548,0.0174,0.3136,Baixo,1855.43,9206.74
A02150,0.9815,0.1488,0.006,0.3788,Moderado,636.13,9729.45
A02151,0.9444,0.2143,0.0221,0.3936,Alto,2353.83,1150.51
A02154,0.9722,0.2619,0.3616,0.5319,Muito alto,38505.57,9512.55
A02155,0.6481,0.2143,0.008,0.2901,Baixo,850.5,40565.91
A02156,0.6296,0.256,0.0671,0.3176,Baixo,7150.11,0.0
A02157,0.9167,0.0893,0.0073,0.3378,Baixo,780.71,0.0
A02158,0.9352,0.1131,0.0727,0.3736,Moderado,7737.89,0.0
A02159,0.9167,0.1429,0.0142,0.3579,Moderado,1514.65,8435.59
A02162,0.7778,0.3929,0.2056,0.4587,Muito alto,21895.85,16377.7
A02163,0.9444,0.2262,0.0892,0.42,Muito alto,9502.1,9770.25
A02164,0.9815,0.1786,0.0214,0.3938,Alto,2273.87,0.0
A02166,0.9907,0.1964,0.0533,0.4135,Alto,5681.37,4881.5
A02167,0.9352,0.1845,0.0281,0.3826,Alto,2995.35,3025.51
A02168,0.713,0.2083,0.0387,0.32,Baixo,4117.09,0.0
A02169,0.9907,0.2262,0.1142,0.4437,Muito alto,12166.26,28579.99
A02170,0.7963,0.1786,0.0374,0.3374,Baixo,3986.15,27635.58
A02172,0.9815,0.1905,0.0236,0.3985,Alto,2510.22,0.0
A02173,0.9352,0.0893,0.0275,0.3507,Moderado,2930.64,0.0
A02175,0.9722,0.4226,0.4992,0.6314,Muito alto,53164.62,16226.87
A02176,0.7407,0.3512,0.1611,0.4177,Alto,17152.43,0.0
A02177,0.9444,0.1667,0.0332,0.3814,Alto,3538.77,0.0
A02178,0.963,0.2917,0.3326,0.5291,Muito alto,35419.01,0.0
A02181,0.9907,0.0298,0.0,0.3402,Baixo,0.0,58408.94
A02182,0.9722,0.1964,0.0666,0.4118,Alto,7096.1,11130.02
A02183,0.7037,0.0952,0.0181,0.2723,Baixo,1925.23,3183.86
A02184,0.75,0.1964,0.0176,0.3214,Baixo,1878.93,2579.43
A02185,0.8981,0.1905,0.0173,0.3686,Moderado,1842.13,1597.31
A02186,0.8796,0.3393,0.2178,0.4789,Muito alto,23193.17,85666.14
A02190,0.6111,0.1548,0.014,0.26,Baixo,1496.08,29065.67
A02191,0.8611,0.1726,0.0187,0.3508,Moderado,1995.5,14611.56
A02192,0.9167,0.0476,0.0,0.3214,Baixo,0.0,26460.73
A02193,0.9907,0.1964,0.0325,0.4065,Alto,3457.61,5584.3
A02194,1.0,0.0655,0.0,0.3552,Moderado,0.0,0.0
A02195,0.8241,0.3095,0.1485,0.4274,Muito alto,15813.65,5138.3
A02196,0.9722,0.119,0.0687,0.3867,Alto,7321.09,12590.12
A02197,0.963,0.4524,0.1576,0.5243,Muito alto,16781.31,767.31
A02198,0.9722,0.0714,0.0186,0.3541,Moderado,1975.59,7377.14
A02199,0.9907,0.1488,0.0136,0.3844,Alto,1448.56,11934.1
A02200,0.7963,0.2083,0.2485,0.4177,Alto,26463.09,9216.74
A02201,0.9167,0.1786,0.1196,0.405,Alto,12740.81,7414.64
A02203,0.9444,0.119,0.0159,0.3598,Moderado,1690.6,3829.9
A02205,0.9722,0.0655,0.0,0.3459,Baixo,0.0,8119.32
A02206,0.9907,0.1607,0.1355,0.429,Muito alto,14433.56,0.0
A02207,0.713,0.1964,0.0653,0.3249,Baixo,6957.7,0.0
A02208,0.9259,0.3452,0.0155,0.4289,Muito alto,1655.78,0.0
A02210,0.8056,0.2381,0.0563,0.3666,Moderado,5991.91,26152.4
A02211,0.9537,0.3571,0.089,0.4666,Muito alto,9480.25,3307.54
A02213,0.8426,0.1369,0.0117,0.3304,Baixo,1245.09,56157.72
A02214,0.9722,0.0893,0.0,0.3538,Moderado,0.0,0.0
A02215,0.8333,0.6548,0.4067,0.6316,Muito alto,43313.93,0.0
A02216,0.9352,0.3333,0.0233,0.4306,Muito alto,2485.19,0.0
A02218,0.9722,0.0952,0.0,0.3558,Moderado,0.0,0.0
A02219,0.8519,0.1964,0.0157,0.3547,Moderado,1670.64,17591.76
A02221,0.9722,0.2202,0.0061,0.3995,Alto,649.6,75000.72
A02222,0.963,0.1548,0.0469,0.3882,Alto,4996.81,21266.95
A02223,0.963,0.1131,0.0085,0.3615,Moderado,905.34,9225.74
A02224,0.9352,0.2738,0.1996,0.4695,Muito alto,21251.57,12699.07
A02226,0.9537,0.0833,0.0086,0.3486,Moderado,920.53,0.0
A02227,0.9167,0.0714,0.0307,0.3396,Baixo,3265.38,0.0
A02228,0.9815,0.0655,0.0302,0.3591,Moderado,3219.09,0.0
A02229,0.8611,0.1071,0.0599,0.3427,Baixo,6384.05,2100.28
A02230,0.9907,0.0952,0.0084,0.3648,Moderado,890.7,7251.8
A02232,1.0,0.2679,0.0904,0.4527,Muito alto,9624.01,18200.2
A02233,0.9722,0.1905,0.0141,0.3923,Alto,1503.33,57767.18
A02236,0.8981,0.2083,0.0718,0.3928,Alto,7647.61,6309.1
A02238,0.8611,0.0833,0.0,0.3148,Baixo,0.0,0.0
A02239,0.9815,0.0536,0.0145,0.3498,Moderado,1540.81,12398.32
A02240,0.5741,0.256,0.0975,0.3092,Baixo,10388.17,43542.69
A02244,0.9352,0.3571,0.1288,0.4737,Muito alto,13714.02,18968.77
A02245,0.9074,0.3929,0.0716,0.4573,Muito alto,7629.79,1969.94
A02246,0.8333,0.2381,0.0435,0.3716,Moderado,4631.69,4272.72
A02247,0.9815,0.2381,0.0235,0.4144,Alto,2505.92,2867.85
A02250,0.9722,0.0476,0.1043,0.3747,Moderado,11109.23,0.0
A02251,0.3241,0.1964,0.0246,0.1817,Baixo,2614.69,5127.6
A02252,0.9444,0.2083,0.0541,0.4023,Alto,5762.4,3945.63
A02253,0.9167,0.375,0.1071,0.4663,Muito alto,11408.45,18597.06
A02254,0.8611,0.0952,0.0972,0.3512,Moderado,10346.41,0.0
A02257,1.0,0.2619,0.0528,0.4382,Muito alto,5617.61,24304.32
A02258,0.963,0.2738,0.0265,0.4211,Muito alto,2819.33,29699.67
A02259,0.9259,0.0595,0.0151,0.3335,Baixo,1604.85,0.0
A02261,0.9722,0.0833,0.1264,0.394,Alto,13459.52,4973.5
A02263,0.9352,0.2917,0.1238,0.4502,Muito alto,13180.84,12325.42
A02264,0.9352,0.119,0.0201,0.3581,Moderado,2138.19,5709.93
A02265,0.8056,0.2381,0.0681,0.3706,Moderado,7247.6,0.0
A02266,0.9259,0.1786,0.0167,0.3737,Moderado,1777.63,24428.02
A02268,0.9444,0.2321,0.0473,0.408,Alto,5041.35,4711.29
A02269,1.0,0.3869,0.2491,0.5453,Muito alto,26525.87,1976.57
A02271,0.9722,0.119,0.0217,0.371,Moderado,2306.78,0.0
A02272,0.8704,0.2976,0.1012,0.4231,Muito alto,10780.6,44044.5
A02274,0.7963,0.244,0.0499,0.3634,Moderado,5318.34,7643.29
A02275,0.8333,0.0774,0.0,0.3036,Baixo,0.0,151817.06
A02276,0.8056,0.3036,0.1352,0.4148,Alto,14400.0,6419.34
A02278,0.9259,0.1369,0.3042,0.4557,Muito alto,32394.92,9741.5
A02279,0.7315,0.2202,0.2295,0.3938,Alto,24444.21,0.0
A02280,0.9722,0.1548,0.028,0.385,Alto,2977.86,0.0
A02282,0.9074,0.256,0.0743,0.4126,Alto,7915.41,9913.64
A02286,0.9444,0.5,0.1254,0.5233,Muito alto,13352.34,12045.57
A02287,0.9444,0.1607,0.1842,0.4298,Muito alto,19620.64,0.0
A02288,0.7778,0.2262,0.0255,0.3432,Baixo,2719.83,0.0
A02290,0.9167,0.119,0.0172,0.351,Moderado,1828.66,0.0
A02291,0.8981,0.2143,0.0747,0.3957,Alto,7955.69,5229.23
A02293,1.0,0.25,0.0753,0.4418,Muito alto,8020.12,0.0
A02294,0.9722,0.1488,0.0979,0.4063,Alto,10420.48,0.0
A02295,0.9074,0.1488,0.0147,0.357,Moderado,1562.95,7385.62
A02296,0.9722,0.1667,0.0,0.3796,Moderado,0.0,0.0
A02297,0.75,0.2024,0.048,0.3335,Baixo,5112.09,35964.16
A02298,0.9722,0.0833,0.0073,0.3543,Moderado,779.73,0.0
A02299,0.9352,0.1488,0.0168,0.3669,Moderado,1786.57,0.0
A02300,0.9907,0.256,0.0062,0.4176,Alto,659.93,8259.64
A02301,0.7685,0.369,0.0361,0.3912,Alto,3840.02,4729.2
A02302,0.8889,0.131,0.0074,0.3424,Baixo,790.43,11543.79
A02303,0.9259,0.1548,0.0893,0.39,Alto,9510.57,0.0
A02304,0.9722,0.2857,0.0219,0.4266,Muito alto,2333.27,8980.64
A02306,0.8981,0.2024,0.0142,0.3716,Moderado,1510.65,0.0
A02307,0.8426,0.0179,0.0424,0.301,Baixo,4519.14,0.0
A02308,0.9352,0.2857,0.0917,0.4375,Muito alto,9760.5,52874.0
A02309,0.9167,0.1667,0.0255,0.3696,Moderado,2712.72,9828.76
A02311,0.9722,0.1786,0.042,0.3976,Alto,4472.53,30213.32
A02314,0.9907,0.1845,0.0422,0.4058,Alto,4493.03,0.0
A02315,0.7778,0.5357,0.644,0.6525,Muito alto,68579.13,0.0
A02316,0.9444,0.0774,0.0,0.3406,Baixo,0.0,0.0
A02320,0.9537,0.3095,0.0293,0.4308,Muito alto,3117.36,10170.77
A02321,0.8241,0.1726,0.0178,0.3382,Baixo,1898.96,25152.03
A02322,0.9907,0.1786,0.3036,0.491,Muito alto,32332.94,2489.72
A02325,0.9907,0.0655,0.0,0.3521,Moderado,0.0,0.0
A02326,0.8241,0.1845,0.283,0.4305,Muito alto,30142.77,0.0
A02327,0.9352,0.1369,0.0551,0.3757,Moderado,5869.74,0.0
A02329,0.6667,0.2202,0.0473,0.3114,Baixo,5034.47,0.0
A02330,0.9815,0.0774,0.0261,0.3616,Moderado,2777.26,8388.13
A02331,0.9444,0.4226,0.1323,0.4998,Muito alto,14090.12,48182.02
A02332,0.9444,0.375,0.0786,0.466,Muito alto,8375.25,0.0
A02333,0.4722,0.0952,0.0263,0.1979,Baixo,2796.49,6852.69
A02335,0.7593,0.1131,0.025,0.2991,Baixo,2663.57,134349.4
A02336,0.9444,0.3214,0.013,0.4263,Muito alto,1387.27,0.0
A02338,1.0,0.0476,0.0,0.3492,Moderado,0.0,0.0
A02339,0.6759,0.119,0.1618,0.3189,Baixo,17235.83,0.0
A02341,0.9907,0.1607,0.0777,0.4097,Alto,8277.72,12790.86
A02343,0.8704,0.3155,0.0094,0.3984,Alto,1003.54,1487.6
A02344,0.9537,0.375,0.0547,0.4611,Muito alto,5828.92,29960.4
A02345,0.5463,0.125,0.023,0.2314,Baixo,2449.88,0.0
A02346,0.8981,0.2321,0.0559,0.3954,Alto,5957.86,0.0
A02347,0.8796,0.1786,0.0194,0.3592,Moderado,2070.48,0.0
A02348,0.963,0.256,0.0427,0.4205,Muito alto,4549.97,6026.33
A02349,0.7037,0.125,0.0254,0.2847,Baixo,2702.41,0.0
A02350,0.9444,0.0774,0.0277,0.3498,Moderado,2948.26,12989.27
A02351,0.9259,0.2857,0.0532,0.4216,Muito alto,5661.62,2639.35
A02353,0.9537,0.1131,0.0208,0.3625,Moderado,2218.51,8676.94
A02355,0.5278,0.2024,0.0124,0.2475,Baixo,1319.86,1187.54
A02357,0.9907,0.0476,0.0,0.3461,Baixo,0.0,0.0
A02359,1.0,0.0714,0.0626,0.378,Moderado,6670.59,2452.71
A02360,0.9907,0.1964,0.0368,0.408,Alto,3921.6,22906.03
A02361,0.9722,0.2619,0.0665,0.4335,Muito alto,7080.72,0.0
A02362,0.9074,0.1488,0.0585,0.3716,Moderado,6226.38,16251.76
A02366,0.8889,0.2262,0.0222,0.3791,Moderado,2363.41,0.0
A02367,0.963,0.1786,0.0551,0.3989,Alto,5867.9,0.0
A02368,0.9444,0.2321,0.0153,0.3973,Alto,1628.87,14299.39
A02369,0.8148,0.0655,0.0563,0.3122,Baixo,5995.11,24317.67
A02375,0.7963,0.2619,0.0212,0.3598,Moderado,2262.45,0.0
A02376,0.9815,0.131,0.2321,0.4482,Muito alto,24716.6,15958.41
A02377,0.9074,0.1429,0.0463,0.3655,Moderado,4930.79,8630.49
A02379,0.7037,0.256,0.0332,0.3309,Baixo,3532.63,3143.97
A02380,0.9444,0.1786,0.0356,0.3862,Alto,3796.11,13586.67
A02381,0.9167,0.0774,0.0111,0.3351,Baixo,1184.81,47317.99
A02382,0.787,0.1071,0.0155,0.3032,Baixo,1645.93,0.0
A02383,0.9259,0.0774,0.016,0.3398,Baixo,1703.36,67173.0
A02384,0.9074,0.1726,0.0075,0.3625,Moderado,799.66,1091.19
A02385,0.8704,0.2798,0.0066,0.3856,Alto,705.12,0.0
A02388,0.7778,0.2083,0.0125,0.3329,Baixo,1333.93,12019.77
A02389,0.9352,0.2024,0.0936,0.4104,Alto,9973.12,13618.16
A02391,0.6389,0.1786,0.0545,0.2906,Baixo,5799.13,8937.46
A02392,0.9722,0.2024,0.0282,0.4009,Alto,2999.69,0.0
A02393,0.8796,0.2024,0.3244,0.4688,Muito alto,34544.48,70857.21
A02394,0.8426,0.3036,0.1325,0.4262,Muito alto,14114.52,0.0
A02395,0.963,0.0714,0.0,0.3448,Baixo,0.0,3286.56
A02397,0.9352,0.25,0.2446,0.4766,Muito alto,26048.61,36937.11
A02398,0.787,0.1012,0.02,0.3027,Baixo,2132.25,27924.85
A02399,0.9444,0.0536,0.0,0.3327,Baixo,0.0,5478.98
A02400,0.6667,0.375,0.0099,0.3505,Moderado,1056.55,39476.48
A02401,0.9722,0.756,0.0902,0.6061,Muito alto,9600.51,28189.96
A02402,0.8241,0.1964,0.0586,0.3597,Moderado,6242.92,2821.36
A02405,0.9537,0.2321,0.0331,0.4063,Alto,3520.61,0.0
A02406,0.6389,0.375,0.0532,0.3557,Moderado,5669.91,23911.85
A02407,0.9722,0.0595,0.0,0.3439,Baixo,0.0,6355.14
A02408,0.8333,0.0417,0.0,0.2917,Baixo,0.0,0.0
A02410,0.8704,0.2024,0.0643,0.379,Moderado,6850.04,2323.17
A02412,0.9074,0.125,0.0931,0.3752,Moderado,9909.31,0.0
A02413,0.9167,0.125,0.0075,0.3497,Moderado,800.69,0.0
A02414,0.5648,0.3631,0.1591,0.3623,Moderado,16938.01,0.0
A02415,0.9722,0.0298,0.0,0.334,Baixo,0.0,7793.24
A02416,0.9537,0.1607,0.0142,0.3762,Moderado,1509.68,21340.39
A02417,0.9722,0.1607,0.0544,0.3958,Alto,5796.23,9598.63
A02419,0.9167,0.6369,0.0491,0.5342,Muito alto,5224.34,0.0
A02420,0.8426,0.0655,0.02,0.3093,Baixo,2127.45,40237.8
A02421,0.8056,0.1131,0.022,0.3136,Baixo,2346.25,0.0
A02422,0.8611,0.125,0.1526,0.3796,Moderado,16255.93,12066.45
A02423,0.9167,0.1071,0.0592,0.361,Moderado,6305.57,30893.74
A02424,0.8426,0.0357,0.0,0.2928,Baixo,0.0,0.0
A02426,1.0,0.3988,0.1549,0.5179,Muito alto,16495.79,4985.2
A02428,0.963,0.1012,0.0389,0.3677,Moderado,4145.43,0.0
A02429,0.963,0.119,0.0406,0.3742,Moderado,4327.99,0.0
A02430,0.9074,0.1845,0.0693,0.3871,Alto,7380.59,10903.43
A02431,0.9815,0.1786,0.0285,0.3962,Alto,3040.32,23035.38
A02432,0.963,0.0774,0.0504,0.3636,Moderado,5362.86,0.0
A02433,0.9815,0.2798,0.039,0.4334,Muito alto,4152.08,8540.79
A02434,0.9722,0.119,0.0179,0.3697,Moderado,1909.51,51391.46
A02436,0.6852,0.1607,0.289,0.3783,Moderado,30779.94,24857.84
A02437,0.9815,0.2738,0.0293,0.4282,Muito alto,3121.8,0.0
A02438,0.9444,0.1726,0.0164,0.3778,Moderado,1743.78,0.0
A02439,0.75,0.0952,0.0312,0.2921,Baixo,3318.62,4020.34
A02440,0.9907,0.3988,0.0197,0.4698,Muito alto,2101.35,2425.43
A02441,0.9537,0.1607,0.2687,0.461,Muito alto,28616.6,3291.8
A02442,0.8889,0.2381,0.2235,0.4502,Muito alto,23802.08,0.0
A02443,0.9167,0.2381,0.2796,0.4781,Muito alto,29779.82,4109.98
A02444,0.9722,0.0714,0.0,0.3479,Moderado,0.0,12717.17
A02445,0.9259,0.0536,0.0,0.3265,Baixo,0.0,0.0
A02446,0.8981,0.0655,0.0,0.3212,Baixo,0.0,0.0
A02447,0.9537,0.1369,0.0243,0.3716,Moderado,2584.2,0.0
A02448,0.787,0.4524,0.066,0.4351,Muito alto,7024.08,0.0
A02449,0.7778,0.3452,0.0683,0.3971,Alto,7272.62,0.0
A02450,0.8981,0.0536,0.0,0.3172,Baixo,0.0,74066.42
A02451,0.8333,0.1607,0.0994,0.3645,Moderado,10580.23,4773.4
A02452,0.8333,0.1726,0.0627,0.3562,Moderado,6678.62,0.0
A02453,0.9352,0.0774,0.0326,0.3484,Moderado,3474.18,0.0
A02454,0.7407,0.3869,0.0275,0.385,Alto,2927.12,1419.14
A02455,0.75,0.3095,0.0665,0.3753,Moderado,7079.41,5971.27
A02456,0.8333,0.1131,0.0109,0.3191,Baixo,1164.41,0.0
A02457,0.963,0.2857,0.0694,0.4394,Muito alto,7394.11,33669.35
A02458,0.9167,0.2202,0.0382,0.3917,Alto,4067.12,0.0
A02459,0.9352,0.2083,0.0297,0.3911,Alto,3165.76,11652.54
A02460,0.9259,0.1964,0.0204,0.3809,Alto,2168.63,4407.36
A02462,0.7037,0.2857,0.0419,0.3438,Baixo,4464.99,0.0
A02463,0.9074,0.3095,0.1019,0.4396,Muito alto,10852.05,12044.56
A02464,0.6296,0.3214,0.0983,0.3498,Moderado,10467.68,11127.37
A02465,0.6574,0.1488,0.0285,0.2782,Baixo,3037.51,12139.59
A02466,0.9352,0.1131,0.0091,0.3525,Moderado,970.21,0.0
A02470,0.7685,0.1905,0.1008,0.3532,Moderado,10729.53,0.0
A02471,0.963,0.1845,0.0618,0.4031,Alto,6581.21,5178.33
A02472,0.9815,0.131,0.145,0.4192,Muito alto,15446.66,0.0
A02473,0.713,0.1845,0.0206,0.306,Baixo,2193.18,0.0
A02474,0.8241,0.125,0.0035,0.3175,Baixo,377.25,0.0
A02476,0.9722,0.2024,0.027,0.4005,Alto,2877.09,16516.06
A02480,0.9815,0.1488,0.0637,0.398,Alto,6779.14,8193.52
A02481,0.6111,0.1786,0.0478,0.2792,Baixo,5095.17,0.0
A02482,0.6481,0.3095,0.1611,0.3729,Moderado,17153.89,0.0
A02483,0.9815,0.1131,0.0215,0.372,Moderado,2289.25,7208.75
A02485,0.9444,0.1845,0.1992,0.4427,Muito alto,21216.93,101535.75
A02486,0.963,0.2381,0.0498,0.417,Alto,5302.62,0.0
A02487,0.9352,0.0893,0.0112,0.3452,Baixo,1194.69,0.0
A02489,0.9907,0.1964,0.2076,0.4649,Muito alto,22103.19,0.0
A02490,0.6574,0.1845,0.0817,0.3079,Baixo,8696.92,14093.47
A02491,0.7963,0.1429,0.1231,0.3541,Moderado,13105.93,0.0
A02492,0.8889,0.1131,0.0347,0.3456,Baixo,3696.89,830.84
A02493,0.9352,0.1607,0.0681,0.388,Alto,7247.76,0.0
A02496,0.9074,0.1845,0.0217,0.3712,Moderado,2312.91,0.0
A02497,0.9444,0.125,0.0467,0.372,Moderado,4970.8,0.0
A02498,1.0,0.2262,0.0282,0.4181,Alto,3007.78,7290.77
A02499,0.9167,0.6726,0.489,0.6928,Muito alto,52078.31,0.0
A02501,1.0,0.4345,0.015,0.4832,Muito alto,1592.53,0.0
A02502,0.9907,0.1488,0.0245,0.388,Alto,2609.41,0.0
A02503,0.9074,0.0833,0.0256,0.3388,Baixo,2724.02,0.0
A02504,0.9074,0.4881,0.6235,0.673,Muito alto,66396.63,29521.43
A02505,0.8611,0.1071,0.0,0.3228,Baixo,0.0,2543.47
A02506,0.9537,0.3155,0.013,0.4274,Muito alto,1379.62,6436.54
A02507,0.8333,0.6429,0.2886,0.5883,Muito alto,30731.18,15899.17
A02508,0.8519,0.1786,0.0182,0.3495,Moderado,1935.28,0.0
A02509,0.9815,0.1964,0.0097,0.3959,Alto,1030.77,22074.62
A02511,0.8519,0.0714,0.0356,0.3196,Baixo,3789.52,7391.76
A02512,0.9907,0.1786,0.0578,0.409,Alto,6151.66,0.0
A02513,0.8889,0.1607,0.0176,0.3557,Moderado,1869.72,0.0
A02515,0.7778,0.494,0.133,0.4683,Muito alto,14163.01,0.0
A02516,0.9537,0.2083,0.0577,0.4066,Alto,6148.09,37010.77
A02518,0.963,0.3452,0.1632,0.4905,Muito alto,17377.78,5594.86
A02519,0.9907,0.2262,0.0338,0.4169,Alto,3600.66,3002.11
A02520,0.9074,0.2202,0.0736,0.4004,Alto,7835.23,57514.87
A02521,0.8148,0.1012,0.011,0.309,Baixo,1174.69,0.0
A02523,1.0,0.506,0.1094,0.5385,Muito alto,11650.41,0.0
A02524,0.963,0.0536,0.0,0.3388,Baixo,0.0,0.0
A02525,0.787,0.1786,0.0171,0.3276,Baixo,1821.0,0.0
A02526,0.963,0.3393,0.0121,0.4381,Muito alto,1288.42,14201.37
A02530,0.8056,0.3274,0.0587,0.3972,Alto,6255.69,17657.94
A02531,0.8796,0.1607,0.0177,0.3527,Moderado,1882.65,0.0
A02532,1.0,0.3393,0.0873,0.4755,Muito alto,9295.86,3948.47
A02533,0.9722,0.131,0.0103,0.3712,Moderado,1101.42,3164.31
A02534,0.9537,0.256,0.0384,0.416,Alto,4093.23,0.0
A02537,0.9815,0.1667,0.044,0.3974,Alto,4682.89,40952.32
A02538,0.9815,0.119,0.1956,0.432,Muito alto,20832.2,18481.11
A02539,0.7963,0.1964,0.0296,0.3408,Baixo,3149.9,1744.65
A02540,0.8056,0.1369,0.023,0.3218,Baixo,2451.38,0.0
A02541,0.8704,0.244,0.018,0.3775,Moderado,1921.52,10292.59
A02544,0.9815,0.2083,0.0163,0.402,Alto,1737.49,22128.9
A02545,0.9352,0.1845,0.0166,0.3788,Moderado,1765.55,0.0
A02546,0.9815,0.1131,0.0358,0.3768,Moderado,3816.18,23261.55
A02547,0.9074,0.2738,0.0386,0.4066,Alto,4108.63,0.0
A02548,0.9907,0.3095,0.0164,0.4389,Muito alto,1741.68,12212.74
A02550,0.9907,0.1905,0.0426,0.408,Alto,4540.18,0.0
A02553,0.9444,0.0893,0.1525,0.3954,Alto,16237.45,4213.44
A02554,0.8519,0.0893,0.0546,0.3319,Baixo,5816.37,532.19
A02555,1.0,0.0536,0.0,0.3512,Moderado,0.0,0.0
A02557,0.9722,0.1905,0.0296,0.3974,Alto,3149.92,0.0
A02558,0.9722,0.2321,0.0489,0.4177,Alto,5202.47,6405.73
A02561,0.963,0.4702,0.1374,0.5235,Muito alto,14628.19,12152.74
A02562,0.8519,0.1786,0.0232,0.3512,Moderado,2472.44,29671.02
A02563,0.9259,0.2262,0.0362,0.3961,Alto,3856.79,0.0
A02564,0.8981,0.3452,0.1025,0.4486,Muito alto,10912.01,0.0
A02567,0.9074,0.4702,0.1874,0.5217,Muito alto,19956.31,11655.92
A02568,0.9259,0.2738,0.0663,0.422,Muito alto,7056.9,0.0
A02570,0.9167,0.3988,0.0134,0.443,Muito alto,1430.61,38345.54
A02571,0.9074,0.2024,0.0886,0.3995,Alto,9432.07,2979.49
A02572,0.9444,0.256,0.0692,0.4232,Muito alto,7368.45,0.0
A02573,0.787,0.2143,0.0555,0.3523,Moderado,5913.02,0.0
A02575,1.0,0.1429,0.0761,0.4063,Alto,8101.2,0.0
A02580,0.9167,0.25,0.0397,0.4021,Alto,4232.31,13982.72
A02581,0.8796,0.4405,0.0616,0.4606,Muito alto,6561.35,836.8
A02582,0.9815,0.0179,0.0,0.3331,Baixo,0.0,2738.4
A02583,0.713,0.7679,0.0429,0.5079,Muito alto,4572.45,13927.48
A02586,0.9722,0.3155,0.0426,0.4434,Muito alto,4534.06,0.0
A02587,0.963,0.1012,0.0095,0.3579,Moderado,1014.9,51827.72
A02588,0.9722,0.1786,0.0,0.3836,Alto,0.0,20491.1
A02590,0.9352,0.2202,0.14,0.4318,Muito alto,14907.06,2133.63
A02591,0.963,0.3393,0.0589,0.4537,Muito alto,6272.16,18335.45
A02592,0.9259,0.1845,0.0384,0.3829,Alto,4088.88,0.0
A02594,0.9444,0.1012,0.018,0.3545,Moderado,1912.83,24842.24
A02597,0.8241,0.5,0.1185,0.4808,Muito alto,12614.75,11296.99
A02599,0.9259,0.1786,0.0223,0.3756,Moderado,2379.21,0.0
A02600,0.8519,0.2024,0.0154,0.3565,Moderado,1638.05,43051.18
A02601,0.963,0.1607,0.0297,0.3845,Alto,3160.12,4880.06
A02604,0.9444,0.1012,0.0307,0.3588,Moderado,3268.89,0.0
A02605,0.9907,0.3274,0.1687,0.4956,Muito alto,17963.76,18726.71
A02607,0.9907,0.256,0.3314,0.526,Muito alto,35290.48,9729.45
A02608,0.8519,0.0714,0.0397,0.321,Baixo,4232.71,3392.81
A02610,0.9167,0.3988,0.1074,0.4743,Muito alto,11441.1,8635.07
A02611,0.9259,0.244,0.1071,0.4257,Muito alto,11408.62,0.0
A02612,0.9259,0.125,0.011,0.354,Moderado,1174.16,0.0
A02613,0.9167,0.2202,0.0253,0.3874,Alto,2698.34,3524.81
A02614,0.9444,0.1369,0.024,0.3684,Moderado,2550.89,8785.79
A02615,0.9537,0.2143,0.1435,0.4372,Muito alto,15283.47,16062.91
A02616,0.9722,0.25,0.0684,0.4302,Muito alto,7287.92,12087.59
A02617,0.9722,0.0357,0.0,0.336,Baixo,0.0,6361.83
A02621,1.0,0.4643,0.6704,0.7115,Muito alto,71388.74,23810.39
A02622,0.963,0.1548,0.2653,0.461,Muito alto,28252.26,7862.29
A02623,0.963,0.1131,0.4852,0.5204,Muito alto,51676.05,0.0
A02624,0.9815,0.2262,0.0234,0.4103,Alto,2487.66,51987.15
A02625,0.9259,0.0238,0.0393,0.3297,Baixo,4183.91,0.0
A02626,1.0,0.1786,0.0087,0.3958,Alto,927.24,5328.02
A02627,0.963,0.2381,0.027,0.4094,Alto,2876.98,2865.46
A02628,0.9722,0.0536,0.0711,0.3656,Moderado,7572.24,0.0
A02630,0.8981,0.2679,0.1428,0.4363,Muito alto,15206.18,0.0
A02632,0.9907,0.1488,0.0349,0.3915,Alto,3713.28,7379.69
A02633,0.8704,0.3333,0.0249,0.4095,Alto,2649.48,0.0
A02636,0.6296,0.0595,0.0194,0.2362,Baixo,2068.6,10513.2
A02637,0.963,0.375,0.0868,0.4749,Muito alto,9241.37,0.0
A02640,0.9074,0.4464,0.2611,0.5383,Muito alto,27804.98,5512.82
A02644,0.9907,0.3333,0.1444,0.4895,Muito alto,15378.63,2683.33
A02646,0.8889,0.2619,0.0096,0.3868,Alto,1026.29,0.0
A02647,0.8981,0.1607,0.0366,0.3652,Moderado,3902.36,7818.69
A02649,0.9722,0.2321,0.1965,0.467,Muito alto,20925.35,5020.75
A02650,0.9259,0.0714,0.0,0.3325,Baixo,0.0,28191.65
A02651,0.9167,0.1905,0.0668,0.3913,Alto,7111.15,19399.84
A02653,0.9444,0.1786,0.0188,0.3806,Alto,2003.37,1659.68
A02655,0.7222,0.2262,0.0171,0.3218,Baixo,1816.59,2739.28
A02657,0.963,0.1012,0.0,0.3547,Moderado,0.0,7248.02
A02659,0.9537,0.1071,0.0346,0.3652,Moderado,3685.65,15325.12
A02660,0.8981,0.3155,0.0389,0.4175,Alto,4144.17,13916.96
A02661,0.8519,0.1548,0.0428,0.3498,Moderado,4555.28,5626.66
A02662,0.9907,0.3512,0.0432,0.4617,Muito alto,4595.29,0.0
A02663,0.7037,0.3095,0.0899,0.3677,Moderado,9569.29,12139.09
A02666,0.963,0.1369,0.0,0.3666,Moderado,0.0,0.0
A02667,0.7315,0.25,0.1023,0.3613,Moderado,10898.5,0.0
A02668,0.8796,0.381,0.1712,0.4773,Muito alto,18233.71,7205.54
A02669,0.9815,0.1131,0.0319,0.3755,Moderado,3398.18,15207.14
A02670,0.9352,0.1071,0.0,0.3474,Moderado,0.0,0.0
A02671,0.963,0.2083,0.0246,0.3986,Alto,2621.08,0.0
A02672,0.9167,0.1905,0.1024,0.4032,Alto,10900.05,9413.77
A02673,0.9815,0.2024,0.0059,0.3966,Alto,632.81,3401.63
A02674,0.7963,0.0714,0.0284,0.2987,Baixo,3019.62,55978.49
A02676,0.9815,0.3095,0.1285,0.4732,Muito alto,13681.99,16275.39
A02677,1.0,0.2083,0.082,0.4301,Muito alto,8730.48,0.0
A02678,0.9352,0.2083,0.023,0.3889,Alto,2453.78,11829.87
A02679,0.9167,0.4167,0.0553,0.4629,Muito alto,5892.55,3855.24
A02681,0.963,0.3869,0.2964,0.5488,Muito alto,31564.17,127735.62
A02682,0.6204,0.2738,0.0745,0.3229,Baixo,7932.27,0.0
A02684,0.9167,0.1429,0.0137,0.3577,Moderado,1461.29,0.0
A02685,0.9537,0.0536,0.0291,0.3454,Baixo,3095.46,0.0
A02686,0.7963,0.1607,0.0697,0.3422,Baixo,7425.81,2401.45
A02687,0.8796,0.1369,0.6392,0.5519,Muito alto,68075.25,34435.73
A02689,0.9815,0.1786,0.0995,0.4199,Muito alto,10598.02,0.0
A02691,0.9352,0.1845,0.0208,0.3802,Alto,2210.92,5186.57
A02693,0.9352,0.2024,0.0672,0.4016,Alto,7151.25,5751.68
A02694,0.9352,0.2738,0.0797,0.4296,Muito alto,8483.62,0.0
A02695,0.9907,0.2083,0.0282,0.4091,Alto,3005.71,0.0
A02697,0.9074,0.1607,0.0883,0.3855,Alto,9398.74,13841.89
A02699,0.9722,0.3155,0.0207,0.4361,Muito alto,2205.88,0.0
A02700,0.787,0.1964,0.0088,0.3307,Baixo,932.47,8485.61
A02701,0.9815,0.1667,0.0271,0.3917,Alto,2884.21,2196.7
A02702,0.8889,0.131,0.0749,0.3649,Moderado,7974.53,4232.13
A02704,0.8519,0.2202,0.1553,0.4091,Alto,16533.45,13511.41
A02706,0.9537,0.125,0.053,0.3772,Moderado,5641.52,10358.37
A02707,0.5741,0.125,0.0398,0.2463,Baixo,4241.48,110381.5
A02708,0.9722,0.5238,0.0341,0.5101,Muito alto,3635.84,0.0
A02709,0.8889,0.125,0.0507,0.3549,Moderado,5400.91,0.0
A02710,0.9537,0.1786,0.0206,0.3843,Alto,2195.02,25147.75
A02712,0.9444,0.1786,0.0758,0.3996,Alto,8074.68,3607.99
A02713,0.9907,0.3869,0.0528,0.4768,Muito alto,5625.83,44543.79
A02714,1.0,0.1726,0.0177,0.3968,Alto,1884.14,36606.38
A02715,0.9259,0.2143,0.0197,0.3866,Alto,2099.93,58811.96
A02716,0.9352,0.3333,0.0049,0.4245,Muito alto,519.36,0.0
A02718,0.4815,0.0833,0.0,0.1883,Baixo,0.0,0.0
A02719,0.8796,0.2083,0.0556,0.3812,Alto,5916.99,12172.27
A02720,0.9722,0.381,0.0074,0.4535,Muito alto,784.29,8349.84
A02721,0.8056,0.1131,0.0059,0.3082,Baixo,627.15,4797.14
A02723,0.9815,0.1964,0.0582,0.412,Alto,6201.85,12899.89
A02724,0.963,0.1131,0.1948,0.4236,Muito alto,20744.21,13449.24
A02727,0.9722,0.256,0.2029,0.477,Muito alto,21612.64,0.0
A02728,0.9907,0.1964,0.2649,0.484,Muito alto,28212.49,0.0
A02729,0.9815,0.3155,0.0097,0.4355,Muito alto,1028.53,13944.3
A02730,0.9907,0.1726,0.0345,0.3993,Alto,3674.06,0.0
A02731,0.9815,0.1548,0.0191,0.3851,Alto,2038.46,0.0
A02732,0.9815,0.0595,0.0,0.347,Moderado,0.0,0.0
A02733,0.9352,0.2857,0.0683,0.4297,Muito alto,7277.32,25606.01
A02736,0.9907,0.119,0.0367,0.3821,Alto,3903.22,0.0
A02738,0.9815,0.2262,0.0411,0.4163,Alto,4375.46,0.0
A02739,0.6296,0.0893,0.0558,0.2582,Baixo,5937.13,9661.37
A02740,0.9907,0.4167,0.0436,0.4837,Muito alto,4642.89,0.0
A02742,0.8056,0.1429,0.0143,0.3209,Baixo,1518.54,20923.52
A02743,0.6574,0.119,0.0,0.2588,Baixo,0.0,1792.92
A02744,0.9259,0.0893,0.0,0.3384,Baixo,0.0,12206.63
A02745,0.8241,0.2202,0.0339,0.3594,Moderado,3612.37,20174.02
A02746,1.0,0.1964,0.0105,0.4023,Alto,1122.77,0.0
A02747,0.963,0.1369,0.0514,0.3838,Alto,5478.36,4657.85
A02748,0.8889,0.3095,0.0417,0.4134,Alto,4441.27,0.0
A02751,0.8889,0.0595,0.0641,0.3375,Baixo,6826.43,0.0
A02752,0.9722,0.0536,0.0146,0.3468,Moderado,1555.76,0.0
A02754,1.0,0.1786,0.016,0.3982,Alto,1703.32,0.0
A02755,0.5185,0.7917,0.0312,0.4471,Muito alto,3318.52,2951.41
A02756,0.9074,0.3512,0.1155,0.458,Muito alto,12303.48,11783.94
A02757,0.2963,0.119,0.0506,0.1553,Baixo,5392.43,0.0
A02758,0.8426,0.1548,0.1205,0.3726,Moderado,12835.78,4079.74
A02759,0.8241,0.0714,0.0325,0.3093,Baixo,3463.22,0.0
A02761,0.9444,0.1845,0.0118,0.3803,Alto,1258.84,8091.06
A02762,0.7037,0.3155,0.099,0.3727,Moderado,10546.88,7198.65
A02763,0.8889,0.1726,0.0416,0.3677,Moderado,4434.66,0.0
A02764,0.8611,0.3571,0.3778,0.532,Muito alto,40235.62,0.0
A02765,0.7963,0.2679,0.2026,0.4223,Muito alto,21578.9,0.0
A02768,0.8796,0.0655,0.0,0.315,Baixo,0.0,23139.42
A02769,0.9815,0.2202,0.0673,0.423,Muito alto,7169.38,5690.41
A02770,0.9352,0.125,0.0229,0.361,Moderado,2438.93,0.0
A02771,0.9907,0.375,0.3104,0.5587,Muito alto,33051.95,5202.55
A02772,0.9259,0.1905,0.1146,0.4103,Alto,12203.33,12549.53
A02773,0.9352,0.0833,0.0148,0.3444,Baixo,1576.99,0.0
A02774,0.9907,0.1369,0.1706,0.4328,Muito alto,18170.01,89162.29
A02775,0.9537,0.131,0.0121,0.3656,Moderado,1285.22,0.0
A02777,0.8796,0.1786,0.0397,0.366,Moderado,4232.39,0.0
A02778,0.9074,0.2262,0.0524,0.3953,Alto,5583.51,6291.24
A02779,0.537,0.1964,0.2221,0.3185,Baixo,23647.54,6827.98
A02781,0.6389,0.244,0.4727,0.4519,Muito alto,50341.01,2689.84
A02782,0.8796,0.0417,0.0,0.3071,Baixo,0.0,0.0
A02784,0.8889,0.0714,0.0,0.3201,Baixo,0.0,50180.0
A02785,0.9722,0.0774,0.0638,0.3711,Moderado,6793.58,0.0
A02787,0.9815,0.0952,0.0,0.3589,Moderado,0.0,0.0
A02789,0.9444,0.2738,0.1146,0.4443,Muito alto,12209.45,0.0
A02790,0.9722,0.119,0.0272,0.3728,Moderado,2892.75,8130.58
A02791,0.9722,0.2381,0.018,0.4094,Alto,1912.47,16114.03
A02793,1.0,0.2679,0.0492,0.439,Muito alto,5237.82,0.0
A02794,0.9537,0.2917,0.0206,0.422,Muito alto,2188.9,4859.37
A02795,0.9352,0.1429,0.0561,0.378,Moderado,5970.24,78290.26
A02797,0.9259,0.381,0.1602,0.489,Muito alto,17055.9,46693.52
A02798,0.7407,0.2083,0.0184,0.3225,Baixo,1962.15,4250.27
A02800,0.9259,0.0893,0.02,0.3451,Baixo,2132.71,0.0
A02801,0.9259,0.0655,0.0,0.3305,Baixo,0.0,0.0
A02802,0.9537,0.2024,0.0137,0.3899,Alto,1462.96,10255.91
A02803,0.8333,0.2798,0.2742,0.4624,Muito alto,29202.18,0.0
A02805,1.0,0.2381,0.1319,0.4567,Muito alto,14049.63,0.0
A02806,0.8889,0.1488,0.0,0.3459,Baixo,0.0,19370.0
A02807,0.8519,0.2679,0.114,0.4112,Alto,12136.61,0.0
A02809,0.8241,0.1548,0.1208,0.3665,Moderado,12862.45,0.0
A02810,0.6667,0.0536,0.0401,0.2535,Baixo,4273.61,26756.34
A02812,0.9815,0.125,0.0309,0.3791,Moderado,3295.92,14249.18
A02814,0.9444,0.2202,0.0118,0.3922,Alto,1261.95,5145.6
A02815,0.7685,0.1667,0.0886,0.3413,Baixo,9433.99,47432.09
A02817,0.7778,0.1667,0.0919,0.3455,Baixo,9791.25,13888.02
A02820,0.8056,0.1548,0.0368,0.3324,Baixo,3916.12,11185.47
A02821,0.9722,0.119,0.0505,0.3806,Alto,5376.35,3374.05
A02822,0.8333,0.0655,0.031,0.3099,Baixo,3305.36,0.0
A02823,0.713,0.2143,0.0276,0.3183,Baixo,2939.72,0.0
A02824,0.963,0.2917,0.0753,0.4433,Muito alto,8016.69,4515.17
A02825,0.9722,0.0714,0.0,0.3479,Moderado,0.0,0.0
A02826,0.8796,0.2143,0.015,0.3696,Moderado,1594.11,7205.04
A02827,0.7685,0.1964,0.0925,0.3525,Moderado,9846.19,0.0
A02828,0.9167,0.1964,0.0259,0.3797,Alto,2757.36,10515.01
A02829,0.9444,0.1071,0.0343,0.362,Moderado,3651.57,22495.14
A02833,0.963,0.1667,0.0533,0.3943,Alto,5674.96,5482.6
A02834,0.9537,0.0536,0.0,0.3358,Baixo,0.0,0.0
A02836,0.7037,0.5119,0.0638,0.4265,Muito alto,6790.36,39181.82
A02837,0.8704,0.3274,0.0538,0.4172,Alto,5732.45,46099.24
A02838,0.9907,0.3214,0.1512,0.4878,Muito alto,16102.08,33946.43
A02840,0.9352,0.244,0.0386,0.4059,Alto,4111.32,20535.47
A02841,0.9167,0.1548,0.1044,0.3919,Alto,11113.73,16226.32
A02843,0.3611,0.1429,0.0515,0.1852,Baixo,5486.45,3304.7
A02844,0.9537,0.0357,0.0311,0.3402,Baixo,3308.35,0.0
A02845,0.963,0.2679,0.0074,0.4127,Alto,785.63,5686.92
A02848,0.9722,0.3214,0.1623,0.4853,Muito alto,17280.01,0.0
A02850,0.963,0.1071,0.0131,0.3611,Moderado,1398.88,0.0
A02852,0.9444,0.0952,0.0062,0.3486,Moderado,663.1,3885.68
A02854,0.9537,0.119,0.0771,0.3833,Alto,8215.65,11964.34
A02856,0.9537,0.1131,0.0149,0.3605,Moderado,1581.44,11227.8
A02857,0.8519,0.1071,0.173,0.3773,Moderado,18422.25,3883.65
A02858,0.8333,0.1905,0.1253,0.383,Alto,13341.32,7767.93
A02859,0.8796,0.0833,0.0303,0.3311,Baixo,3224.06,5809.75
A02860,0.9167,0.1726,0.0245,0.3712,Moderado,2605.23,0.0
A02861,0.7593,0.2321,0.0192,0.3369,Baixo,2044.14,13062.61
A02862,0.9444,0.1548,0.0508,0.3833,Alto,5414.14,7835.19
A02864,0.9722,0.0179,0.0,0.33,Baixo,0.0,0.0
A02867,0.963,0.1071,0.0625,0.3775,Moderado,6658.17,6980.23
A02869,0.8981,0.2083,0.0297,0.3787,Moderado,3167.16,5656.98
A02871,1.0,0.4226,0.1913,0.538,Muito alto,20375.43,3680.06
A02872,0.8519,0.0417,0.0,0.2978,Baixo,0.0,0.0
A02873,0.8333,0.1488,0.028,0.3367,Baixo,2981.34,24762.46
A02874,0.9815,0.1012,0.0138,0.3655,Moderado,1471.14,0.0
A02878,0.6481,0.369,0.2099,0.409,Alto,22358.1,2259.82
A02879,0.9074,0.1071,0.0146,0.3431,Baixo,1556.85,10228.76
A02880,0.9722,0.131,0.0196,0.3743,Moderado,2089.99,4506.31
A02881,0.7778,0.0952,0.0,0.291,Baixo,0.0,20988.77
A02882,0.8981,0.2143,0.266,0.4595,Muito alto,28332.48,20032.1
A02884,0.8704,0.1845,0.0148,0.3566,Moderado,1572.73,46409.11
A02886,0.8981,0.0774,0.0303,0.3353,Baixo,3223.31,15053.41
A02887,0.963,0.0655,0.038,0.3555,Moderado,4041.69,5633.66
A02890,0.8981,0.2679,0.0736,0.4132,Alto,7835.84,30551.12
A02891,0.9259,0.256,0.1568,0.4462,Muito alto,16701.31,0.0
A02892,0.9352,0.25,0.0559,0.4137,Alto,5951.05,0.0
A02894,0.9259,0.1845,0.151,0.4205,Muito alto,16077.73,6454.25
A02895,0.8981,0.0774,0.0707,0.3487,Moderado,7527.84,0.0
A02896,0.6852,0.1845,0.0515,0.3071,Baixo,5481.18,116909.8
A02899,0.9444,0.0714,0.0,0.3386,Baixo,0.0,0.0
A02902,0.75,0.0774,0.0,0.2758,Baixo,0.0,0.0
A02903,0.7963,0.1369,0.0421,0.3251,Baixo,4484.23,5489.18
A02906,0.6759,0.1607,0.0212,0.2859,Baixo,2258.31,0.0
A02907,0.963,0.0952,0.0477,0.3686,Moderado,5080.04,0.0
A02908,0.9907,0.7083,0.056,0.585,Muito alto,5967.1,6652.99
A02909,0.3796,0.125,0.1402,0.2149,Baixo,14928.77,0.0
A02910,0.9722,0.0833,0.0991,0.3849,Alto,10552.63,20660.32
A02911,0.8889,0.0357,0.0,0.3082,Baixo,0.0,43079.53
A02912,0.9722,0.381,0.0337,0.4623,Muito alto,3583.69,13586.27
A02914,0.537,0.1905,0.0076,0.245,Baixo,806.93,0.0
A02916,0.9167,0.2619,0.1279,0.4355,Muito alto,13618.68,21609.77
A02918,0.8241,0.2917,0.3726,0.4961,Muito alto,39679.99,799.4
A02920,0.9537,0.1012,0.0105,0.3551,Moderado,1123.47,9465.79
A02921,0.9167,0.0893,0.1429,0.383,Alto,15218.93,18268.6
A02923,0.9352,0.125,0.066,0.3754,Moderado,7030.1,0.0
A02924,0.9907,0.131,0.0273,0.383,Alto,2903.66,8371.11
A02925,0.9537,0.0476,0.0478,0.3497,Moderado,5088.32,0.0
A02926,0.9722,0.2321,0.0433,0.4159,Alto,4612.58,2807.46
A02927,0.9537,0.1012,0.0089,0.3546,Moderado,952.95,0.0
A02928,0.9537,0.1845,0.0069,0.3817,Alto,739.99,4280.02
A02929,0.6667,0.3333,0.1478,0.3826,Alto,15736.58,0.0
A02936,0.7963,0.1845,0.2979,0.4262,Muito alto,31722.13,0.0
A02937,0.8704,0.1905,0.0455,0.3688,Moderado,4845.98,537.66
A02940,0.8704,0.2202,0.0213,0.3706,Moderado,2272.19,0.0
A02942,0.9352,0.2619,0.1636,0.4536,Muito alto,17424.64,0.0
A02944,0.8241,0.3929,0.0405,0.4191,Muito alto,4315.0,6093.15
A02945,0.7685,0.0893,0.0393,0.299,Baixo,4185.45,0.0
A02947,0.6944,0.2024,0.0139,0.3036,Baixo,1479.91,0.0
A02948,0.9444,0.1548,0.1025,0.4006,Alto,10911.9,11200.85
A02949,0.6296,0.131,0.0645,0.275,Baixo,6865.44,0.0
A02951,0.8426,0.0774,0.0165,0.3122,Baixo,1759.1,2391.12
A02952,0.963,0.2738,0.0976,0.4448,Muito alto,10395.92,12773.79
A02953,0.8981,0.2321,0.1005,0.4103,Alto,10698.86,0.0
A02954,0.7685,0.1429,0.061,0.3241,Baixo,6493.52,0.0
A02955,0.7685,0.1607,0.0775,0.3356,Baixo,8251.97,2644.5
A02956,1.0,0.3988,0.2438,0.5475,Muito alto,25965.44,12302.17
A02957,0.9722,0.2798,0.0284,0.4268,Muito alto,3026.91,0.0
A02960,0.9815,0.2679,0.0176,0.4223,Muito alto,1874.52,2662.34
A02961,0.8056,0.1012,0.0124,0.3064,Baixo,1318.48,8981.31
A02962,0.8889,0.2619,0.192,0.4476,Muito alto,20444.75,13895.8
A02964,0.9167,0.1429,0.0281,0.3626,Moderado,2997.7,0.0
A02965,0.7037,0.0655,0.0155,0.2616,Baixo,1652.54,0.0
A02966,0.8148,0.1726,0.0409,0.3428,Baixo,4356.87,25559.23
A02967,0.1667,0.1012,0.0281,0.0986,Baixo,2988.59,0.0
A02969,0.8148,0.244,0.15,0.403,Alto,15975.87,0.0
A02972,0.8704,0.0833,0.0,0.3179,Baixo,0.0,0.0
A02973,0.9259,0.2976,0.0137,0.4124,Alto,1454.52,0.0
A02974,0.9907,0.1131,0.0423,0.382,Alto,4499.66,0.0
A02975,0.9537,0.1369,0.0422,0.3776,Moderado,4495.05,0.0
A02976,0.963,0.131,0.0,0.3646,Moderado,0.0,4570.56
A02977,0.8796,0.1726,0.0114,0.3546,Moderado,1219.2,0.0
A02979,0.75,0.0714,0.0257,0.2824,Baixo,2740.73,0.0
A02980,0.9815,0.369,0.0779,0.4761,Muito alto,8293.69,10229.99
A02981,0.9815,0.1488,0.0138,0.3814,Alto,1465.6,0.0
A02982,0.9907,0.0952,0.046,0.3773,Moderado,4896.2,7957.7
A02985,0.9259,0.7202,0.0473,0.5645,Muito alto,5032.93,3801.02
A02986,0.8148,0.1369,0.1023,0.3513,Moderado,10892.75,31091.59
A02987,0.9907,0.0893,0.1831,0.421,Muito alto,19494.01,3543.71
A02988,0.9074,0.1429,0.0524,0.3676,Moderado,5580.33,11062.66
A02989,0.963,0.1548,0.0396,0.3858,Alto,4213.39,10109.47
A02991,0.9352,0.125,0.0183,0.3595,Moderado,1949.84,0.0
A02992,0.9722,0.1131,0.0293,0.3715,Moderado,3120.39,0.0
A02993,0.8889,0.0952,0.0,0.328,Baixo,0.0,147922.35
A02994,1.0,0.0655,0.0694,0.3783,Moderado,7386.95,0.0
A02995,0.7778,0.1012,0.0129,0.2973,Baixo,1374.08,11947.59
A02996,0.963,0.2143,0.2517,0.4763,Muito alto,26799.59,6532.73
A02997,0.8056,0.2024,0.0892,0.3657,Moderado,9496.31,5440.54
A03000,0.8889,0.2857,0.0204,0.3983,Alto,2173.63,14996.92
A03002,0.3056,0.25,0.0071,0.1876,Baixo,761.26,8404.74
A03003,0.787,0.1012,0.0421,0.3101,Baixo,4479.09,17218.62
A03004,0.8611,0.125,0.0138,0.3333,Baixo,1474.33,0.0
A03005,0.9167,0.1607,0.0097,0.3624,Moderado,1037.64,0.0
A03006,0.7778,0.2143,0.1662,0.3861,Alto,17697.93,27814.36
A03010,0.963,0.2798,0.0159,0.4195,Muito alto,1693.76,0.0
A03011,0.713,0.2202,0.0498,0.3277,Baixo,5302.5,0.0
A03013,0.9352,0.3214,0.5209,0.5925,Muito alto,55471.28,20129.21
A03014,0.8796,0.256,0.0209,0.3855,Alto,2223.72,45366.33
A03017,1.0,0.631,0.0632,0.5647,Muito alto,6734.6,7968.84
A03019,0.9907,0.1488,0.0617,0.4004,Alto,6571.08,58261.62
A03020,0.7222,0.1131,0.1188,0.318,Baixo,12653.46,13460.38
A03021,0.8426,0.0893,0.0559,0.3292,Baixo,5949.66,26586.68
A03022,0.9537,0.0714,0.0,0.3417,Baixo,0.0,0.0
A03023,0.9259,0.1131,0.0,0.3463,Baixo,0.0,17034.81
A03024,0.7685,0.5655,0.0938,0.4759,Muito alto,9988.66,3449.48
A03027,1.0,0.0774,0.0193,0.3656,Moderado,2056.78,0.0
A03028,0.9167,0.0357,0.0,0.3175,Baixo,0.0,0.0
A03029,0.9444,0.2143,0.0415,0.4001,Alto,4415.59,0.0
A03030,0.8426,0.2024,0.0087,0.3512,Moderado,924.44,6562.33
A03032,0.9074,0.0595,0.0,0.3223,Baixo,0.0,581.04
A03035,0.9815,0.119,0.1432,0.4146,Alto,15246.17,0.0
A03037,0.963,0.119,0.0267,0.3696,Moderado,2846.34,5023.98
A03040,0.5556,0.3988,0.11,0.3548,Moderado,11718.07,10278.81
A03044,0.8519,0.5,0.12,0.4906,Muito alto,12779.02,24215.33
A03046,0.9537,0.1964,0.0559,0.402,Alto,5947.8,9655.84
A03047,0.9722,0.125,0.0429,0.38,Alto,4567.16,12460.54
A03048,0.8611,0.0893,0.0,0.3168,Baixo,0.0,20359.9
A03049,1.0,0.1607,0.0547,0.4051,Alto,5821.08,93112.22
A03050,0.787,0.2024,0.0322,0.3405,Baixo,3428.76,0.0
A03051,0.8611,0.2381,0.0669,0.3887,Alto,7126.96,29078.69
A03052,0.9444,0.2321,0.016,0.3975,Alto,1702.6,0.0
A03054,0.9907,0.1548,0.0265,0.3907,Alto,2824.98,19576.93
A03055,0.787,0.3571,0.0195,0.3879,Alto,2081.78,0.0
A03056,0.9815,0.2738,0.0098,0.4217,Muito alto,1043.75,0.0
A03059,0.9167,0.381,0.1164,0.4713,Muito alto,12396.92,12476.23
A03061,0.9537,0.2857,0.1029,0.4474,Muito alto,10959.85,0.0
A03062,0.8519,0.1786,0.0375,0.356,Moderado,3996.78,0.0
A03063,0.9444,0.0714,0.0371,0.351,Moderado,3947.94,21407.16
A03066,0.5278,0.6369,0.0536,0.4061,Alto,5706.14,0.0
A03067,0.8704,0.3512,0.6709,0.6308,Muito alto,71446.18,13053.52
A03068,0.9907,0.0655,0.0,0.3521,Moderado,0.0,8412.01
A03070,0.9352,0.1488,0.1481,0.4107,Alto,15767.19,3710.06
A03071,0.9444,0.0952,0.0214,0.3537,Moderado,2281.56,2087.41
A03074,0.9537,0.0357,0.0606,0.35,Moderado,6456.04,0.0
A03075,0.8796,0.3036,0.1493,0.4442,Muito alto,15898.44,4215.08
A03077,0.9444,0.244,0.1126,0.4337,Muito alto,11993.95,0.0
A03079,0.9815,0.3274,0.2868,0.5319,Muito alto,30537.57,0.0
A03080,0.8981,0.2679,0.3761,0.514,Muito alto,40049.44,23282.14
A03081,0.9815,0.2857,0.0989,0.4554,Muito alto,10531.53,10608.2
A03082,0.7037,0.0952,0.0614,0.2868,Baixo,6540.64,8033.79
A03083,0.8611,0.1429,0.0536,0.3525,Moderado,5711.17,0.0
A03084,0.4815,0.4226,0.0728,0.3256,Baixo,7751.03,12402.89
A03085,0.9444,0.0238,0.0,0.3228,Baixo,0.0,30882.89
A03086,0.9815,0.1905,0.0446,0.4055,Alto,4751.42,5231.07
A03087,0.9815,0.256,0.0183,0.4186,Alto,1950.89,0.0
A03088,0.9907,0.1905,0.0,0.3937,Alto,0.0,19909.2
A03089,0.9722,0.3274,0.1245,0.4747,Muito alto,13260.68,9792.43
A03090,0.6574,0.2202,0.0443,0.3073,Baixo,4719.25,10055.66
A03091,0.9722,0.0774,0.0,0.3499,Moderado,0.0,0.0
A03092,0.9907,0.1071,0.3816,0.4931,Muito alto,40633.06,0.0
A03093,0.9352,0.2143,0.0329,0.3941,Alto,3506.16,60859.6
A03094,0.9907,0.3333,0.0275,0.4505,Muito alto,2924.81,7696.83
A03095,0.8148,0.0833,0.0,0.2994,Baixo,0.0,0.0
A03097,0.9537,0.0774,0.0101,0.347,Moderado,1071.3,0.0
A03098,0.9167,0.0774,0.05,0.348,Moderado,5328.34,0.0
A03099,0.9815,0.1488,0.0337,0.388,Alto,3592.41,18387.57
A03100,0.9167,0.119,0.0122,0.3493,Moderado,1303.36,9670.36
A03103,0.8426,0.125,0.0138,0.3271,Baixo,1465.49,0.0
A03104,0.8333,0.1786,0.0789,0.3636,Moderado,8398.47,12165.48
A03108,0.9815,0.506,0.0178,0.5017,Muito alto,1894.97,4231.55
A03109,0.8333,0.2381,0.127,0.3995,Alto,13528.54,0.0
A03110,0.8519,0.2143,0.0185,0.3615,Moderado,1965.17,221172.94
A03111,0.8889,0.1667,0.0633,0.373,Moderado,6745.93,0.0
A03114,0.8148,0.0298,0.0,0.2815,Baixo,0.0,3529.05
A03115,0.9352,0.0952,0.0061,0.3455,Baixo,648.16,33215.66
A03116,0.9907,0.1429,0.0207,0.3848,Alto,2200.3,0.0
A03117,0.4444,0.1667,0.0079,0.2064,Baixo,846.11,0.0
A03118,0.9259,0.1845,0.0379,0.3828,Alto,4040.38,13755.64
A03119,0.6481,0.1131,0.028,0.2631,Baixo,2982.43,22934.97
A03120,0.9907,0.0893,0.0087,0.3629,Moderado,921.37,78068.58
A03121,0.9907,0.2738,0.086,0.4502,Muito alto,9161.05,19250.58
A03123,0.7222,0.1607,0.0345,0.3058,Baixo,3678.15,17977.17
A03124,1.0,0.1131,0.0433,0.3855,Alto,4606.82,24994.5
A03125,0.7778,0.0952,0.027,0.3,Baixo,2878.0,0.0
A03127,0.9167,0.1488,0.0092,0.3582,Moderado,980.28,2920.91
A03128,0.9537,0.1845,0.017,0.3851,Alto,1811.42,0.0
A03131,0.9167,0.3571,0.3084,0.5274,Muito alto,32845.75,0.0
A03132,0.9167,0.2917,0.1503,0.4529,Muito alto,16011.19,28781.37
A03133,0.9167,0.3393,0.1544,0.4701,Muito alto,16438.48,0.0
A03135,0.9907,0.5,0.1222,0.5376,Muito alto,13011.63,1318.94
A03136,0.9907,0.1905,0.0607,0.414,Alto,6463.48,6931.34
A03137,0.9907,0.1726,0.0854,0.4162,Alto,9091.01,0.0
A03138,0.9259,0.1429,0.0174,0.3621,Moderado,1852.03,16971.34
A03139,0.7963,0.2857,0.0962,0.3927,Alto,10240.19,2862.12
A03141,0.9444,0.125,0.066,0.3785,Moderado,7028.71,3418.29
A03142,0.9907,0.1964,0.0121,0.3998,Alto,1288.49,4546.26
A03143,0.9444,0.1726,0.0154,0.3775,Moderado,1635.55,14980.17
A03144,0.9722,0.1845,0.0891,0.4153,Alto,9486.45,0.0
A03145,0.9167,0.1905,0.0383,0.3818,Alto,4080.08,0.0
A03148,0.9907,0.4464,0.1325,0.5232,Muito alto,14114.86,0.0
A03150,0.9722,0.3095,0.0139,0.4319,Muito alto,1480.73,15603.11
A03151,0.7963,0.1429,0.0265,0.3219,Baixo,2821.68,9121.71
A03152,0.9537,0.131,0.0399,0.3749,Moderado,4252.89,8778.64
A03153,0.9722,0.1548,0.1067,0.4112,Alto,11366.42,0.0
A03154,0.963,0.1667,0.0154,0.3817,Alto,1641.05,15608.96
A03155,0.9722,0.1548,0.0264,0.3845,Alto,2816.3,0.0
A03156,0.9815,0.2857,0.0176,0.4283,Muito alto,1874.01,15688.16
A03157,1.0,0.131,0.0161,0.3824,Alto,1715.42,0.0
A03159,1.0,0.3095,0.0155,0.4417,Muito alto,1649.33,5869.43
A03162,0.9074,0.1488,0.0142,0.3568,Moderado,1516.15,5057.87
A03163,0.6574,0.1131,0.0228,0.2644,Baixo,2425.18,0.0
A03164,0.6667,0.2024,0.0394,0.3028,Baixo,4196.45,49843.21
A03167,0.9815,0.1488,0.0141,0.3815,Alto,1497.43,0.0
A03168,0.8889,0.0655,0.0,0.3181,Baixo,0.0,14395.33
A03169,0.9815,0.1905,0.0155,0.3958,Alto,1655.67,0.0
A03170,0.9074,0.3155,0.038,0.4203,Muito alto,4051.12,0.0
A03172,1.0,0.1726,0.0133,0.3953,Alto,1416.64,0.0
A03174,0.8889,0.7381,0.2119,0.613,Muito alto,22569.58,16625.5
A03175,0.9815,0.0893,0.0117,0.3608,Moderado,1243.85,1903.56
A03176,0.8889,0.2738,0.0943,0.419,Alto,10039.89,30431.24
A03178,0.9815,0.0655,0.0,0.349,Moderado,0.0,0.0
A03179,0.9815,0.0893,0.0,0.3569,Moderado,0.0,29212.49
A03182,0.9815,0.1786,0.0286,0.3962,Alto,3050.44,0.0
A03183,0.8611,0.119,0.0142,0.3315,Baixo,1513.47,0.0
A03184,0.8519,0.1905,0.0566,0.3663,Moderado,6029.7,4071.65
A03186,0.9722,0.1131,0.2777,0.4543,Muito alto,29571.19,4480.43
A03187,0.9537,0.1369,0.0712,0.3873,Alto,7580.7,35985.31
A03189,0.6481,0.0655,0.0,0.2379,Baixo,0.0,3454.34
A03190,0.9722,0.2381,0.0298,0.4134,Alto,3177.52,0.0
A03191,0.7222,0.2381,0.6222,0.5275,Muito alto,66265.31,4069.25
A03194,0.8148,0.1845,0.0287,0.3427,Baixo,3052.91,0.0
A03197,0.9444,0.2202,0.0712,0.412,Alto,7584.83,9548.48
A03198,0.7685,0.1429,0.0411,0.3175,Baixo,4380.22,0.0
A03199,0.9815,0.244,0.0376,0.421,Muito alto,4004.93,26259.85
A03200,0.8611,0.2679,0.0386,0.3892,Alto,4107.72,8486.7
A03201,0.8889,0.125,0.0349,0.3496,Moderado,3721.46,11516.02
A03202,0.9167,0.1964,0.031,0.3814,Alto,3299.6,176482.07
A03203,0.9815,0.1488,0.0283,0.3862,Alto,3012.13,33015.78
A03204,0.6667,0.494,0.2079,0.4562,Muito alto,22143.16,4368.72
A03205,0.8611,0.0833,0.0126,0.319,Baixo,1342.48,5440.23
A03206,0.963,0.2381,0.0563,0.4191,Muito alto,5993.55,0.0
A03207,0.8056,0.2024,0.0666,0.3582,Moderado,7092.94,0.0
A03211,0.8611,0.3571,0.2038,0.474,Muito alto,21702.89,27496.92
A03214,0.9167,0.1726,0.0379,0.3757,Moderado,4034.06,0.0
A03215,0.7963,0.1607,0.0371,0.3314,Baixo,3951.99,0.0
A03217,0.9722,0.1964,0.0088,0.3925,Alto,931.91,0.0
A03218,0.7778,0.2083,0.2209,0.4024,Alto,23529.87,26269.43
A03219,0.8056,0.2976,0.1244,0.4092,Alto,13246.8,0.0
A03220,0.75,0.1607,0.1653,0.3587,Moderado,17606.61,12633.43
A03224,0.8981,0.131,0.089,0.3727,Moderado,9476.76,10369.22
A03229,0.9537,0.1607,0.0121,0.3755,Moderado,1290.82,0.0
A03231,0.963,0.2857,0.021,0.4232,Muito alto,2234.83,6602.49
A03232,0.8611,0.0833,0.0,0.3148,Baixo,0.0,9813.07
A03234,0.8981,0.1369,0.0519,0.3623,Moderado,5531.26,7321.69
A03236,0.9259,0.4167,0.02,0.4542,Muito alto,2127.81,0.0
A03237,0.9352,0.1131,0.0302,0.3595,Moderado,3214.54,7946.32
A03238,0.6759,0.2798,0.0898,0.3485,Moderado,9560.78,0.0
A03239,0.8889,0.0595,0.0,0.3161,Baixo,0.0,12052.65
A03240,0.9722,0.3988,0.0739,0.4817,Muito alto,7872.26,10307.4
A03241,0.9537,0.3155,0.0468,0.4386,Muito alto,4980.06,9366.23
A03242,0.9352,0.0476,0.0408,0.3412,Baixo,4349.94,5833.75
A03243,0.9537,0.1548,0.0,0.3695,Moderado,0.0,4279.62
A03244,0.9352,0.3333,0.0482,0.4389,Muito alto,5134.16,0.0
A03245,0.9815,0.2024,0.1277,0.4372,Muito alto,13597.75,0.0
A03246,0.963,0.1726,0.1766,0.4374,Muito alto,18801.85,5358.63
A03248,0.9907,0.2024,0.073,0.422,Muito alto,7771.35,0.0
A03253,0.9259,0.1786,0.0347,0.3797,Alto,3695.67,0.0
A03254,0.9815,0.2381,0.0272,0.4156,Alto,2897.9,0.0
A03256,0.4074,0.125,0.0177,0.1834,Baixo,1890.06,9706.66
A03257,0.963,0.1905,0.106,0.4198,Muito alto,11290.88,0.0
A03258,0.9907,0.1726,0.0213,0.3949,Alto,2263.54,2793.4
A03259,0.9074,0.1369,0.0291,0.3578,Moderado,3100.17,0.0
A03262,0.9444,0.2798,0.0124,0.4122,Alto,1319.84,24110.59
A03263,1.0,0.3333,0.0326,0.4553,Muito alto,3474.35,30409.88
A03264,0.9444,0.1964,0.2106,0.4505,Muito alto,22427.19,0.0
A03265,0.9722,0.0893,0.0165,0.3593,Moderado,1758.18,0.0
A03267,0.9722,0.1964,0.0296,0.3994,Alto,3153.55,209723.1
A03269,0.7593,0.0833,0.0484,0.297,Baixo,5150.94,37367.7
A03271,0.8981,0.0536,0.0208,0.3242,Baixo,2219.02,0.0
A03272,0.9722,0.0774,0.1303,0.3933,Alto,13879.64,56223.58
A03275,0.8981,0.256,0.1168,0.4236,Muito alto,12436.35,45232.18
A03277,1.0,0.2083,0.0121,0.4068,Alto,1284.8,44131.79
A03278,0.9259,0.1607,0.1667,0.4178,Alto,17752.94,0.0
A03279,0.9444,0.1964,0.0313,0.3907,Alto,3335.82,0.0
A03280,0.8704,0.2083,0.282,0.4536,Muito alto,30026.88,0.0
A03282,0.9444,0.0833,0.0,0.3426,Baixo,0.0,27063.46
A03283,0.8519,0.4643,0.5782,0.6314,Muito alto,61572.43,8320.13
A03285,0.9722,0.1131,0.1129,0.3994,Alto,12021.23,0.0
A03286,0.9815,0.0893,0.0,0.3569,Moderado,0.0,26543.21
A03287,0.963,0.1726,0.1766,0.4374,Muito alto,18806.6,5828.42
A03291,0.9537,0.0536,0.0489,0.3521,Moderado,5207.92,3419.93
A03292,0.9074,0.1726,0.0147,0.3649,Moderado,1565.57,2967.03
A03295,0.9444,0.1131,0.0309,0.3628,Moderado,3288.8,0.0
A03296,1.0,0.2262,0.0141,0.4134,Alto,1506.25,11317.97
A03297,0.6944,0.1548,0.0241,0.2911,Baixo,2570.29,15398.79
A03298,0.8981,0.3631,0.2825,0.5146,Muito alto,30088.96,1388.31
A03300,0.8519,0.1964,0.1042,0.3842,Alto,11097.65,0.0
A03301,0.6481,0.1429,0.0663,0.2858,Baixo,7062.43,33175.45
A03305,0.9444,0.1012,0.0,0.3485,Moderado,0.0,0.0
A03306,0.9352,0.381,0.0352,0.4505,Muito alto,3751.12,19413.62
A03307,0.6574,0.1845,0.0257,0.2892,Baixo,2742.22,0.0
A03308,0.8426,0.1964,0.0655,0.3682,Moderado,6978.27,3470.7
A03309,0.9444,0.0952,0.09,0.3766,Moderado,9586.34,0.0
A03310,0.963,0.1845,0.015,0.3875,Alto,1593.48,28933.54
A03311,0.9815,0.1964,0.0241,0.4007,Alto,2564.5,45800.48
A03312,0.9352,0.1726,0.0491,0.3856,Alto,5225.64,21104.46
A03313,0.7685,0.1131,0.0148,0.2988,Baixo,1572.83,11082.18
A03314,0.7222,0.8393,0.4533,0.6716,Muito alto,48273.48,1269.6
A03315,0.8889,0.0476,0.0224,0.3196,Baixo,2381.32,11237.79
A03316,0.9722,0.1726,0.0187,0.3878,Alto,1990.53,12271.08
A03318,0.7685,0.2083,0.0219,0.3329,Baixo,2330.81,3142.77
A03319,0.713,0.1845,0.1125,0.3367,Baixo,11978.41,36958.61
A03320,0.8796,0.1429,0.0112,0.3446,Baixo,1192.88,40000.58
A03321,0.963,0.4226,0.114,0.4998,Muito alto,12135.51,5120.98
A03322,0.8611,0.0536,0.0,0.3049,Baixo,0.0,17364.15
A03325,0.8889,0.2798,0.0495,0.406,Alto,5269.9,12137.46
A03326,0.9907,0.2679,0.1657,0.4748,Muito alto,17648.59,0.0
A03327,0.8796,0.1905,0.0357,0.3686,Moderado,3804.66,3597.35
A03328,0.9259,0.125,0.0724,0.3745,Moderado,7713.17,13760.71
A03330,0.9815,0.2083,0.0813,0.4237,Muito alto,8652.84,0.0
A03331,0.6667,0.0595,0.0,0.2421,Baixo,0.0,0.0
A03332,0.8704,0.1429,0.0337,0.349,Moderado,3587.04,23045.71
A03333,0.9444,0.1012,0.042,0.3625,Moderado,4471.34,6088.88
A03334,0.8704,0.3393,0.0564,0.422,Muito alto,6004.97,0.0
A03335,0.9167,0.0774,0.0,0.3313,Baixo,0.0,0.0
A03336,0.6852,0.3869,0.1119,0.3947,Alto,11921.52,0.0
A03337,0.9907,0.1548,0.0395,0.395,Alto,4209.96,0.0
A03340,0.9815,0.1071,0.046,0.3782,Moderado,4898.69,7685.6
A03341,0.8981,0.131,0.1452,0.3914,Alto,15457.75,0.0
A03342,0.9167,0.0893,0.0576,0.3545,Moderado,6135.31,13161.95
A03343,0.8889,0.0238,0.0,0.3042,Baixo,0.0,5133.8
A03344,0.9167,0.1369,0.0969,0.3835,Alto,10317.52,17631.54
A03345,0.8333,0.1012,0.0178,0.3174,Baixo,1890.68,4150.13
A03347,0.963,0.1131,0.0163,0.3641,Moderado,1736.46,0.0
A03348,0.5278,0.3333,0.0472,0.3028,Baixo,5027.53,0.0
A03350,0.963,0.1786,0.0248,0.3888,Alto,2636.02,64327.43
A03352,0.9167,0.2262,0.1059,0.4162,Alto,11273.87,2781.6
A03354,0.8241,0.2738,0.0333,0.3771,Moderado,3549.55,3261.06
A03355,0.9167,0.3036,0.0095,0.4099,Alto,1016.53,5884.23
A03357,0.8426,0.0536,0.0,0.2987,Baixo,0.0,6196.97
A03358,0.963,0.1964,0.0522,0.4039,Alto,5558.41,3606.05
A03359,0.9167,0.0774,0.3529,0.449,Muito alto,37584.53,6356.31
A03362,0.9352,0.1071,0.0166,0.353,Moderado,1765.88,6762.26
A03364,0.8889,0.2381,0.0156,0.3809,Alto,1661.55,45511.68
A03366,0.8333,0.375,0.0182,0.4088,Alto,1935.97,0.0
A03367,0.9815,0.0893,0.0382,0.3696,Moderado,4062.93,16363.08
A03368,0.9537,0.2917,0.0899,0.4451,Muito alto,9577.44,10844.03
A03373,0.7778,0.1131,0.02,0.3036,Baixo,2128.09,45664.83
A03375,0.8704,0.2024,0.0264,0.3664,Moderado,2812.65,4585.39
A03376,0.9444,0.0655,0.0255,0.3451,Baixo,2711.54,113076.65
A03378,0.8611,0.2202,0.0478,0.3764,Moderado,5092.74,24270.15
A03381,0.8333,0.1429,0.0177,0.3313,Baixo,1885.4,7951.67
A03382,0.9352,0.1667,0.0135,0.3718,Moderado,1442.37,5300.0
A03385,0.9815,0.1548,0.0321,0.3895,Alto,3419.45,5935.38
A03386,0.9907,0.1607,0.0103,0.3872,Alto,1093.56,25665.09
A03388,0.9537,0.0774,0.0,0.3437,Baixo,0.0,0.0
A03389,0.8796,0.4167,0.0277,0.4413,Muito alto,2951.8,9159.63
A03390,0.9907,0.1131,0.0537,0.3858,Alto,5714.43,0.0
A03391,0.963,0.2143,0.053,0.4101,Alto,5647.64,24408.55
A03392,0.9815,0.1071,0.0202,0.3696,Moderado,2147.34,0.0
A03394,0.9444,0.4286,0.0819,0.485,Muito alto,8722.59,36207.22
A03396,0.8704,0.1964,0.098,0.3883,Alto,10432.36,14945.08
A03397,0.9074,0.1607,0.0246,0.3642,Moderado,2619.3,20802.12
A03398,0.9074,0.1845,0.0213,0.3711,Moderado,2268.35,4643.22
A03401,0.9815,0.1726,0.0417,0.3986,Alto,4438.3,32771.99
A03402,0.7963,0.1131,0.181,0.3635,Moderado,19276.49,0.0
A03403,0.963,0.1012,0.0419,0.3687,Moderado,4458.53,0.0
A03404,0.787,0.1012,0.0424,0.3102,Baixo,4512.03,13000.91
A03405,0.9815,0.1786,0.0522,0.4041,Alto,5556.65,0.0
A03406,0.8704,0.1667,0.0095,0.3488,Moderado,1010.15,17974.21
A03408,0.9907,0.1726,0.0166,0.3933,Alto,1763.23,21295.52
A03410,0.7778,0.3571,0.3301,0.4883,Muito alto,35156.53,0.0
A03411,0.8704,0.0655,0.0417,0.3259,Baixo,4444.43,12196.13
A03412,0.6019,0.1548,0.0165,0.2577,Baixo,1756.68,72383.16
A03414,0.963,0.0595,0.0,0.3408,Baixo,0.0,0.0
A03416,0.963,0.1131,0.0237,0.3666,Moderado,2526.18,0.0
A03417,0.9815,0.381,0.0557,0.4727,Muito alto,5929.53,0.0
A03418,0.9074,0.1488,0.038,0.3647,Moderado,4048.02,0.0
A03419,0.9907,0.125,0.0,0.3719,Moderado,0.0,0.0
A03420,0.8981,0.5952,0.1826,0.5587,Muito alto,19448.23,34463.79
A03421,0.8426,0.1369,0.1314,0.3703,Moderado,13992.75,0.0
A03423,0.6944,0.3274,0.1334,0.3851,Alto,14210.63,4862.82
A03425,0.9815,0.2024,0.1891,0.4576,Muito alto,20134.76,26433.49
A03426,0.7593,0.4821,0.1264,0.4559,Muito alto,13463.32,0.0
A03428,1.0,0.256,0.0793,0.4451,Muito alto,8449.24,0.0
A03430,0.9815,0.1131,0.0106,0.3684,Moderado,1130.84,4523.09
A03431,0.9907,0.1131,0.0068,0.3702,Moderado,720.52,0.0
A03432,0.9907,0.0952,0.186,0.424,Muito alto,19805.17,15619.94
A03433,0.787,0.1548,0.0402,0.3273,Baixo,4277.69,0.0
A03434,0.8333,0.1012,0.0824,0.339,Baixo,8776.0,4743.39
A03435,0.9722,0.0595,0.0,0.3439,Baixo,0.0,0.0
A03436,0.9537,0.0655,0.0815,0.3669,Moderado,8678.48,23300.98
A03437,0.7778,0.0476,0.0468,0.2907,Baixo,4982.46,14265.37
A03438,0.9167,0.4821,0.5185,0.6391,Muito alto,55212.0,8452.12
A03439,0.787,0.0714,0.2486,0.369,Moderado,26477.81,0.0
A03440,0.9074,0.2262,0.0203,0.3846,Alto,2162.54,5184.26
A03441,0.9815,0.0179,0.0,0.3331,Baixo,0.0,0.0
A03443,0.213,0.1429,0.0438,0.1332,Baixo,4668.88,0.0
A03446,0.9537,0.3274,0.107,0.4627,Muito alto,11394.36,70134.83
A03447,0.9167,0.0655,0.0,0.3274,Baixo,0.0,2174.48
A03448,0.7778,0.256,0.0309,0.3549,Moderado,3294.42,17919.96
A03449,0.713,0.3452,0.0688,0.3757,Moderado,7323.62,19160.71
A03450,0.9537,0.244,0.0176,0.4051,Alto,1870.92,0.0
A03451,0.9907,0.1905,0.0606,0.414,Alto,6458.15,0.0
A03452,0.7593,0.0714,0.0682,0.2996,Baixo,7261.92,0.0
A03453,0.8611,0.1071,0.0447,0.3377,Baixo,4760.93,39811.35
A03454,0.8148,0.2262,0.1789,0.4066,Alto,19049.97,9957.19
A03455,0.7685,0.1429,0.0088,0.3067,Baixo,932.66,0.0
A03457,0.963,0.1726,0.0192,0.3849,Alto,2045.44,3965.04
A03458,0.5926,0.0595,0.0445,0.2322,Baixo,4740.57,0.0
A03459,0.9444,0.244,0.0464,0.4116,Alto,4941.37,13310.89
A03461,0.8889,0.2143,0.0564,0.3865,Alto,6005.64,16864.04
A03465,0.4722,0.3036,0.1579,0.3112,Baixo,16811.25,2518.61
A03467,0.7963,0.131,0.0636,0.3303,Baixo,6776.71,15549.46
A03468,0.9815,0.2381,0.1327,0.4508,Muito alto,14132.54,3794.64
A03469,0.75,0.1131,0.0113,0.2915,Baixo,1202.83,1253.53
A03470,0.9259,0.0833,0.0,0.3364,Baixo,0.0,0.0
A03471,0.963,0.2024,0.0055,0.3903,Alto,584.99,8897.71
A03472,0.9907,0.1012,0.0086,0.3668,Moderado,913.87,0.0
A03473,0.8889,0.2083,0.1059,0.401,Alto,11278.36,0.0
A03474,0.9722,0.1131,0.0328,0.3727,Moderado,3495.99,0.0
A03477,0.9537,0.7143,0.0071,0.5584,Muito alto,754.3,3725.29
A03478,0.7222,0.0476,0.0,0.2566,Baixo,0.0,0.0
A03479,0.8333,0.2262,0.0279,0.3625,Moderado,2972.41,5577.29
A03481,0.7407,0.2143,0.0672,0.3408,Baixo,7159.09,3729.44
A03483,0.8796,0.3155,0.0414,0.4122,Alto,4411.31,0.0
A03485,0.6389,0.1667,0.2046,0.3367,Baixo,21791.98,5692.5
A03487,0.9537,0.0595,0.0177,0.3437,Baixo,1887.39,24957.61
A03488,0.8241,0.2083,0.0391,0.3572,Moderado,4164.1,9834.99
A03489,0.9907,0.0714,0.0354,0.3659,Moderado,3769.44,0.0
A03490,0.9907,0.1429,0.0138,0.3825,Alto,1469.97,0.0
A03491,0.8426,0.0357,0.0,0.2928,Baixo,0.0,9710.15
A03493,0.9352,0.1964,0.0109,0.3808,Alto,1163.82,0.0
A03495,0.963,0.381,0.0567,0.4669,Muito alto,6035.66,11035.42
A03496,0.6389,0.381,0.0942,0.3714,Moderado,10036.34,0.0
A03498,0.9722,0.2202,0.1308,0.4411,Muito alto,13927.08,14244.89
A03499,0.963,0.1726,0.0476,0.3944,Alto,5068.03,25992.86
A03502,0.9167,0.1786,0.0281,0.3744,Moderado,2988.54,5776.27
A03503,0.9074,0.0714,0.0295,0.3361,Baixo,3138.93,0.0
A03504,0.963,0.2083,0.0286,0.4,Alto,3047.73,20830.73
A03505,0.7685,0.2321,0.0403,0.347,Moderado,4287.07,27961.14
A03506,1.0,0.2262,0.0397,0.422,Muito alto,4225.23,10052.23
A03507,0.9444,0.119,0.0302,0.3646,Moderado,3213.88,0.0
A03509,0.9352,0.2857,0.017,0.4126,Alto,1814.79,2671.06
A03510,0.9444,0.3333,0.027,0.4349,Muito alto,2879.03,19019.46
A03511,1.0,0.1786,0.013,0.3972,Alto,1388.88,38268.45
A03512,0.9352,0.3036,0.1187,0.4525,Muito alto,12644.92,0.0
A03513,0.9815,0.25,0.1565,0.4627,Muito alto,16670.07,12211.82
A03514,0.7037,0.4167,0.0922,0.4042,Alto,9814.5,9600.15
A03515,0.7593,0.006,0.0297,0.265,Baixo,3161.88,0.0
A03517,0.9444,0.0417,0.0,0.3287,Baixo,0.0,3344.51
A03520,0.9352,0.1071,0.0551,0.3658,Moderado,5868.49,0.0
A03523,0.7963,0.125,0.0019,0.3077,Baixo,204.98,0.0
A03526,0.6296,0.3036,0.0358,0.323,Baixo,3817.2,27584.8
A03528,0.9815,0.1429,0.0513,0.3919,Alto,5465.92,11157.24
A03529,0.7407,0.0298,0.0,0.2568,Baixo,0.0,0.0
A03530,0.5741,0.1964,0.0051,0.2585,Baixo,541.01,55438.18
A03531,0.8611,0.2202,0.0415,0.3743,Moderado,4415.59,0.0
A03532,0.9074,0.0714,0.0219,0.3336,Baixo,2334.36,42375.57
A03533,0.7963,0.0774,0.0347,0.3028,Baixo,3697.13,0.0
A03534,0.8704,0.0774,0.0175,0.3218,Baixo,1865.81,0.0
A03535,0.6574,0.0417,0.0,0.233,Baixo,0.0,19841.08
A03537,0.8889,0.2024,0.0348,0.3754,Moderado,3704.06,10239.12
A03538,0.9167,0.4167,0.1233,0.4856,Muito alto,13133.55,12705.68
A03540,0.9722,0.0238,0.0181,0.338,Baixo,1927.19,0.0
A03542,1.0,0.2202,0.0318,0.4173,Alto,3382.57,17654.36
A03543,0.9444,0.1548,0.0634,0.3875,Alto,6753.24,55383.8
A03544,0.9259,0.125,0.0534,0.3681,Moderado,5684.55,0.0
A03545,0.9907,0.1071,0.0,0.366,Moderado,0.0,0.0
A03546,0.7037,0.2857,0.097,0.3621,Moderado,10325.8,1953.6
A03547,0.963,0.119,0.0154,0.3658,Moderado,1639.48,0.0
A03548,0.963,0.0417,0.092,0.3655,Moderado,9794.69,0.0
A03549,0.9259,0.1667,0.0798,0.3908,Alto,8499.54,6833.43
A03551,0.8611,0.1964,0.0228,0.3601,Moderado,2424.64,1267.3
A03552,0.8796,0.1964,0.0152,0.3638,Moderado,1622.49,0.0
A03553,0.6296,0.2083,0.0838,0.3072,Baixo,8922.01,0.0
A03554,0.9537,0.0476,0.0572,0.3528,Moderado,6091.34,2039.51
A03555,0.9815,0.2381,0.0649,0.4281,Muito alto,6906.51,8743.28
A03557,0.9259,0.2321,0.0118,0.3899,Alto,1253.71,8301.69
A03558,1.0,0.2738,0.1617,0.4785,Muito alto,17216.47,12476.73
A03560,0.787,0.2976,0.0258,0.3702,Moderado,2748.93,10492.84
A03562,0.9259,0.1429,0.0422,0.3703,Moderado,4494.41,15215.42
A03563,0.9907,0.2083,0.1593,0.4528,Muito alto,16964.31,6220.5
A03565,0.8426,0.1369,0.0194,0.333,Baixo,2070.97,10328.34
A03567,0.9815,0.2262,0.0612,0.423,Muito alto,6521.8,60324.52
A03568,0.9537,0.131,0.0422,0.3756,Moderado,4491.63,0.0
A03571,0.9352,0.1369,0.0712,0.3811,Alto,7577.19,3783.41
A03572,0.8981,0.2143,0.038,0.3835,Alto,4048.26,0.0
A03573,0.963,0.2321,0.0484,0.4145,Alto,5152.89,4153.21
A03574,0.9444,0.1131,0.029,0.3622,Moderado,3091.44,16523.03
A03575,0.6667,0.2917,0.0306,0.3296,Baixo,3256.89,0.0
A03577,0.9259,0.1845,0.0355,0.382,Alto,3784.16,26715.39
A03578,0.8426,0.2083,0.0132,0.3547,Moderado,1402.73,0.0
A03579,0.963,0.1964,0.0583,0.4059,Alto,6213.24,0.0
A03583,0.8704,0.0833,0.0309,0.3282,Baixo,3292.68,7357.03
A03584,0.9722,0.1071,1.0,0.6931,Muito alto,106494.1,0.0
A03585,0.9352,0.0952,0.0497,0.3601,Moderado,5295.62,38768.53
A03587,0.963,0.0595,0.0725,0.365,Moderado,7723.28,0.0
A03588,0.9815,0.1607,0.0274,0.3899,Alto,2920.79,48044.95
A03589,0.9722,0.1131,0.0672,0.3842,Alto,7157.47,3224.97
A03591,0.9537,0.0774,0.0289,0.3533,Moderado,3078.93,0.0
A03592,0.7685,0.1369,0.0959,0.3338,Baixo,10208.55,16464.29
A03593,0.9259,0.1071,0.0179,0.3503,Moderado,1903.21,46018.21
A03594,0.8519,0.1667,0.1082,0.3756,Moderado,11525.8,0.0
A03596,0.8796,0.2143,0.2356,0.4432,Muito alto,25090.72,0.0
A03597,0.9907,0.1369,0.0143,0.3807,Alto,1527.44,24998.21
A03600,0.8889,0.119,0.025,0.3443,Baixo,2666.14,0.0
A03602,0.9815,0.1429,0.0222,0.3822,Alto,2365.92,0.0
A03604,0.9907,0.2143,0.1443,0.4498,Muito alto,15367.94,18550.58
A03605,0.9722,0.0417,0.0,0.338,Baixo,0.0,5854.92
A03607,0.9074,0.1071,0.023,0.3459,Baixo,2450.22,7830.68
A03608,0.8889,0.4464,0.2269,0.5208,Muito alto,24167.26,0.0
A03609,0.9815,0.131,0.009,0.3738,Moderado,958.76,0.0
A03610,0.9722,0.1964,0.1119,0.4268,Muito alto,11914.41,0.0
A03612,0.9444,0.1905,0.0404,0.3918,Alto,4305.0,0.0
A03613,0.9444,0.1548,0.0669,0.3887,Alto,7121.44,2284.93
A03616,0.9074,0.1488,0.2951,0.4505,Muito alto,31431.14,0.0
A03617,0.7778,0.1071,0.0143,0.2997,Baixo,1519.7,17392.98
A03618,0.9907,0.1071,0.0259,0.3746,Moderado,2755.58,7755.13
A03620,0.9722,0.1012,0.067,0.3801,Alto,7130.81,0.0
A03621,0.9815,0.1488,0.0227,0.3843,Alto,2416.21,116777.5
A03623,0.8981,0.2679,0.0653,0.4104,Alto,6953.25,10022.02
A03625,0.9815,0.0655,0.0246,0.3572,Moderado,2623.83,64041.65
A03626,0.8704,0.0655,0.0048,0.3136,Baixo,512.83,13664.88
A03628,0.8241,0.0417,0.0407,0.3021,Baixo,4333.35,0.0
A03629,0.963,0.2083,0.0795,0.4169,Alto,8462.1,0.0
A03632,0.9352,0.0655,0.0248,0.3418,Baixo,2644.22,3218.17
A03634,0.9722,0.3095,0.0344,0.4387,Muito alto,3661.41,0.0
A03635,0.9815,0.4583,0.1665,0.5354,Muito alto,17733.14,1668.65
A03636,0.7593,0.5119,0.0915,0.4542,Muito alto,9740.03,7745.95
A03638,0.9352,0.1607,0.08,0.392,Alto,8514.91,67921.35
A03639,0.7315,0.1905,0.1403,0.3541,Moderado,14942.86,13689.01
A03640,0.8333,0.2262,0.1126,0.3907,Alto,11995.96,111876.89
A03642,0.963,0.0952,0.0257,0.3613,Moderado,2731.78,12408.12
A03644,0.8611,0.1667,0.1718,0.3999,Alto,18296.31,13992.28
A03646,0.9722,0.2083,0.036,0.4055,Alto,3828.83,33461.04
A03648,0.8611,0.7738,0.0902,0.575,Muito alto,9607.59,8114.21
A03650,0.9259,0.3571,0.058,0.447,Muito alto,6171.56,3504.97
A03651,0.9444,0.1548,0.0326,0.3773,Moderado,3471.63,0.0
A03652,0.5833,0.3452,0.0512,0.3266,Baixo,5457.25,0.0
A03653,0.9722,0.0595,0.0,0.3439,Baixo,0.0,0.0
A03654,1.0,0.2321,0.0386,0.4236,Muito alto,4112.78,0.0
A03655,0.9815,0.1964,0.0541,0.4107,Alto,5761.11,0.0
A03656,0.9259,0.3095,0.1088,0.4481,Muito alto,11588.46,0.0
A03657,1.0,0.1012,0.0307,0.3773,Moderado,3271.14,0.0
A03658,0.9722,0.125,0.0397,0.379,Moderado,4229.28,5674.64
A03659,0.9722,0.1786,0.0339,0.3949,Alto,3610.18,0.0
A03660,0.9907,0.1905,0.0371,0.4061,Alto,3947.52,0.0
A03662,0.6574,0.0536,0.0206,0.2438,Baixo,2189.72,0.0
A03663,0.8796,0.5179,0.0289,0.4755,Muito alto,3073.94,10966.12
A03664,0.7685,0.4524,0.1776,0.4662,Muito alto,18913.79,11691.38
A03665,0.9259,0.0714,0.0386,0.3453,Baixo,4115.77,0.0
A03666,0.9352,0.2679,0.1183,0.4405,Muito alto,12602.76,18711.9
A03667,0.6667,0.1905,0.008,0.2884,Baixo,853.96,73786.12
A03670,0.9815,0.2024,0.0959,0.4266,Muito alto,10213.35,0.0
A03672,0.9444,0.2143,0.0088,0.3892,Alto,933.58,20721.73
A03673,1.0,0.3452,0.0317,0.459,Muito alto,3378.86,0.0
A03674,0.8889,0.0774,0.0443,0.3369,Baixo,4721.3,12351.57
A03677,0.9352,0.0774,0.0119,0.3415,Baixo,1267.99,0.0
A03678,0.9907,0.3214,0.1406,0.4843,Muito alto,14977.12,162173.2
A03679,0.4907,0.0774,0.0383,0.2022,Baixo,4083.62,0.0
A03680,0.9907,0.1071,0.0268,0.3749,Moderado,2851.52,19703.35
A03681,0.8426,0.1607,0.1436,0.3823,Alto,15295.06,0.0
A03682,0.8519,0.2143,0.0899,0.3854,Alto,9576.19,19171.0
A03683,0.8981,0.3036,0.1168,0.4395,Muito alto,12442.24,1375.16
A03685,0.9722,0.3929,0.3509,0.572,Muito alto,37364.42,51673.32
A03686,0.9537,0.1607,0.0161,0.3768,Moderado,1712.13,0.0
A03687,0.6759,0.2083,0.0576,0.3139,Baixo,6129.02,11507.47
A03688,0.7315,0.1905,0.0362,0.3194,Baixo,3852.76,0.0
A03689,0.963,0.2321,0.0199,0.405,Alto,2115.23,3672.35
A03690,0.8796,0.1786,0.1021,0.3868,Alto,10873.95,0.0
A03691,1.0,0.1071,0.0241,0.3771,Moderado,2562.05,0.0
A03693,0.9259,0.2798,0.2,0.4686,Muito alto,21297.28,18545.34
A03694,0.7593,0.0833,0.0252,0.2893,Baixo,2686.52,0.0
A03695,0.7593,0.494,0.5645,0.6059,Muito alto,60118.58,3300.57
A03696,0.7407,0.1012,0.0228,0.2882,Baixo,2429.42,10801.86
A03697,0.787,0.131,0.1519,0.3566,Moderado,16180.0,33948.77
A03702,0.9907,0.1786,0.2981,0.4891,Muito alto,31744.58,20453.05
A03703,0.8889,0.2202,0.3969,0.502,Muito alto,42266.08,5783.05
A03704,0.8981,0.131,0.0707,0.3666,Moderado,7530.95,0.0
A03706,0.9444,0.0893,0.0,0.3446,Baixo,0.0,2957.14
A03709,0.963,0.2857,0.083,0.4439,Muito alto,8834.76,10263.62
A03711,0.9167,0.0952,0.0,0.3373,Baixo,0.0,79007.87
A03712,0.9074,0.1964,0.0354,0.3797,Alto,3765.95,5366.91
A03713,0.7593,0.3095,0.0452,0.3713,Moderado,4816.18,4525.15
A03714,0.9444,0.1607,0.1041,0.4031,Alto,11082.12,0.0
A03715,0.9815,0.131,0.0192,0.3772,Moderado,2048.43,19517.08
A03716,0.7778,0.3393,0.0243,0.3805,Alto,2589.16,0.0
A03718,0.9074,0.3095,0.5253,0.5807,Muito alto,55940.16,178406.65
A03720,0.963,0.244,0.0899,0.4323,Muito alto,9578.38,0.0
A03721,0.8796,0.0893,0.0,0.323,Baixo,0.0,0.0
A03722,0.9907,0.1964,0.1258,0.4377,Muito alto,13397.93,800.75
A03723,0.4722,0.1905,0.0154,0.226,Baixo,1643.64,0.0
A03724,0.8889,0.2857,0.0038,0.3928,Alto,404.84,30201.46
A03725,0.9907,0.1726,0.7933,0.6522,Muito alto,84476.58,0.0
A03726,0.9537,0.3631,0.0848,0.4672,Muito alto,9030.24,9342.22
A03728,0.6111,0.2321,0.062,0.3018,Baixo,6607.46,0.0
A03729,0.6481,0.0595,0.0625,0.2567,Baixo,6655.81,0.0
A03730,0.9352,0.0833,0.0218,0.3468,Moderado,2324.92,0.0
A03732,0.9907,0.2738,0.0582,0.4409,Muito alto,6197.15,9578.73
A03733,0.9907,0.3512,0.0563,0.4661,Muito alto,5994.88,22003.4
A03734,0.9722,0.4345,0.0738,0.4935,Muito alto,7856.27,5832.3
A03737,0.7593,0.1845,0.0207,0.3215,Baixo,2199.28,0.0
A03739,0.9907,0.25,0.0626,0.4345,Muito alto,6670.84,0.0
A03741,0.9537,0.1667,0.0209,0.3804,Alto,2230.88,0.0
A03742,0.9815,0.1548,0.0772,0.4045,Alto,8217.08,0.0
A03747,0.713,0.2024,0.056,0.3238,Baixo,5960.24,0.0
A03748,0.8056,0.1845,0.1053,0.3651,Moderado,11208.93,0.0
A03750,1.0,0.1429,0.0141,0.3856,Alto,1500.71,33058.46
A03751,0.9167,0.1131,0.0105,0.3468,Moderado,1117.02,80276.69
A03752,0.8704,0.0833,0.02,0.3246,Baixo,2132.44,12983.68
A03753,0.9259,0.1131,0.0295,0.3562,Moderado,3137.79,0.0
A03754,0.9907,0.3155,0.0595,0.4552,Muito alto,6339.91,2382.37
A03755,0.7222,0.3452,0.0132,0.3602,Moderado,1405.06,0.0
A03756,0.713,0.2738,0.1644,0.3837,Alto,17505.14,670.2
A03758,0.9444,0.2202,0.0246,0.3964,Alto,2616.97,0.0
A03759,0.8796,0.0833,0.0115,0.3248,Baixo,1229.64,6948.5
A03760,0.8056,0.1726,0.0104,0.3295,Baixo,1107.51,39805.56
A03761,1.0,0.1905,0.0233,0.4046,Alto,2485.9,9535.28
A03764,0.8611,0.3274,0.1852,0.4579,Muito alto,19726.96,0.0
A03765,0.7778,0.2262,0.1324,0.3788,Moderado,14104.61,17196.45
A03766,0.963,0.2262,0.0094,0.3995,Alto,1001.56,0.0
A03767,0.9907,0.1964,0.0437,0.4103,Alto,4656.48,14631.81
A03769,0.9167,0.131,0.219,0.4222,Muito alto,23320.75,7377.42
A03770,0.9074,0.2202,0.0383,0.3887,Alto,4081.43,0.0
A03771,0.6389,0.131,0.0415,0.2705,Baixo,4420.94,1356.59
A03772,0.9167,0.2679,0.1917,0.4587,Muito alto,20411.21,0.0
A03773,0.8426,0.369,0.2309,0.4808,Muito alto,24585.59,9820.64
A03774,0.9352,0.2798,0.0885,0.4345,Muito alto,9420.06,23804.56
A03775,0.9259,0.4702,0.1191,0.5051,Muito alto,12681.63,0.0
A03776,0.9259,0.1964,0.1293,0.4172,Alto,13772.92,27952.62
A03777,0.8611,0.0952,0.0139,0.3234,Baixo,1477.65,26022.99
A03778,0.8519,0.1131,0.0399,0.335,Baixo,4251.49,15702.48
A03779,0.8704,0.3393,0.0747,0.4281,Muito alto,7958.29,0.0
A03780,0.713,0.1905,0.1563,0.3533,Moderado,16648.24,2914.8
A03781,0.8889,0.2679,0.075,0.4106,Alto,7984.98,0.0
A03785,0.9722,0.1429,0.0335,0.3829,Alto,3566.14,3976.07
A03787,0.5648,0.5357,0.2222,0.4409,Muito alto,23658.92,8844.87
A03789,0.5278,0.4107,0.0677,0.3354,Baixo,7204.8,4626.57
A03791,0.9167,0.0476,0.0323,0.3322,Baixo,3439.87,44351.31
A03792,0.9444,0.0536,0.0,0.3327,Baixo,0.0,7761.37
A03793,0.8611,0.3214,0.031,0.4045,Alto,3300.01,86015.74
A03794,0.8519,0.2738,0.2397,0.4551,Muito alto,25531.86,9325.65
A03795,0.9074,0.1607,0.0134,0.3605,Moderado,1426.42,0.0
A03798,0.8426,0.1071,0.0,0.3166,Baixo,0.0,2987.88
A03801,0.9259,0.256,0.1146,0.4322,Muito alto,12208.87,0.0
A03803,0.9722,0.2857,0.0643,0.4407,Muito alto,6844.28,0.0
A03809,0.8519,0.2917,0.0169,0.3868,Alto,1797.07,0.0
A03813,0.9537,0.3274,0.0253,0.4355,Muito alto,2690.71,8756.03
A03815,0.9167,0.0952,0.0294,0.3471,Moderado,3128.65,27026.52
A03816,1.0,0.1607,0.0166,0.3924,Alto,1764.25,14940.3
A03817,0.7593,0.1667,0.0315,0.3191,Baixo,3349.7,0.0
A03819,0.9722,0.244,0.0884,0.4349,Muito alto,9416.57,23598.03
A03820,0.9722,0.4464,0.0139,0.4775,Muito alto,1478.24,19139.56
A03821,0.9167,0.1488,0.0127,0.3594,Moderado,1351.41,0.0
A03822,0.7593,0.131,0.0163,0.3022,Baixo,1736.61,47855.11
A03823,0.9167,0.2202,0.038,0.3916,Alto,4044.95,0.0
A03824,0.9815,0.2738,0.0877,0.4477,Muito alto,9338.92,0.0
A03825,0.9907,0.131,0.0,0.3739,Moderado,0.0,17933.45
A03827,0.8889,0.0595,0.0,0.3161,Baixo,0.0,15272.26
A03828,0.8796,0.1369,0.0248,0.3471,Moderado,2645.79,12055.95
A03829,1.0,0.0714,0.0162,0.3625,Moderado,1723.76,8829.97
A03830,0.6852,0.0893,0.0228,0.2658,Baixo,2429.75,0.0
A03833,0.8981,0.5774,0.0432,0.5062,Muito alto,4601.06,11900.39
A03836,0.9907,0.2857,0.2183,0.4982,Muito alto,23247.09,48677.16
A03837,0.6204,0.2381,0.0938,0.3174,Baixo,9989.81,0.0
A03839,0.9907,0.1429,0.073,0.4022,Alto,7772.81,10654.61
A03840,0.963,0.4167,0.4213,0.6003,Muito alto,44868.08,3029.44
A03842,0.6389,0.131,0.016,0.2619,Baixo,1698.9,5357.61
A03843,0.9167,0.2857,0.0329,0.4118,Alto,3500.68,7276.18
A03844,0.8796,0.119,0.0136,0.3374,Baixo,1443.18,0.0
A03846,0.9537,0.2143,0.0178,0.3953,Alto,1893.13,60553.23
A03847,0.8796,0.2381,0.0245,0.3807,Alto,2603.96,0.0
A03848,0.8796,0.0893,0.0139,0.3276,Baixo,1477.63,0.0
A03850,0.9352,0.1607,0.0289,0.3749,Moderado,3076.45,0.0
A03851,0.6389,0.125,0.0349,0.2663,Baixo,3718.69,10261.59
A03853,0.9907,0.1071,0.1244,0.4074,Alto,13244.12,0.0
A03854,0.9259,0.1071,0.0116,0.3482,Moderado,1234.03,2494.43
A03855,0.9815,0.1905,0.0172,0.3964,Alto,1831.45,17785.82
A03856,0.9352,0.2262,0.0298,0.3971,Alto,3173.33,0.0
A03858,0.963,0.0298,0.0,0.3309,Baixo,0.0,0.0
A03859,0.8889,0.1786,0.0064,0.358,Moderado,682.7,4374.73
A03860,0.9444,0.2321,0.0248,0.4005,Alto,2640.61,5978.12
A03861,1.0,0.2381,0.0048,0.4143,Alto,507.19,33863.37
A03862,0.9537,0.0536,0.0,0.3358,Baixo,0.0,3821.53
A03863,0.9907,0.3036,0.0252,0.4399,Muito alto,2687.76,7780.19
A03864,0.8889,0.1845,0.0285,0.3673,Moderado,3033.96,3526.29
A03866,0.963,0.244,0.1083,0.4384,Muito alto,11534.95,9779.02
A03868,0.9907,0.1548,0.0395,0.395,Alto,4203.63,0.0
A03869,0.9722,0.256,0.1647,0.4643,Muito alto,17540.35,0.0
A03871,0.9444,0.5774,0.0746,0.5321,Muito alto,7945.94,0.0
A03872,0.7407,0.0476,0.0465,0.2783,Baixo,4955.37,7890.7
A03874,0.9167,0.3095,0.0659,0.4307,Muito alto,7015.47,50018.76
A03875,0.9444,0.1845,0.051,0.3933,Alto,5427.8,3198.15
A03876,0.6852,0.119,0.0312,0.2785,Baixo,3324.78,58057.27
A03877,0.9722,0.0833,0.0,0.3519,Moderado,0.0,24597.04
A03878,0.9815,0.1429,0.018,0.3808,Alto,1921.92,34060.3
A03881,0.9074,0.2143,0.0357,0.3858,Alto,3801.75,0.0
A03882,0.9815,0.1667,0.0239,0.3907,Alto,2544.69,5823.19
A03883,0.9259,0.3631,0.0534,0.4475,Muito alto,5683.38,22856.25
A03884,0.8796,0.2202,0.0194,0.3731,Moderado,2066.95,26060.44
A03887,0.9815,0.119,0.0432,0.3812,Alto,4598.06,7213.29
A03889,0.8889,0.0833,0.0085,0.3269,Baixo,910.4,31068.51
A03890,0.9815,0.3274,0.1147,0.4745,Muito alto,12212.05,0.0
A03892,0.8796,0.631,0.0183,0.5096,Muito alto,1948.36,7529.74
A03894,0.75,0.2083,0.0807,0.3463,Baixo,8595.01,4612.58
A03895,0.8333,0.2024,0.1073,0.381,Alto,11430.18,9682.42
A03896,0.9167,0.5179,0.0812,0.5053,Muito alto,8650.7,50471.23
A03897,0.9074,0.0179,0.0,0.3084,Baixo,0.0,0.0
A03898,0.9259,0.1964,0.0191,0.3805,Alto,2035.89,13723.69
A03899,0.9444,0.1071,0.0,0.3505,Moderado,0.0,0.0
A03901,0.9537,0.1607,0.0754,0.3966,Alto,8025.56,2423.94
A03902,0.9259,0.4702,0.1523,0.5161,Muito alto,16216.51,2658.7
A03904,0.9537,0.3452,0.6064,0.6351,Muito alto,64577.36,5317.56
A03906,0.9907,0.1369,0.0456,0.3911,Alto,4856.88,0.0
A03907,0.8426,0.2381,0.1107,0.3971,Alto,11785.27,7247.15
A03910,0.9815,0.1131,0.05,0.3815,Alto,5326.12,0.0
A03911,0.9815,0.4702,0.1364,0.5294,Muito alto,14529.28,14692.19
A03912,0.6204,0.256,0.0339,0.3034,Baixo,3614.77,5556.13
A03913,0.8796,0.3929,0.0064,0.4263,Muito alto,682.32,3888.87
A03914,0.963,0.1369,0.0323,0.3774,Moderado,3437.85,0.0
A03915,0.9352,0.0774,0.0228,0.3451,Baixo,2424.49,0.0
A03916,0.963,0.0893,0.088,0.3801,Alto,9370.28,0.0
A03917,1.0,0.2202,0.3925,0.5376,Muito alto,41797.21,13096.98
A03920,0.8889,0.25,0.0345,0.3911,Alto,3669.36,11706.24
A03921,0.6759,0.1726,0.0691,0.3059,Baixo,7359.4,0.0
A03922,1.0,0.119,0.0122,0.3771,Moderado,1301.14,23127.5
A03923,0.787,0.0536,0.034,0.2915,Baixo,3623.45,10959.94
A03924,0.9537,0.0655,0.0179,0.3457,Baixo,1911.41,12267.24
A03926,0.8796,0.0952,0.0401,0.3383,Baixo,4265.89,4719.13
A03927,1.0,0.0417,0.0,0.3472,Moderado,0.0,9289.12
A03929,0.9259,0.3036,0.118,0.4492,Muito alto,12568.54,20254.21
A03931,0.75,0.0893,0.0,0.2798,Baixo,0.0,27620.04
A03932,0.8056,0.2083,0.2112,0.4084,Alto,22493.92,0.0
A03933,0.9815,0.0536,0.0502,0.3617,Moderado,5342.73,2444.17
A03934,0.8241,0.3095,0.0485,0.394,Alto,5167.58,33399.86
A03936,0.9815,0.0774,0.0102,0.3563,Moderado,1081.88,66596.32
A03937,0.8889,0.1071,0.113,0.3697,Moderado,12034.73,14933.91
A03938,0.963,0.256,0.4464,0.5551,Muito alto,47537.3,4836.21
A03939,0.9167,0.494,0.0236,0.4781,Muito alto,2516.67,8079.57
A03943,0.9722,0.3095,0.0206,0.4341,Muito alto,2188.52,32584.05
A03945,0.9444,0.0655,0.0518,0.3539,Moderado,5518.63,50174.34
A03946,0.9907,0.1905,0.0562,0.4125,Alto,5985.43,8023.81
A03947,0.8056,0.1369,0.0094,0.3173,Baixo,999.82,16083.13
A03948,0.8981,0.1369,0.0713,0.3688,Moderado,7594.65,0.0
A03949,0.8704,0.119,0.0214,0.3369,Baixo,2275.32,15998.46
A03952,0.9444,0.5238,0.0544,0.5076,Muito alto,5793.57,0.0
A03953,0.8611,0.0833,0.1053,0.3499,Moderado,11215.68,2115.63
A03955,0.9259,0.125,0.0679,0.3729,Moderado,7228.07,0.0
A03957,0.8519,0.1071,0.0611,0.34,Baixo,6506.84,8671.48
A03959,0.7685,0.25,0.0527,0.3571,Moderado,5607.38,10286.93
A03960,0.8148,0.1667,0.0261,0.3359,Baixo,2778.27,3522.47
A03961,0.7778,0.0714,0.0077,0.2857,Baixo,824.73,2361.05
A03963,0.9074,0.131,0.0284,0.3556,Moderado,3026.88,88189.42
A03964,0.8241,0.1429,0.0267,0.3312,Baixo,2840.24,8263.6
A03965,0.9259,0.2262,0.1976,0.4499,Muito alto,21047.68,1572.53
A03967,0.8241,0.0833,0.0582,0.3219,Baixo,6200.97,0.0
A03968,1.0,0.119,0.0,0.373,Moderado,0.0,10501.52
A03969,0.9074,0.2798,0.128,0.4384,Muito alto,13628.49,0.0
A03970,0.8889,0.2798,0.0294,0.3994,Alto,3135.48,0.0
A03971,0.9259,0.2738,0.0215,0.4071,Alto,2289.07,19689.91
A03972,0.9537,0.1131,0.0381,0.3683,Moderado,4062.36,0.0
A03975,0.9352,0.1845,0.1391,0.4196,Muito alto,14814.1,0.0
A03977,0.9352,0.2024,0.0186,0.3854,Alto,1978.98,2279.71
A03978,0.9815,0.1607,0.0074,0.3832,Alto,783.0,0.0
A03979,0.9907,0.1607,0.0261,0.3925,Alto,2777.03,35494.62
A03980,0.9167,0.1964,0.0068,0.3733,Moderado,719.69,11535.81
A03981,0.8889,0.2024,0.0107,0.3673,Moderado,1137.73,44660.08
A03982,0.6944,0.3929,0.1208,0.4027,Alto,12865.98,53385.78
A03983,0.9167,0.1488,0.0098,0.3584,Moderado,1045.65,21857.75
A03984,0.9352,0.1786,0.0201,0.378,Moderado,2141.92,0.0
A03986,0.9907,0.3274,0.0081,0.4421,Muito alto,865.01,0.0
A03987,0.9352,0.0595,0.0176,0.3374,Baixo,1874.84,5651.89
A03988,0.9444,0.0536,0.0,0.3327,Baixo,0.0,0.0
A03990,0.9167,0.1488,0.0169,0.3608,Moderado,1804.4,12762.86
A03993,0.9352,0.1488,0.0372,0.3737,Moderado,3961.81,0.0
A03994,0.7222,0.1369,0.02,0.293,Baixo,2128.84,22800.93
A03997,0.7963,0.1012,0.1586,0.352,Moderado,16891.98,26644.77
A03998,0.8889,0.0595,0.0,0.3161,Baixo,0.0,11140.96
A03999,0.9444,0.1369,0.0174,0.3663,Moderado,1856.76,3483.56
A04000,0.463,0.4226,0.1203,0.3353,Baixo,12812.39,9014.79
A04001,0.9722,0.1488,0.0703,0.3971,Alto,7486.81,5408.91
A04004,0.713,0.2024,0.0409,0.3187,Baixo,4353.19,13727.72
A04007,0.8889,0.3036,0.018,0.4035,Alto,1912.06,5765.48
A04009,1.0,0.2381,0.0479,0.4287,Muito alto,5102.32,9185.07
A04011,0.8981,0.3274,0.1536,0.4597,Muito alto,16361.94,4082.81
A04013,0.9722,0.1488,0.0235,0.3815,Alto,2500.45,0.0
A04014,0.963,0.5357,0.0557,0.5181,Muito alto,5928.56,8002.31
A04016,0.9167,0.125,0.0218,0.3545,Moderado,2324.78,7441.97
A04017,0.4722,0.125,0.0329,0.21,Baixo,3501.87,0.0
A04018,0.9907,0.1964,0.0622,0.4165,Alto,6622.94,5045.09
A04021,0.9722,0.1071,0.0597,0.3797,Alto,6357.43,0.0
A04022,0.9167,0.0714,0.0482,0.3454,Baixo,5130.11,13585.22
A04023,0.9907,0.0595,0.0,0.3501,Moderado,0.0,0.0
A04025,0.9815,0.1607,0.0917,0.4113,Alto,9765.46,0.0
A04026,0.9722,0.1964,0.0223,0.397,Alto,2379.22,12822.16
A04027,0.9259,0.1548,0.2348,0.4385,Muito alto,25009.03,13440.91
A04028,0.8981,0.1845,0.1177,0.4001,Alto,12536.36,0.0
A04030,0.963,0.4286,0.008,0.4665,Muito alto,852.57,7085.59
A04034,0.8796,0.2024,0.0154,0.3658,Moderado,1640.82,3633.9
A04035,0.9352,0.1071,0.0567,0.3663,Moderado,6038.41,881.22
A04037,0.8889,0.1548,0.0232,0.3556,Moderado,2470.45,7447.7
A04038,0.9352,0.1071,0.0055,0.3493,Moderado,583.69,0.0
A04039,0.9815,0.2083,0.0316,0.4071,Alto,3362.73,31575.59
A04041,0.9352,0.119,0.0702,0.3748,Moderado,7471.21,0.0
A04042,0.7778,0.1429,0.0165,0.3124,Baixo,1757.36,0.0
A04043,0.963,0.3512,0.1328,0.4823,Muito alto,14146.34,5949.11
A04045,0.8333,0.0952,0.0273,0.3186,Baixo,2908.02,0.0
A04046,0.9815,0.1548,0.0436,0.3933,Alto,4642.34,18032.18
A04048,0.8333,0.1488,0.021,0.3344,Baixo,2239.71,0.0
A04049,0.9074,0.119,0.0549,0.3604,Moderado,5841.79,43606.96
A04051,0.9815,0.2738,0.0929,0.4494,Muito alto,9895.03,0.0
A04052,0.8889,0.119,0.0397,0.3492,Moderado,4227.27,27274.43
A04055,0.9907,0.0952,0.0,0.362,Moderado,0.0,10970.36
A04058,0.9167,0.2976,0.0575,0.4239,Muito alto,6122.43,13147.77
A04060,0.787,0.0774,0.0,0.2881,Baixo,0.0,26128.05
A04063,0.9074,0.0357,0.0454,0.3295,Baixo,4832.68,0.0
A04064,0.6759,0.1607,0.0108,0.2825,Baixo,1149.18,18800.21
A04065,0.7593,0.4762,0.3792,0.5382,Muito alto,40380.1,110358.41
A04066,0.8333,0.0536,0.0,0.2956,Baixo,0.0,5665.25
A04067,0.9907,0.1131,0.0771,0.3937,Alto,8212.77,13595.49
A04068,0.8056,0.119,0.0204,0.315,Baixo,2171.21,2478.92
A04069,0.8796,0.1726,0.0466,0.3663,Moderado,4961.62,0.0
A04071,1.0,0.0714,0.0,0.3571,Moderado,0.0,0.0
A04072,0.9537,0.1488,0.0347,0.3791,Moderado,3692.72,12019.25
A04073,0.8981,0.2202,0.0688,0.3957,Alto,7321.64,9415.65
A04074,0.9352,0.256,0.0347,0.4086,Alto,3694.99,0.0
A04075,0.8056,0.119,0.0408,0.3218,Baixo,4346.52,14478.94
A04076,0.9074,0.1548,0.477,0.5131,Muito alto,50802.7,0.0
A04078,0.6111,0.0774,0.0205,0.2363,Baixo,2186.28,0.0
A04079,0.8796,0.0714,0.0209,0.324,Baixo,2222.03,4675.86
A04080,0.9815,0.1607,0.035,0.3924,Alto,3727.2,2904.05
A04082,0.9907,0.3452,0.137,0.491,Muito alto,14591.55,15544.77
A04083,0.787,0.1369,0.1282,0.3507,Moderado,13657.23,0.0
A04084,0.787,0.0595,0.0,0.2822,Baixo,0.0,5767.93
A04086,0.963,0.2738,0.0045,0.4138,Alto,482.73,727.8
A04088,0.9907,0.2024,0.024,0.4057,Alto,2560.21,9444.54
A04091,0.7963,0.2381,0.0257,0.3534,Moderado,2741.47,12520.48
A04094,0.9722,0.2738,0.0653,0.4371,Muito alto,6951.64,31120.72
A04095,0.8704,0.3929,0.2115,0.4916,Muito alto,22522.98,3746.68
A04096,0.8981,0.2262,0.0795,0.4013,Alto,8462.4,0.0
A04098,0.9907,0.125,0.0,0.3719,Moderado,0.0,0.0
A04100,0.8889,0.1786,0.1649,0.4108,Alto,17561.8,35940.06
A04102,0.9259,0.1786,0.0742,0.3929,Alto,7896.79,22024.39
A04103,0.9907,0.3214,0.0158,0.4427,Muito alto,1682.44,20234.69
A04104,0.9352,0.1548,0.0218,0.3706,Moderado,2324.35,962.01
A04107,0.9444,0.0655,0.0116,0.3405,Baixo,1238.33,0.0
A04108,0.9722,0.1012,0.0,0.3578,Moderado,0.0,14160.59
A04109,0.8796,0.1607,0.1914,0.4106,Alto,20377.93,0.0
A04112,0.9167,0.1131,0.4549,0.4949,Muito alto,48443.6,22658.36
A04113,0.9167,0.131,0.0254,0.3577,Moderado,2702.96,0.0
A04114,0.9722,0.0179,0.0,0.33,Baixo,0.0,0.0
A04115,0.8981,0.1131,0.0514,0.3542,Moderado,5475.53,2708.81
A04116,0.9074,0.2024,0.0298,0.3799,Alto,3172.57,0.0
A04117,0.9537,0.131,0.0063,0.3636,Moderado,669.56,20507.39
A04118,0.9352,0.4226,0.0241,0.4606,Muito alto,2564.99,0.0
A04119,0.7685,0.2262,0.0628,0.3525,Moderado,6688.91,0.0
A04120,0.9074,0.244,0.0328,0.3948,Alto,3495.3,93016.3
A04121,0.8426,0.381,0.0283,0.4173,Alto,3014.44,4931.6
A04122,0.2685,0.131,0.0135,0.1376,Baixo,1434.74,10119.69
A04125,0.8704,0.5298,0.0765,0.4922,Muito alto,8143.62,10194.76
A04126,0.8796,0.2857,0.3343,0.4999,Muito alto,35597.55,0.0
A04128,0.9167,0.0238,0.0497,0.33,Baixo,5287.47,0.0
A04131,0.963,0.0833,0.0323,0.3595,Moderado,3434.51,0.0
A04132,0.9722,0.0595,0.0941,0.3753,Moderado,10023.72,22398.61
A04135,0.8796,0.3036,0.1029,0.4287,Muito alto,10960.64,0.0
A04136,0.9907,0.3036,0.0087,0.4343,Muito alto,924.49,1291.65
A04137,0.9815,0.1071,0.0336,0.3741,Moderado,3582.56,0.0
A04138,0.8796,0.131,0.0156,0.3421,Baixo,1659.58,12392.67
A04139,1.0,0.2857,0.1555,0.4804,Muito alto,16562.59,0.0
A04142,0.9907,0.2381,0.0288,0.4192,Muito alto,3062.84,3434.57
A04144,0.9815,0.0714,0.0104,0.3544,Moderado,1104.63,0.0
A04145,0.7037,0.2857,0.0426,0.344,Baixo,4538.97,42901.57
A04146,0.7037,0.244,0.4042,0.4507,Muito alto,43047.58,15217.35
A04147,0.9815,0.0476,0.0,0.343,Baixo,0.0,0.0
A04148,0.9722,0.0655,0.0149,0.3509,Moderado,1583.58,8390.98
A04150,0.8981,0.3095,0.0227,0.4101,Alto,2421.82,26005.63
A04154,0.9352,0.2024,0.0097,0.3824,Alto,1033.55,0.0
A04155,0.8333,0.4405,0.15,0.4746,Muito alto,15970.89,0.0
A04156,0.9722,0.125,0.4358,0.511,Muito alto,46410.05,19445.57
A04157,0.9259,0.2024,0.027,0.3851,Alto,2879.74,2061.24
A04158,0.7315,0.25,0.1212,0.3675,Moderado,12902.08,0.0
A04161,0.9907,0.0595,0.096,0.3821,Alto,10228.34,4724.56
A04162,0.9907,0.1012,0.0198,0.3706,Moderado,2110.05,0.0
A04163,0.3981,0.3095,0.296,0.3346,Baixo,31524.38,34515.17
A04165,0.9722,0.1726,0.0107,0.3852,Alto,1134.9,6656.25
A04166,0.8889,0.0952,0.0392,0.3411,Baixo,4176.89,0.0
A04167,0.9444,0.0476,0.0,0.3307,Baixo,0.0,22868.05
A04168,0.713,0.1905,0.1617,0.355,Moderado,17217.27,3856.75
A04170,0.9722,0.131,0.0295,0.3775,Moderado,3137.57,11626.87
A04172,0.9907,0.3095,0.0169,0.4391,Muito alto,1798.72,34310.9
A04173,0.9444,0.131,0.2493,0.4416,Muito alto,26553.09,0.0
A04174,0.9815,0.2976,0.0218,0.4336,Muito alto,2324.24,0.0
A04175,0.8519,0.256,0.0469,0.3849,Alto,4994.57,0.0
A04176,0.9907,0.3452,0.0236,0.4532,Muito alto,2516.21,0.0
A04177,0.9167,0.1131,0.0132,0.3476,Moderado,1404.04,31941.98
A04178,0.7778,0.1012,0.0416,0.3068,Baixo,4427.13,6681.4
A04179,0.8889,0.1429,0.1295,0.3871,Alto,13792.57,5018.13
A04180,0.9444,0.125,0.0358,0.3684,Moderado,3809.72,15509.93
A04181,0.8056,0.1369,0.0,0.3142,Baixo,0.0,0.0
A04182,0.8611,0.3512,0.0095,0.4073,Alto,1013.04,12238.66
A04183,0.963,0.4583,0.0553,0.4922,Muito alto,5888.52,0.0
A04185,0.9907,0.0179,0.0,0.3362,Baixo,0.0,0.0
A04188,0.9907,0.2024,0.0422,0.4118,Alto,4493.3,20728.25
A04191,0.9907,0.0774,0.0105,0.3595,Moderado,1118.07,0.0
A04192,0.9074,0.2679,0.0165,0.3973,Alto,1759.87,16260.74
A04193,0.8796,0.0952,0.0363,0.3371,Baixo,3869.79,3038.41
A04194,0.787,0.1369,0.0481,0.324,Baixo,5121.18,0.0
A04197,0.9722,0.25,0.0138,0.412,Alto,1471.24,0.0
A04199,0.8704,0.3214,0.0823,0.4247,Muito alto,8769.47,27374.0
A04200,0.8981,0.2321,0.1356,0.4219,Muito alto,14435.58,28252.98
A04203,0.8148,0.1786,0.0,0.3311,Baixo,0.0,0.0
A04204,0.8889,0.1786,0.0693,0.3789,Moderado,7381.36,0.0
A04205,0.9259,0.1488,0.0836,0.3861,Alto,8907.87,14409.26
A04208,0.8611,0.2619,0.111,0.4113,Alto,11818.84,11779.12
A04209,0.5556,0.3452,0.0658,0.3222,Baixo,7007.79,0.0
A04212,0.9537,0.0476,0.0,0.3338,Baixo,0.0,87592.02
A04213,0.9259,0.3512,0.0561,0.4444,Muito alto,5978.95,22123.89
A04214,0.9074,0.125,0.0437,0.3587,Moderado,4655.73,0.0
A04215,0.9722,0.1964,0.2704,0.4797,Muito alto,28793.7,1820.61
A04216,0.8519,0.1607,0.0571,0.3566,Moderado,6081.02,7129.28
A04218,0.9259,0.0952,0.0184,0.3465,Moderado,1957.05,0.0
A04221,0.9722,0.3571,0.1499,0.4931,Muito alto,15962.18,17342.35
A04222,0.8241,0.3929,0.0443,0.4204,Muito alto,4715.9,0.0
A04223,0.9167,0.1548,0.0129,0.3614,Moderado,1374.18,49040.45
A04225,0.9167,0.1667,0.0063,0.3632,Moderado,673.62,17751.89
A04226,0.8981,0.1964,0.0275,0.374,Moderado,2926.58,25485.44
A04227,0.9537,0.1964,0.0238,0.3913,Alto,2538.57,6968.03
A04228,0.7963,0.1488,0.0146,0.3199,Baixo,1552.73,0.0
A04229,0.7685,0.1071,0.0548,0.3102,Baixo,5839.51,8811.93
A04230,0.9444,0.1845,0.0223,0.3838,Alto,2379.13,24244.45
A04231,0.9722,0.1369,0.0715,0.3936,Alto,7617.52,0.0
A04232,0.9815,0.1488,0.1928,0.441,Muito alto,20533.74,35092.07
A04234,0.9907,0.1131,0.1305,0.4115,Alto,13900.67,10584.04
A04235,0.9537,0.125,0.0979,0.3922,Alto,10422.43,33253.9
A04236,0.963,0.1548,0.1358,0.4178,Alto,14461.49,26250.54
A04237,0.9722,0.2798,0.0569,0.4363,Muito alto,6061.59,0.0
A04239,0.713,0.1488,0.026,0.2959,Baixo,2773.98,59019.93
A04240,0.9167,0.0476,0.0,0.3214,Baixo,0.0,20289.91
A04241,1.0,0.1845,0.1528,0.4458,Muito alto,16267.57,0.0
A04242,0.9444,0.1726,0.4011,0.5061,Muito alto,42715.54,6818.4
A04243,0.713,0.3274,0.0198,0.3534,Moderado,2110.44,10886.42
A04244,0.8611,0.0833,0.0254,0.3233,Baixo,2703.66,6066.4
A04245,0.9907,0.6905,0.0954,0.5922,Muito alto,10160.3,11516.63
A04246,0.9259,0.1488,0.0135,0.3628,Moderado,1440.76,32220.48
A04247,0.9907,0.1845,0.1032,0.4262,Muito alto,10990.38,6831.06
A04248,0.9074,0.6786,0.0748,0.5536,Muito alto,7964.73,0.0
A04250,0.8333,0.3214,0.0324,0.3957,Alto,3447.11,0.0
A04251,0.9444,0.131,0.0129,0.3628,Moderado,1371.77,1826.34
A04252,0.4537,0.3214,0.0143,0.2631,Baixo,1523.36,83651.01
A04254,0.9444,0.3214,0.0586,0.4415,Muito alto,6245.78,1611.56
A04255,0.9074,0.5595,0.2131,0.56,Muito alto,22690.58,0.0
A04256,0.9722,0.0952,0.0106,0.3594,Moderado,1129.78,0.0
A04257,0.963,0.0833,0.0346,0.3603,Moderado,3688.01,0.0
A04258,0.9537,0.5238,0.0397,0.5057,Muito alto,4228.65,38233.4
A04259,1.0,0.1964,0.0139,0.4035,Alto,1484.21,30695.92
A04260,0.3519,0.119,0.1294,0.2001,Baixo,13776.43,4003.64
A04261,0.9815,0.2381,0.0068,0.4088,Alto,727.37,9298.55
A04263,0.8426,0.1012,0.0358,0.3265,Baixo,3807.72,4021.41
A04264,0.9537,0.1369,0.1015,0.3974,Alto,10807.26,8285.49
A04267,0.9074,0.119,0.027,0.3511,Moderado,2873.76,28333.75
A04271,0.7593,0.25,0.0201,0.3431,Baixo,2137.2,0.0
A04272,0.8889,0.125,0.0183,0.3441,Baixo,1952.46,8540.27
A04273,0.7593,0.0952,0.026,0.2935,Baixo,2765.61,5873.95
A04274,0.9074,0.1786,0.021,0.369,Moderado,2237.63,7621.78
A04275,0.9167,0.5655,0.0275,0.5032,Muito alto,2929.23,8159.77
A04278,0.9537,0.2381,0.1183,0.4367,Muito alto,12597.96,0.0
A04279,0.9444,0.1369,0.0987,0.3934,Alto,10511.91,0.0
A04280,0.75,0.3631,0.0604,0.3912,Alto,6434.98,18926.34
A04281,0.5833,0.0893,0.1196,0.2641,Baixo,12735.52,0.0
A04282,0.8796,0.2381,0.2195,0.4457,Muito alto,23370.61,62844.16
A04285,0.963,0.1012,0.099,0.3877,Alto,10542.33,0.0
A04286,0.9444,0.2798,0.0822,0.4355,Muito alto,8754.05,24635.12
A04288,0.8611,0.2321,0.0358,0.3763,Moderado,3809.66,7968.55
A04290,0.8981,0.2381,0.0191,0.3851,Alto,2037.22,7128.05
A04291,0.963,0.3155,0.0437,0.4407,Muito alto,4651.79,10090.05
A04292,0.9259,0.0655,0.1072,0.3662,Moderado,11414.16,25061.07
A04294,0.6019,0.244,0.0343,0.2934,Baixo,3652.77,132466.71
A04296,0.9815,0.3571,0.1084,0.4823,Muito alto,11545.98,0.0
A04297,0.9444,0.3214,0.0877,0.4512,Muito alto,9341.01,824.86
A04298,1.0,0.2381,0.0455,0.4279,Muito alto,4842.78,0.0
A04299,0.4352,0.1131,0.0533,0.2005,Baixo,5670.9,5556.23
A04301,0.8056,0.1131,0.0119,0.3102,Baixo,1271.01,0.0
A04302,0.9352,0.2083,0.8886,0.6774,Muito alto,94632.4,3922.24
A04303,0.9167,0.0833,0.1023,0.3674,Moderado,10890.4,0.0
A04307,0.9167,0.1071,0.0344,0.3527,Moderado,3660.16,0.0
A04308,0.7407,0.1488,0.0548,0.3148,Baixo,5836.09,29794.86
A04309,0.8611,0.1488,0.0969,0.3689,Moderado,10315.24,4699.94
A04310,1.0,0.1071,0.0071,0.3714,Moderado,750.91,0.0
A04311,1.0,0.3095,0.0667,0.4587,Muito alto,7098.42,2321.01
A04312,0.8796,0.2857,0.0241,0.3965,Alto,2570.61,1064.19
A04313,0.9352,0.2202,0.3557,0.5037,Muito alto,37883.13,12149.42
A04315,0.6852,0.2262,0.1457,0.3523,Moderado,15511.47,6589.08
A04316,0.9352,0.3214,0.0775,0.4447,Muito alto,8251.5,2482.51
A04318,0.8519,0.1607,0.0156,0.3427,Baixo,1658.72,12842.26
A04319,0.9907,0.2738,0.0619,0.4422,Muito alto,6594.9,0.0
A04320,0.8981,0.1012,0.0629,0.3541,Moderado,6702.55,35456.44
A04321,0.9537,0.0893,0.0237,0.3556,Moderado,2523.52,1499.81
A04323,0.8426,0.25,0.0126,0.3684,Moderado,1345.38,0.0
A04325,0.963,0.131,0.0967,0.3969,Alto,10293.67,27419.25
A04326,0.6111,0.2976,0.0293,0.3127,Baixo,3118.62,46359.78
A04328,0.9167,0.0119,0.0,0.3095,Baixo,0.0,0.0
A04330,0.9907,0.1607,0.0358,0.3957,Alto,3811.93,0.0
A04331,0.9444,0.1905,0.0129,0.3826,Alto,1377.02,84879.97
A04333,0.8611,0.2381,0.0122,0.3705,Moderado,1293.94,438.27
A04336,1.0,0.2202,0.0937,0.438,Muito alto,9981.79,12540.67
A04337,0.8704,0.1845,0.0111,0.3553,Moderado,1177.4,0.0
A04338,0.9722,0.1845,0.0082,0.3883,Alto,877.8,41780.91
A04339,0.9815,0.2083,0.0147,0.4015,Alto,1560.93,0.0
A04341,0.8241,0.1667,0.0104,0.3337,Baixo,1104.73,0.0
A04342,0.9907,0.25,0.0263,0.4223,Muito alto,2797.01,19206.16
A04343,0.9722,0.2738,0.1019,0.4493,Muito alto,10855.74,12307.44
A04344,0.8241,0.1369,0.2944,0.4185,Alto,31352.11,0.0
A04346,0.8148,0.0655,0.0,0.2934,Baixo,0.0,41694.09
A04347,0.9907,0.0952,0.1179,0.4013,Alto,12559.11,0.0
A04348,0.9907,0.125,0.0203,0.3787,Moderado,2163.08,0.0
A04350,0.9352,0.1964,0.0687,0.4001,Alto,7320.83,15691.69
A04351,0.7778,0.2381,0.0083,0.3414,Baixo,878.62,6199.38
A04354,1.0,0.25,0.0766,0.4422,Muito alto,8158.99,14029.83
A04355,1.0,0.2024,0.0602,0.4208,Muito alto,6406.09,11286.38
A04356,0.8426,0.119,0.015,0.3255,Baixo,1595.33,2830.03
A04358,0.9352,0.1369,0.0653,0.3791,Moderado,6949.74,0.0
A04359,0.9167,0.0833,0.0756,0.3585,Moderado,8046.25,0.0
A04360,0.9259,0.4643,0.2511,0.5471,Muito alto,26741.26,3173.47
A04361,0.8519,0.1667,0.1455,0.388,Alto,15494.87,4472.96
A04362,0.963,0.25,0.0771,0.43,Muito alto,8213.39,32591.73
A04363,0.8611,0.3631,0.0621,0.4288,Muito alto,6613.03,9586.56
A04364,0.8704,0.1964,0.088,0.3849,Alto,9366.37,0.0
A04365,0.9537,0.3095,0.0494,0.4375,Muito alto,5256.01,7086.87
A04366,0.787,0.0714,0.0704,0.3096,Baixo,7502.15,1095.4
A04367,0.8241,0.3333,0.1745,0.444,Muito alto,18578.28,0.0
A04369,0.9352,0.1131,0.1027,0.3836,Alto,10931.68,0.0
A04370,0.9167,0.1786,0.0325,0.3759,Moderado,3459.36,0.0
A04371,0.9074,0.2143,0.0353,0.3857,Alto,3758.52,0.0
A04372,0.8796,0.3929,0.099,0.4572,Muito alto,10543.3,5242.09
A04373,0.8704,0.3631,0.0773,0.4369,Muito alto,8227.11,28539.38
A04375,0.9815,0.1012,0.0,0.3609,Moderado,0.0,37894.24
A04376,0.963,0.1667,0.225,0.4515,Muito alto,23956.98,3572.41
A04377,1.0,0.2024,0.0358,0.4127,Alto,3815.58,0.0
A04378,0.9815,0.3571,0.0583,0.4656,Muito alto,6208.5,28695.63
A04380,0.9815,0.1786,0.0108,0.3903,Alto,1153.0,11570.56
A04382,0.8426,0.2024,0.0121,0.3524,Moderado,1290.6,7560.61
A04384,0.9815,0.2024,0.0734,0.4191,Alto,7819.78,0.0
A04385,0.7037,0.4821,0.0712,0.419,Alto,7582.63,0.0
A04386,0.963,0.3393,0.1129,0.4717,Muito alto,12020.17,0.0
A04387,0.9167,0.2619,0.0889,0.4225,Muito alto,9462.18,0.0
A04388,1.0,0.1071,0.0738,0.3936,Alto,7854.79,0.0
A04391,0.4259,0.0774,0.0049,0.1694,Baixo,517.12,5965.42
A04393,0.9537,0.3214,0.0185,0.4312,Muito alto,1966.34,0.0
A04394,0.9537,0.1667,0.317,0.4791,Muito alto,33762.22,0.0
A04395,0.8148,0.2381,0.015,0.356,Moderado,1596.26,8046.63
A04396,0.8333,0.1488,0.0108,0.331,Baixo,1150.77,2869.72
A04397,0.8056,0.0714,0.0,0.2923,Baixo,0.0,18243.62
A04399,0.9537,0.3631,0.1782,0.4983,Muito alto,18980.76,0.0
A04400,0.9815,0.1845,0.0312,0.3991,Alto,3319.19,0.0
A04403,0.8889,0.131,0.0249,0.3483,Moderado,2654.08,0.0
A04404,0.3981,0.2798,0.6207,0.4329,Muito alto,66097.85,34539.98
A04405,0.4537,0.1071,0.0091,0.19,Baixo,974.36,0.0
A04408,1.0,0.4226,0.0706,0.4977,Muito alto,7518.65,48277.16
A04409,0.963,0.4345,0.0685,0.4887,Muito alto,7294.39,11157.26
A04410,0.9167,0.0833,0.0235,0.3412,Baixo,2506.46,527.53
A04412,0.9537,0.1429,0.0435,0.38,Alto,4630.31,0.0
A04413,0.9537,0.494,0.1183,0.522,Muito alto,12600.97,0.0
A04414,0.9444,0.0655,0.0267,0.3455,Baixo,2845.46,42423.34
A04416,0.8796,0.2857,0.21,0.4584,Muito alto,22360.8,0.0
A04417,0.9815,0.1429,0.045,0.3898,Alto,4790.61,3293.87
A04418,0.9537,0.2857,0.0591,0.4328,Muito alto,6296.01,4627.86
A04419,0.8981,0.1429,0.2332,0.4247,Muito alto,24835.22,11578.72
A04423,0.9167,0.2024,0.0208,0.38,Alto,2218.73,10461.44
A04424,0.2315,0.1369,0.0219,0.1301,Baixo,2330.09,6851.16
A04425,0.8333,0.1429,0.0197,0.332,Baixo,2100.15,0.0
A04427,0.8796,0.4286,0.0461,0.4514,Muito alto,4913.06,0.0
A04428,0.8704,0.1429,0.0338,0.349,Moderado,3597.78,2713.53
A04432,0.9259,0.131,0.0,0.3523,Moderado,0.0,12178.58
A04434,0.75,0.1429,0.0798,0.3242,Baixo,8496.71,0.0
A04437,0.9167,0.1369,0.2129,0.4221,Muito alto,22668.07,0.0
A04439,0.9722,0.2857,0.2499,0.5026,Muito alto,26617.06,9872.3
A04440,0.8611,0.3988,0.0159,0.4253,Muito alto,1697.82,16066.27
A04441,0.9167,0.1429,0.0414,0.367,Moderado,4413.37,15088.83
A04442,0.8148,0.1786,0.0047,0.3327,Baixo,500.46,0.0
A04443,0.6111,0.375,0.0652,0.3504,Moderado,6945.4,18071.52
A04444,0.9815,0.2619,0.0417,0.4283,Muito alto,4436.73,8764.58
A04445,0.8796,0.1845,0.0424,0.3689,Moderado,4518.26,0.0
A04447,1.0,0.0476,0.0,0.3492,Moderado,0.0,6628.66
A04448,0.9907,0.125,0.0444,0.3867,Alto,4727.07,11148.09
A04449,0.9815,0.0476,0.0,0.343,Baixo,0.0,0.0
A04450,0.6944,0.1548,0.0528,0.3007,Baixo,5624.73,2406.47
A04451,0.9167,0.2202,0.0609,0.3993,Alto,6481.6,5724.5
A04453,1.0,0.1071,0.0172,0.3748,Moderado,1834.15,1010.83
A04454,0.9074,0.1488,0.0307,0.3623,Moderado,3267.79,0.0
A04461,0.9907,0.1012,0.024,0.372,Moderado,2552.25,2849.63
A04463,0.963,0.1548,0.0993,0.4057,Alto,10578.58,2821.73
A04464,0.8519,0.1488,0.0477,0.3494,Moderado,5077.81,1014.86
A04465,0.9537,0.2024,0.0298,0.3953,Alto,3170.09,13096.34
A04466,0.7037,0.0952,0.0107,0.2699,Baixo,1138.22,0.0
A04467,0.9259,0.1845,0.0399,0.3834,Alto,4245.16,37509.39
A04468,0.9444,0.6726,0.0393,0.5521,Muito alto,4187.48,12482.94
A04475,0.8148,0.1369,0.0101,0.3206,Baixo,1078.75,0.0
A04477,0.9537,0.3274,0.043,0.4414,Muito alto,4577.22,72136.67
A04478,0.9074,0.2679,0.0618,0.4123,Alto,6577.6,0.0
A04479,0.5463,0.131,0.0222,0.2332,Baixo,2366.83,0.0
A04480,0.9352,0.1429,0.0358,0.3713,Moderado,3808.19,3632.35
A04481,0.9259,0.2083,0.0132,0.3825,Alto,1409.38,0.0
A04484,0.8611,0.244,0.0576,0.3876,Alto,6137.81,0.0
A04485,0.8981,0.1786,0.0339,0.3702,Moderado,3612.58,0.0
A04487,0.8981,0.2262,0.0158,0.38,Alto,1682.96,0.0
A04488,0.9907,0.2679,0.0547,0.4378,Muito alto,5820.4,13508.47
A04489,0.9907,0.125,0.0145,0.3767,Moderado,1543.52,0.0
A04490,0.9815,0.125,0.0172,0.3746,Moderado,1830.55,0.0
A04491,0.8333,0.125,0.0,0.3194,Baixo,0.0,0.0
A04492,0.7037,0.4762,0.1119,0.4306,Muito alto,11920.59,7640.84
A04494,0.8704,0.0774,0.0078,0.3185,Baixo,831.06,1253.99
A04495,0.8519,0.3036,0.1308,0.4287,Muito alto,13925.72,0.0
A04496,0.8426,0.1071,0.0118,0.3205,Baixo,1254.75,0.0
A04497,0.9167,0.2857,0.0889,0.4304,Muito alto,9464.75,44851.78
A04499,0.8704,0.1845,0.0481,0.3677,Moderado,5123.96,0.0
A04502,0.9907,0.369,0.0577,0.4725,Muito alto,6145.45,5350.82
A04504,0.9074,0.2083,0.0171,0.3776,Moderado,1822.09,0.0
A04507,0.8426,0.0833,0.0519,0.3259,Baixo,5528.81,0.0
A04509,0.6574,0.1071,0.1272,0.2973,Baixo,13547.46,36782.17
A04510,0.6944,0.1845,0.281,0.3867,Alto,29927.16,3799.47
A04511,0.9537,0.1726,0.0571,0.3945,Alto,6078.7,1779.97
A04512,0.8056,0.0833,0.0,0.2963,Baixo,0.0,4798.3
A04513,0.9907,0.1548,0.0075,0.3843,Alto,801.71,38285.08
A04514,0.9167,0.1012,0.0062,0.3414,Baixo,663.65,0.0
A04515,0.963,0.1786,0.0,0.3805,Alto,0.0,6177.39
A04518,0.8426,0.125,0.0368,0.3348,Baixo,3914.7,10534.23
A04520,0.9815,0.0833,0.0115,0.3588,Moderado,1229.85,26957.31
A04521,0.7407,0.1845,0.3288,0.418,Alto,35014.11,9410.44
A04522,0.9444,0.1786,0.0,0.3743,Moderado,0.0,13050.15
A04523,0.8981,0.3929,0.1427,0.4779,Muito alto,15193.34,0.0
A04526,0.8426,0.0893,0.0359,0.3226,Baixo,3824.62,0.0
A04527,0.7778,0.1607,0.0212,0.3199,Baixo,2257.36,0.0
A04528,0.9074,0.2024,0.052,0.3873,Alto,5541.31,0.0
A04529,0.9352,0.369,0.38,0.5614,Muito alto,40467.87,28732.65
A04530,0.9259,0.1726,0.0157,0.3714,Moderado,1674.36,14268.51
A04531,0.9815,0.119,0.0299,0.3768,Moderado,3183.6,13121.87
A04532,0.787,0.1905,0.0417,0.3397,Baixo,4436.81,19183.03
A04535,0.9815,0.4405,0.2438,0.5553,Muito alto,25963.76,6511.02
A04536,0.9074,0.2083,0.0459,0.3872,Alto,4889.0,0.0
A04537,0.8519,0.0893,0.0,0.3137,Baixo,0.0,11811.38
A04538,0.9074,0.2976,0.0112,0.4054,Alto,1192.13,0.0
A04539,0.8796,0.131,0.0347,0.3484,Moderado,3691.76,14976.3
A04540,0.9074,0.2738,0.0573,0.4128,Alto,6101.51,0.0
A04542,0.8333,0.1488,0.0537,0.3453,Baixo,5721.32,1827.96
A04543,0.7778,0.131,0.0209,0.3099,Baixo,2227.51,1743.85
A04544,0.9907,0.1607,0.0942,0.4152,Alto,10035.34,4752.09
A04545,0.963,0.119,0.0271,0.3697,Moderado,2882.11,0.0
A04546,0.9815,0.2857,0.0091,0.4254,Muito alto,972.36,6802.76
A04547,0.8611,0.2083,0.0468,0.3721,Moderado,4979.52,0.0
A04548,0.9815,0.1786,0.0199,0.3933,Alto,2117.94,0.0
A04550,0.7407,0.3929,0.2296,0.4544,Muito alto,24449.27,0.0
A04551,0.9537,0.1012,0.0225,0.3591,Moderado,2395.2,4910.49
A04552,0.9907,0.2262,0.0063,0.4077,Alto,671.75,114933.49
A04553,0.9444,0.4762,0.0574,0.4927,Muito alto,6114.24,0.0
A04554,0.8796,0.0893,0.0,0.323,Baixo,0.0,9058.15
A04555,0.8611,0.2143,0.0389,0.3714,Moderado,4138.81,15174.57
A04557,0.9167,0.1071,0.0171,0.347,Moderado,1825.2,5591.24
A04558,0.2685,0.119,0.0312,0.1396,Baixo,3321.24,0.0
A04560,0.8981,0.0476,0.0,0.3153,Baixo,0.0,0.0
A04561,0.5278,0.2619,0.0913,0.2937,Baixo,9727.27,7260.74
A04562,0.9815,0.2857,0.0236,0.4303,Muito alto,2513.84,11123.44
A04565,0.8981,0.0774,0.0222,0.3326,Baixo,2365.49,0.0
A04566,0.8796,0.25,0.0438,0.3911,Alto,4665.95,9818.16
A04567,0.7407,0.1488,0.1234,0.3377,Baixo,13142.56,33552.16
A04568,0.9444,0.3155,0.0378,0.4326,Muito alto,4030.03,0.0
A04570,0.8796,0.1845,0.0261,0.3634,Moderado,2783.77,16585.69
A04571,0.9259,0.0833,0.1473,0.3855,Alto,15682.93,0.0
A04572,0.8519,0.256,0.0243,0.3774,Moderado,2586.86,41830.68
A04573,0.9074,0.0774,0.0,0.3283,Baixo,0.0,0.0
A04576,0.9907,0.2143,0.0324,0.4125,Alto,3447.14,8103.55
A04577,1.0,0.0655,0.0,0.3552,Moderado,0.0,0.0
A04578,0.9074,0.2679,0.0256,0.4003,Alto,2721.36,0.0
A04579,0.9907,0.2143,0.052,0.419,Alto,5540.1,3526.72
A04580,0.8148,0.0833,0.0804,0.3262,Baixo,8560.6,5387.5
A04581,0.8981,0.1607,0.0097,0.3562,Moderado,1032.34,25271.93
A04582,0.8981,0.0238,0.0,0.3073,Baixo,0.0,0.0
A04583,0.9259,0.2143,0.0192,0.3865,Alto,2048.31,0.0
A04584,0.9352,0.2024,0.0186,0.3854,Alto,1976.32,7615.73
A04585,0.8981,0.3512,0.0712,0.4402,Muito alto,7579.42,0.0
A04586,0.9907,0.2202,0.0733,0.4281,Muito alto,7802.56,554.97
A04588,0.9167,0.0238,0.0,0.3135,Baixo,0.0,0.0
A04589,0.9815,0.244,0.0292,0.4182,Alto,3111.75,13581.53
A04590,0.6852,0.0179,0.0,0.2343,Baixo,0.0,0.0
A04592,0.8426,0.244,0.0719,0.3862,Alto,7658.17,0.0
A04593,0.9074,0.1845,0.1689,0.4203,Muito alto,17987.7,10344.9
A04595,0.6852,0.2262,0.0055,0.3056,Baixo,584.47,3561.65
A04596,0.8611,0.3214,0.049,0.4105,Alto,5217.98,1685.07
A04597,0.8981,0.244,0.0872,0.4098,Alto,9290.43,3487.35
A04598,0.9074,0.1786,0.0401,0.3754,Moderado,4271.47,0.0
A04599,0.9444,0.0952,0.0116,0.3504,Moderado,1233.08,0.0
A04600,0.8796,0.1726,0.0873,0.3798,Alto,9296.57,0.0
A04601,0.8889,0.0833,0.2634,0.4119,Alto,28055.63,12196.71
A04606,0.7685,0.2321,0.0421,0.3476,Moderado,4480.05,0.0
A04608,0.9815,0.25,0.0601,0.4305,Muito alto,6395.44,7249.82
A04609,0.963,0.1369,0.0161,0.372,Moderado,1714.44,0.0
A04610,0.9907,0.3155,0.2988,0.535,Muito alto,31819.98,15095.99
A04611,0.9815,0.1488,0.0218,0.384,Alto,2316.67,19715.36
A04613,0.8704,0.1548,0.2531,0.4261,Muito alto,26953.31,7599.72
A04614,0.7963,0.2619,0.0824,0.3802,Alto,8778.0,0.0
A04615,1.0,0.1369,0.0184,0.3851,Alto,1964.54,0.0
A04618,0.8333,0.1964,0.0969,0.3756,Moderado,10319.39,9180.52
A04620,0.8981,0.1488,0.0079,0.3516,Moderado,844.52,1792.6
A04621,0.9722,0.1548,0.0631,0.3967,Alto,6724.02,5542.9
A04622,0.8981,0.1131,0.0239,0.345,Baixo,2545.77,26701.77
A04623,0.963,0.0595,0.0447,0.3557,Moderado,4760.25,0.0
A04624,0.9444,0.1964,0.022,0.3876,Alto,2347.31,0.0
A04625,0.9444,0.0893,0.0119,0.3485,Moderado,1267.37,0.0
A04626,0.8611,0.244,0.0166,0.3739,Moderado,1773.01,5526.47
A04627,0.8704,0.1786,0.0389,0.3626,Moderado,4146.56,0.0
A04628,0.8333,0.244,0.0594,0.3789,Moderado,6325.17,7880.66
A04630,0.9907,0.244,0.0548,0.4299,Muito alto,5839.32,9525.86
A04631,0.8981,0.1488,0.2326,0.4265,Muito alto,24768.33,0.0
A04632,0.7315,0.3333,0.1702,0.4117,Alto,18122.69,47368.7
A04634,0.4167,0.2619,0.0999,0.2595,Baixo,10634.11,2876.62
A04635,0.9537,0.2381,0.044,0.4119,Alto,4686.15,39191.95
A04638,0.9722,0.2024,0.0115,0.3954,Alto,1219.85,0.0
A04639,0.8981,0.0357,0.0,0.3113,Baixo,0.0,0.0
A04640,0.8611,0.2381,0.045,0.3814,Alto,4794.38,0.0
A04642,0.6759,0.5476,0.0836,0.4357,Muito alto,8899.16,15859.88
A04643,0.9537,0.2798,0.3946,0.5427,Muito alto,42024.28,0.0
A04644,0.9815,0.1964,0.0295,0.4025,Alto,3137.32,0.0
A04646,0.5833,0.0179,0.0,0.2004,Baixo,0.0,7366.15
A04648,0.9907,0.2083,0.0375,0.4122,Alto,3997.75,4447.26
A04649,0.9537,0.1488,0.5218,0.5414,Muito alto,55568.09,4809.06
A04652,0.7963,0.1964,0.0306,0.3411,Baixo,3259.76,0.0
A04653,0.9907,0.119,0.0155,0.3751,Moderado,1645.64,0.0
A04654,0.9167,0.381,0.0523,0.45,Muito alto,5565.49,0.0
A04655,0.8611,0.1488,0.0084,0.3395,Baixo,899.18,0.0
A04656,0.963,0.8571,0.1922,0.6708,Muito alto,20472.8,0.0
A04657,0.8611,0.2202,0.8178,0.6331,Muito alto,87092.97,54412.36
A04658,0.9259,0.381,0.0728,0.4599,Muito alto,7754.61,17497.14
A04660,0.9167,0.1488,0.0799,0.3818,Alto,8510.91,2382.22
A04661,0.8704,0.3571,0.0539,0.4271,Muito alto,5741.68,109409.64
A04662,0.9537,0.2917,0.3202,0.5219,Muito alto,34098.0,13624.83
A04663,0.7685,0.0417,0.0,0.2701,Baixo,0.0,4149.8
A04664,0.9444,0.0893,0.0239,0.3525,Moderado,2543.63,17569.25
A04665,0.8148,0.1607,0.0174,0.331,Baixo,1854.6,54312.25
A04666,0.963,0.125,0.0234,0.3705,Moderado,2495.1,0.0
A04667,0.9259,0.1548,0.0848,0.3885,Alto,9034.8,0.0
A04668,0.9352,0.0536,0.0,0.3296,Baixo,0.0,33295.82
A04669,0.8333,0.1786,0.185,0.399,Alto,19703.32,1699.3
A04670,0.8704,0.2381,0.1143,0.4076,Alto,12170.03,2585.17
A04671,0.8889,0.131,0.0798,0.3666,Moderado,8499.2,2496.63
A04672,0.9167,0.2143,0.0583,0.3964,Alto,6205.83,3024.92
A04674,0.963,0.244,0.0369,0.4146,Alto,3930.52,5263.03
A04676,0.8981,0.2381,0.0366,0.3909,Alto,3897.0,9830.42
A04677,0.9815,0.0833,0.0077,0.3575,Moderado,815.59,0.0
A04678,0.9815,0.1845,0.1364,0.4341,Muito alto,14526.95,2221.03
A04679,0.8889,0.125,0.0276,0.3472,Moderado,2942.65,39423.78
A04681,0.9907,0.3214,0.0294,0.4472,Muito alto,3126.04,7726.38
A04682,0.9259,0.1131,0.0354,0.3581,Moderado,3772.05,7715.91
A04683,0.9907,0.3333,0.2687,0.5309,Muito alto,28614.06,0.0
A04684,0.9907,0.1369,0.065,0.3975,Alto,6919.94,27681.12
A04686,0.8519,0.0655,0.0,0.3058,Baixo,0.0,22175.69
A04687,0.963,0.0833,0.0227,0.3563,Moderado,2420.5,0.0
A04688,0.9444,0.3333,0.0295,0.4358,Muito alto,3140.34,0.0
A04689,0.9167,0.2262,0.0307,0.3912,Alto,3264.63,8346.77
A04691,0.8889,0.1964,0.1331,0.4061,Alto,14175.68,12218.45
A04693,0.9722,0.4107,0.309,0.564,Muito alto,32907.67,0.0
A04694,0.9167,0.3155,0.1011,0.4444,Muito alto,10770.27,0.0
A04695,0.8704,0.1964,0.0453,0.3707,Moderado,4827.28,0.0
A04697,0.9815,0.1726,0.0286,0.3942,Alto,3046.87,0.0
A04698,0.8796,0.2024,0.0222,0.3681,Moderado,2367.93,37456.69
A04700,0.8796,0.119,0.1042,0.3676,Moderado,11099.37,0.0
A04702,0.9352,0.0714,0.0158,0.3408,Baixo,1682.62,0.0
A04705,0.963,0.2202,0.0532,0.4121,Alto,5662.48,0.0
A04706,0.7222,0.0774,0.0191,0.2729,Baixo,2036.02,0.0
A04708,0.9815,0.25,0.0162,0.4159,Alto,1726.36,1341.24
A04709,0.75,0.1488,0.0208,0.3065,Baixo,2219.01,14928.2
A04710,0.9907,0.0655,0.0,0.3521,Moderado,0.0,4439.58
A04711,1.0,0.1429,0.0123,0.3851,Alto,1310.89,42407.99
A04713,0.963,0.1488,0.0286,0.3801,Alto,3043.31,0.0
A04714,0.963,0.0417,0.0,0.3349,Baixo,0.0,0.0
A04716,0.9815,0.1012,0.0115,0.3647,Moderado,1223.16,0.0
A04718,0.9907,0.125,0.0164,0.3774,Moderado,1747.59,6654.15
A04720,0.963,0.131,0.0144,0.3694,Moderado,1535.51,26452.53
A04721,0.9074,0.1369,0.117,0.3871,Alto,12459.25,0.0
A04722,0.9074,0.1369,0.0907,0.3783,Moderado,9658.94,0.0
A04723,0.963,0.1905,0.0211,0.3915,Alto,2244.22,73943.59
A04724,0.8426,0.2381,0.0897,0.3901,Alto,9557.73,7661.3
A04725,0.9722,0.1726,0.0799,0.4082,Alto,8503.87,7429.33
A04726,0.9907,0.5,0.0138,0.5015,Muito alto,1467.41,9130.35
A04728,0.713,0.2262,0.0412,0.3268,Baixo,4386.61,0.0
A04729,0.9259,0.1726,0.0919,0.3968,Alto,9789.33,0.0
A04731,0.7778,0.0774,0.0,0.2851,Baixo,0.0,0.0
A04732,0.8704,0.1429,0.0069,0.34,Baixo,735.84,28262.02
A04733,0.6481,0.1726,0.0535,0.2914,Baixo,5700.54,0.0
A04734,0.8704,0.1429,0.3189,0.444,Muito alto,33957.25,0.0
A04735,0.8611,0.5952,0.0911,0.5158,Muito alto,9703.4,1496.84
A04736,0.9907,0.0655,0.0329,0.3631,Moderado,3508.53,0.0
A04737,0.7315,0.1667,0.0441,0.3141,Baixo,4694.83,9526.7
A04738,0.9722,0.0833,0.0,0.3519,Moderado,0.0,0.0
A04739,0.7685,0.2202,0.0494,0.3461,Baixo,5264.37,3103.71
A04740,0.8519,0.1369,0.0077,0.3322,Baixo,821.87,0.0
A04742,0.9537,0.0833,0.0,0.3457,Baixo,0.0,18337.43
A04743,0.963,0.1726,0.4245,0.52,Muito alto,45210.41,0.0
A04746,0.9907,0.0893,0.0261,0.3687,Moderado,2780.15,182521.88
A04748,0.7685,0.1845,0.0058,0.3196,Baixo,616.19,65033.39
A04749,0.9352,0.1131,0.0263,0.3582,Moderado,2799.77,179371.72
A04750,0.8796,0.1786,0.0512,0.3698,Moderado,5452.54,13973.97
A04751,0.8333,0.0357,0.0,0.2897,Baixo,0.0,25180.85
A04752,0.9907,0.3274,0.051,0.4564,Muito alto,5436.46,5293.26
A04753,0.8056,0.1726,0.028,0.3354,Baixo,2979.31,0.0
A04756,0.8148,0.119,0.0561,0.33,Baixo,5969.92,0.0
A04757,0.963,0.1071,0.0141,0.3614,Moderado,1497.62,18457.11
A04758,0.963,0.3333,0.0781,0.4581,Muito alto,8312.7,3509.45
A04759,0.9537,0.369,0.0352,0.4527,Muito alto,3751.86,0.0
A04760,0.9907,0.2321,0.032,0.4183,Alto,3408.65,0.0
A04761,0.9259,0.2143,0.0402,0.3935,Alto,4279.06,28170.6
A04762,0.8704,0.1429,0.0774,0.3635,Moderado,8242.72,32293.21
A04763,0.9722,0.244,0.0251,0.4138,Alto,2675.45,3404.16
A04764,0.8981,0.1667,0.0208,0.3619,Moderado,2218.54,13843.72
A04765,0.9722,0.2024,0.0948,0.4231,Muito alto,10091.54,0.0
A04767,0.9907,0.1607,0.0256,0.3924,Alto,2726.28,0.0
A04768,1.0,0.0833,0.1089,0.3974,Alto,11595.9,24029.09
A04769,0.9167,0.2321,0.0367,0.3952,Alto,3906.11,0.0
A04770,0.9444,0.2262,0.0275,0.3994,Alto,2928.26,1457.83
A04772,0.9722,0.1429,0.0089,0.3747,Moderado,949.28,0.0
A04775,0.8889,0.2976,0.1603,0.449,Muito alto,17075.55,5507.19
A04777,0.9815,0.0714,0.0782,0.377,Moderado,8323.92,0.0
A04778,0.75,0.0536,0.048,0.2839,Baixo,5110.46,0.0
A04779,0.9444,0.3214,0.0357,0.4339,Muito alto,3803.91,0.0
A04780,0.8056,0.1607,0.0638,0.3433,Baixo,6789.3,0.0
A04781,0.9907,0.1726,0.0233,0.3956,Alto,2484.4,28635.75
A04782,0.9444,0.25,0.2221,0.4722,Muito alto,23649.47,9034.7
A04783,0.8889,0.1845,0.0524,0.3753,Moderado,5583.54,0.0
A04785,0.8611,0.1012,0.0,0.3208,Baixo,0.0,18357.59
A04786,0.9815,0.4583,0.0979,0.5126,Muito alto,10425.39,23174.85
A04787,0.787,0.3393,0.0438,0.3901,Alto,4668.55,3505.29
A04788,0.9444,0.0714,0.0,0.3386,Baixo,0.0,0.0
A04790,0.9815,0.1726,0.1156,0.4232,Muito alto,12315.46,0.0
A04791,0.7685,0.0536,0.0,0.274,Baixo,0.0,8763.43
A04792,0.9259,0.2738,0.0495,0.4164,Alto,5274.09,0.0
A04793,0.9815,0.5357,0.1159,0.5444,Muito alto,12344.27,5805.79
A04795,0.6389,0.2083,0.0647,0.304,Baixo,6892.96,15342.41
A04796,0.9907,0.3036,0.3097,0.5347,Muito alto,32976.81,0.0
A04797,0.8519,0.1548,0.0168,0.3411,Baixo,1789.27,0.0
A04798,0.8056,0.2321,0.0317,0.3565,Moderado,3375.49,0.0
A04799,0.9815,0.131,0.0203,0.3776,Moderado,2159.93,8861.02
A04800,0.8611,0.3214,0.1698,0.4508,Muito alto,18081.01,0.0
A04801,0.787,0.1726,0.0319,0.3305,Baixo,3392.98,0.0
A04802,0.9815,0.1548,0.0744,0.4035,Alto,7922.87,7793.11
A04803,0.8611,0.1667,0.1525,0.3934,Alto,16235.65,12132.62
A04805,0.9259,0.1369,0.0214,0.3614,Moderado,2283.32,1794.17
A04806,0.7778,0.119,0.0257,0.3075,Baixo,2733.22,77123.57
A04807,0.963,0.2143,0.0534,0.4102,Alto,5684.26,0.0
A04808,0.9907,0.2738,0.0882,0.4509,Muito alto,9392.41,20268.7
A04809,0.8611,0.5893,0.1659,0.5388,Muito alto,17667.36,13870.29
A04811,0.8611,0.125,0.0328,0.3396,Baixo,3492.17,27491.09
A04812,0.963,0.25,0.0114,0.4081,Alto,1210.68,0.0
A04813,0.713,0.1964,0.0585,0.3226,Baixo,6231.13,0.0
A04814,0.9815,0.1071,0.0195,0.3694,Moderado,2081.78,23518.83
A04815,0.8796,0.2262,0.0075,0.3711,Moderado,793.93,9605.65
A04817,0.8889,0.0833,0.0345,0.3356,Baixo,3674.48,88277.95
A04818,0.9352,0.1905,0.067,0.3975,Alto,7131.16,1659.63
A04819,0.9722,0.125,0.0419,0.3797,Alto,4458.14,0.0
A04821,0.963,0.1905,0.0482,0.4005,Alto,5133.8,20502.22
A04823,0.9074,0.2738,0.0494,0.4102,Alto,5258.19,11830.3
A04825,0.8981,0.1071,0.0341,0.3464,Baixo,3626.15,0.0
A04826,0.7593,0.2321,0.0636,0.3517,Moderado,6775.76,23160.4
A04827,0.9907,0.131,0.0511,0.3909,Alto,5445.9,0.0
A04828,0.9537,0.4583,0.1555,0.5225,Muito alto,16558.95,0.0
A04829,0.7407,0.3036,0.0537,0.366,Moderado,5719.95,0.0
A04831,0.9815,0.2679,0.013,0.4208,Muito alto,1379.11,0.0
A04832,0.9722,0.1548,0.0631,0.3967,Alto,6718.51,36145.27
A04833,0.9259,0.5119,0.2688,0.5689,Muito alto,28624.43,4944.83
A04834,0.8704,0.1726,0.0229,0.3553,Moderado,2441.31,14084.95
A04836,0.9167,0.1131,0.0235,0.3511,Moderado,2498.98,136454.37
A04837,0.8889,0.1369,0.0,0.3419,Baixo,0.0,6790.64
A04838,0.9352,0.3214,0.1651,0.4739,Muito alto,17584.41,0.0
A04841,0.9444,0.0417,0.0,0.3287,Baixo,0.0,9776.07
A04842,0.8611,0.0595,0.0571,0.3259,Baixo,6081.61,3217.24
A04843,0.8519,0.1667,0.0307,0.3497,Moderado,3267.52,13869.74
A04844,0.8519,0.1905,0.0221,0.3548,Moderado,2352.23,3351.53
A04845,0.8148,0.4702,0.0862,0.4571,Muito alto,9174.48,0.0
A04846,0.8241,0.2262,0.0906,0.3803,Alto,9652.37,0.0
A04848,0.963,0.1905,0.0423,0.3986,Alto,4506.89,73588.08
A04849,0.8611,0.0833,0.027,0.3238,Baixo,2871.53,128386.45
A04850,0.75,0.1548,0.013,0.3059,Baixo,1389.74,11131.92
A04851,0.8796,0.8155,0.0555,0.5835,Muito alto,5909.59,13915.8
A04852,0.9167,0.4702,0.0848,0.4906,Muito alto,9026.96,4709.77
A04853,0.963,0.1964,0.1287,0.4293,Muito alto,13700.97,12779.41
A04855,0.9444,0.256,0.0148,0.4051,Alto,1571.24,0.0
A04856,0.8241,0.0595,0.0,0.2945,Baixo,0.0,20468.98
A04858,0.787,0.3393,0.1526,0.4263,Muito alto,16250.89,4644.79
A04860,0.9722,0.2738,0.0739,0.44,Muito alto,7870.25,0.0
A04862,0.9907,0.1071,0.0159,0.3713,Moderado,1697.93,13818.82
A04871,0.8056,0.0714,0.0218,0.2996,Baixo,2317.39,0.0
A04874,0.9444,0.244,0.0221,0.4035,Alto,2352.46,5318.06
A04878,0.8889,0.1429,0.0724,0.368,Moderado,7708.95,14711.19
A04879,0.9722,0.2024,0.0564,0.4103,Alto,6004.22,15435.84
A04880,0.9907,0.0893,0.0075,0.3625,Moderado,796.19,21604.54
A04882,0.9352,0.2202,0.0809,0.4121,Alto,8618.53,0.0
A04883,0.9722,0.125,0.0239,0.3737,Moderado,2544.0,4582.52
A04885,0.9815,0.1905,0.0205,0.3975,Alto,2178.87,0.0
A04886,0.9722,0.3452,0.0466,0.4547,Muito alto,4966.07,0.0
A04887,0.75,0.1726,0.033,0.3185,Baixo,3513.95,8064.96
A04888,0.5741,0.244,0.0897,0.3026,Baixo,9555.17,0.0
A04889,0.8241,0.1488,0.2213,0.3981,Alto,23570.08,0.0
A04890,0.9815,0.1786,0.2442,0.4681,Muito alto,26000.63,0.0
A04892,0.3333,0.1548,0.0289,0.1723,Baixo,3075.76,0.0
A04893,0.963,0.244,0.0685,0.4252,Muito alto,7299.87,10465.29
A04894,0.9815,0.4583,0.0221,0.4873,Muito alto,2358.63,27554.17
A04896,0.8889,0.1071,0.0395,0.3452,Baixo,4209.22,0.0
A04897,0.9537,0.125,0.0312,0.37,Moderado,3322.19,0.0
A04898,1.0,0.2083,0.0114,0.4066,Alto,1217.54,0.0
A04899,0.7407,0.1548,0.0679,0.3211,Baixo,7229.6,0.0
A04900,0.7963,0.2798,0.0113,0.3625,Moderado,1205.36,2317.29
A04902,0.7593,0.1369,0.0928,0.3296,Baixo,9878.27,171067.12
A04905,0.9722,0.506,0.1713,0.5498,Muito alto,18242.26,3245.72
A04908,0.9074,0.0298,0.0396,0.3256,Baixo,4216.92,0.0
A04910,0.75,0.2679,0.0787,0.3655,Moderado,8385.15,15496.96
A04911,0.9722,0.131,0.0337,0.3789,Moderado,3584.0,0.0
A04912,0.7778,0.244,0.0157,0.3458,Baixo,1670.82,0.0
A04913,0.5926,0.1905,0.1839,0.3223,Baixo,19585.47,4482.01
A04914,0.9815,0.2679,0.0688,0.4394,Muito alto,7324.97,0.0
A04915,0.9907,0.25,0.0743,0.4384,Muito alto,7916.41,61555.69
A04916,0.8796,0.131,0.059,0.3565,Moderado,6282.0,0.0
A04918,0.8796,0.2202,0.0122,0.3707,Moderado,1303.39,9362.87
A04919,0.8796,0.1488,0.1263,0.3849,Alto,13452.91,75196.52
A04920,0.9722,0.0833,0.0266,0.3607,Moderado,2830.07,20027.65
A04921,0.7963,0.1548,0.0967,0.3492,Moderado,10293.34,0.0
A04922,0.8796,0.1905,0.0296,0.3666,Moderado,3147.65,4123.89
A04924,0.9537,0.2202,0.079,0.4177,Alto,8416.08,3135.04
A04925,0.9259,0.4345,0.0324,0.4643,Muito alto,3453.9,8785.39
A04927,0.8611,0.2202,0.1782,0.4198,Muito alto,18977.29,15041.62
A04929,0.8704,0.1667,0.0334,0.3568,Moderado,3556.01,25222.53
A04930,0.9167,0.25,0.051,0.4059,Alto,5432.35,13149.3
A04931,0.9815,0.1071,0.0511,0.3799,Alto,5440.03,8442.77
A04932,0.8796,0.1369,0.0132,0.3432,Baixo,1407.24,4748.97
A04934,0.9444,0.1429,0.0143,0.3672,Moderado,1524.56,21441.81
A04936,0.9444,0.1964,0.0379,0.3929,Alto,4039.14,0.0
A04937,0.8241,0.3393,0.0736,0.4123,Alto,7839.23,20189.72
A04938,0.8704,0.1726,0.1371,0.3934,Alto,14599.14,12515.2
A04939,0.9907,0.1548,0.0793,0.4083,Alto,8448.39,27215.28
A04941,0.8611,0.4464,0.0392,0.4489,Muito alto,4169.99,25739.81
A04942,0.963,0.0238,0.0248,0.3372,Baixo,2645.83,0.0
A04944,0.9537,0.1726,0.0032,0.3765,Moderado,345.95,0.0
A04946,0.963,0.125,0.1086,0.3989,Alto,11568.04,0.0
A04948,0.8611,0.1131,0.0167,0.3303,Baixo,1776.65,3112.06
A04949,0.9722,0.0417,0.0091,0.341,Baixo,969.1,0.0
A04950,0.9815,0.0298,0.0277,0.3463,Baixo,2951.35,0.0
A04951,0.8333,0.1369,0.0172,0.3291,Baixo,1830.26,1510.3
A04952,0.8704,0.1786,0.025,0.358,Moderado,2663.81,10090.01
A04953,0.6111,0.1488,0.1274,0.2958,Baixo,13568.33,0.0
A04955,0.9722,0.2262,0.0064,0.4016,Alto,683.95,20661.75
A04956,0.8889,0.1726,0.1109,0.3908,Alto,11805.12,0.0
A04958,0.9259,0.2262,0.8014,0.6512,Muito alto,85347.28,0.0
A04961,0.9074,0.1607,0.0089,0.359,Moderado,944.7,0.0
A04962,0.9259,0.1845,0.0219,0.3775,Moderado,2336.1,5155.31
A04963,0.9444,0.2083,0.0653,0.406,Alto,6957.46,19773.14
A04964,0.963,0.125,0.0,0.3627,Moderado,0.0,42552.94
A04965,0.963,0.3512,0.0267,0.4469,Muito alto,2840.0,7148.34
A04966,0.9537,0.4048,0.0603,0.4729,Muito alto,6421.05,13882.98
A04968,0.8889,0.1845,0.0509,0.3748,Moderado,5421.39,38274.89
A04969,0.8796,0.3333,0.013,0.4086,Alto,1379.63,62456.96
A04970,0.9537,0.3631,0.2138,0.5102,Muito alto,22768.13,0.0
A04973,0.9537,0.2857,0.1341,0.4578,Muito alto,14279.75,0.0
A04976,0.9074,0.0893,0.0237,0.3401,Baixo,2522.47,0.0
A04977,0.7778,0.1012,0.0252,0.3014,Baixo,2686.35,0.0
A04978,0.4074,0.1786,0.0352,0.2071,Baixo,3747.92,0.0
A04979,0.9074,0.119,0.1169,0.3811,Alto,12451.96,0.0
A04980,0.8981,0.2738,0.0786,0.4169,Alto,8371.35,0.0
A04981,0.8981,0.2738,0.0336,0.4019,Alto,3579.37,25130.12
A04982,0.9167,0.1548,0.0067,0.3594,Moderado,709.69,0.0
A04983,0.9907,0.2262,0.1553,0.4574,Muito alto,16542.55,0.0
A04984,0.963,0.0893,0.1309,0.3944,Alto,13938.45,0.0
A04985,0.3796,0.25,0.0418,0.2238,Baixo,4452.53,1632.66
A04986,0.8981,0.25,0.0992,0.4158,Alto,10558.9,54560.55
A04987,0.9815,0.2798,0.0119,0.4244,Muito alto,1268.61,0.0
A04989,0.963,0.3452,0.1071,0.4718,Muito alto,11403.56,0.0
A04990,0.8611,0.2917,0.0174,0.3901,Alto,1852.81,0.0
A04991,0.6759,0.0357,0.0,0.2372,Baixo,0.0,0.0
A04993,0.9167,0.1548,0.0143,0.3619,Moderado,1524.7,13016.75
A04996,0.8148,0.256,0.0733,0.3814,Alto,7808.58,0.0
A04997,0.8148,0.1964,0.0232,0.3448,Baixo,2475.53,0.0
A04999,0.9537,0.1726,0.0,0.3754,Moderado,0.0,5858.03
A05000,0.8889,0.1964,0.01,0.3651,Moderado,1066.95,21526.2
