associado_id,nome,idade,genero,estado,cidade,segmento,data_associacao,canal_aquisicao,tem_conta_corrente,tem_cartao_credito,tem_seguro,tem_consorcio,tem_previdencia,tem_credito_rural,transacoes_ultimo_trimestre,saldo_medio_cc,valor_investido,nps_score,dias_desde_ultimo_acesso,acessos_app_mes,campanhas_recebidas,campanhas_abertas,campanhas_convertidas,status,qtd_produtos,taxa_abertura_campanha,taxa_conversao_campanha
A00001,Associado 1,25,F,SC,Joinville,Pessoa Física,2021-03-28,Digital,1,1,0,1,1,0,38,3019.57,10542.52,4,19,17,5,3,2,Ativo,4,0.6,0.67
A00002,Associado 2,40,F,RJ,Rio de Janeiro,Pessoa Física,2020-03-02,Indicação,1,0,0,0,0,0,15,1549.7,4178.16,9,21,5,9,3,2,Ativo,1,0.33,0.67
A00003,Associado 3,39,F,SP,São Paulo,Pessoa Física,2023-01-13,Digital,1,1,0,0,0,0,5,2031.71,0.0,6,105,2,5,3,0,Inativo,2,0.6,0.0
A00004,Associado 4,31,M,PR,Curitiba,Pessoa Jurídica,2022-04-16,Agência,1,1,1,1,0,0,22,5088.55,4038.78,9,86,3,5,2,0,Inativo,4,0.4,0.0
A00005,Associado 5,39,M,RS,Porto Alegre,Pessoa Física,2023-11-07,Agência,1,1,1,1,1,0,4,2038.93,0.0,10,122,2,3,0,0,Inativo,5,0.0,0.0
A00006,Associado 6,47,M,RS,Porto Alegre,Agro,2020-08-25,Agência,0,0,0,0,0,0,1,0.0,12042.8,7,213,0,9,2,0,Churned,0,0.22,0.0
A00007,Associado 7,39,F,RS,Caxias do Sul,Pessoa Física,2021-09-17,Agência,1,1,0,0,0,0,27,1253.0,0.0,9,18,10,6,1,0,Ativo,2,0.17,0.0
A00008,Associado 8,41,M,MG,Belo Horizonte,Pessoa Jurídica,2019-09-22,Digital,1,0,1,0,1,0,72,9757.87,1065.85,8,44,18,6,5,1,Ativo,3,0.83,0.2
A00009,Associado 9,28,F,PR,Londrina,Pessoa Jurídica,2019-05-21,Digital,1,1,0,0,1,1,43,11077.54,3848.76,8,12,23,3,2,1,Ativo,4,0.67,0.5
A00010,Associado 10,40,M,SP,São Paulo,Pessoa Jurídica,2018-07-26,Agência,1,0,0,0,0,0,19,5933.69,0.0,8,161,3,7,3,0,Inativo,1,0.43,0.0
A00011,Associado 11,30,M,RS,Porto Alegre,Agro,2023-01-29,Agência,0,0,0,0,1,0,4,0.0,2789.95,6,357,1,4,3,0,Churned,1,0.75,0.0
A00012,Associado 12,53,M,RJ,Rio de Janeiro,Pessoa Jurídica,2021-06-23,Agência,0,1,1,0,0,0,31,0.0,10713.42,7,20,14,8,4,0,Ativo,2,0.5,0.0
A00013,Associado 13,49,M,SP,São Paulo,Agro,2022-01-22,Campanha,1,1,1,0,0,1,62,5365.76,15723.7,9,17,10,3,1,1,Ativo,4,0.33,1.0
A00014,Associado 14,33,F,RS,Caxias do Sul,Pessoa Física,2021-03-14,Digital,0,0,0,0,0,0,9,0.0,0.0,4,12,11,8,5,0,Ativo,0,0.62,0.0
A00015,Associado 15,54,M,RS,Porto Alegre,Pessoa Física,2022-07-19,Campanha,1,1,0,0,1,0,28,3769.04,27781.18,8,5,8,8,2,0,Ativo,3,0.25,0.0
A00016,Associado 16,51,M,RS,Caxias do Sul,Pessoa Física,2025-01-25,Indicação,1,0,1,0,0,0,26,6707.84,0.0,7,1,7,9,4,1,Ativo,2,0.44,0.25
A00017,Associado 17,41,F,RS,Caxias do Sul,Pessoa Física,2020-06-02,Digital,0,0,0,1,0,0,0,0.0,2361.48,6,129,0,6,0,0,Churned,1,0.0,0.0
A00018,Associado 18,31,F,SC,Joinville,Pessoa Física,2020-08-08,Indicação,1,1,0,0,0,0,29,2314.7,18718.98,10,23,8,3,1,0,Ativo,2,0.33,0.0
A00019,Associado 19,31,M,SC,Florianópolis,Pessoa Física,2018-10-12,Agência,1,1,1,0,0,1,67,2254.1,0.0,9,10,16,6,3,0,Ativo,4,0.5,0.0
A00020,Associado 20,39,M,RS,Porto Alegre,Pessoa Física,2019-12-20,Indicação,1,0,0,0,0,0,5,6477.28,0.0,9,138,3,8,4,2,Inativo,1,0.5,0.5
A00021,Associado 21,58,F,PR,Curitiba,Pessoa Física,2019-05-17,Agência,1,0,0,0,0,0,1,4694.03,0.0,3,232,0,6,2,1,Churned,1,0.33,0.5
A00022,Associado 22,48,F,RS,Porto Alegre,Pessoa Física,2018-09-15,Indicação,1,1,0,0,0,0,70,1795.76,6389.59,6,8,12,6,5,1,Ativo,2,0.83,0.2
A00023,Associado 23,55,M,RS,Porto Alegre,Agro,2023-08-02,Agência,1,1,1,0,0,1,53,6079.33,5089.33,10,57,14,12,6,0,Ativo,4,0.5,0.0
A00024,Associado 24,48,F,SC,Florianópolis,Pessoa Física,2020-03-20,Indicação,1,1,0,0,1,0,13,1748.37,3232.65,9,49,3,8,2,0,Inativo,3,0.25,0.0
A00025,Associado 25,62,F,SC,Florianópolis,Pessoa Jurídica,2023-10-01,Agência,1,0,0,0,0,0,46,69303.76,30056.97,6,12,3,2,0,0,Ativo,1,0.0,0.0
A00026,Associado 26,34,M,SP,São Paulo,Pessoa Física,2025-02-10,Campanha,1,1,1,0,0,0,38,1727.33,473.18,8,32,12,8,4,0,Ativo,3,0.5,0.0
A00027,Associado 27,46,M,RS,Caxias do Sul,Agro,2023-04-07,Digital,0,1,0,1,0,1,21,0.0,8804.63,10,6,5,10,2,1,Ativo,3,0.2,0.5
A00028,Associado 28,60,M,SC,Joinville,Agro,2025-06-05,Indicação,1,1,0,0,1,1,25,2303.52,0.0,10,11,6,3,1,0,Ativo,4,0.33,0.0
A00029,Associado 29,37,F,PR,Londrina,Pessoa Jurídica,2021-05-24,Digital,1,0,1,0,0,0,47,16317.6,6738.19,10,3,6,9,3,0,Ativo,2,0.33,0.0
A00030,Associado 30,22,M,RS,Porto Alegre,Pessoa Jurídica,2025-05-26,Digital,1,1,1,1,0,0,50,11204.38,0.0,8,5,10,7,2,0,Ativo,4,0.29,0.0
A00031,Associado 31,35,M,PR,Curitiba,Pessoa Física,2021-02-02,Digital,1,1,1,0,0,0,30,2608.45,7258.93,10,17,13,7,5,0,Ativo,3,0.71,0.0
A00032,Associado 32,39,M,RS,Caxias do Sul,Agro,2019-06-06,Campanha,1,1,0,0,0,0,26,4921.92,3487.81,7,4,4,4,1,0,Ativo,2,0.25,0.0
A00033,Associado 33,23,F,RS,Porto Alegre,Agro,2020-08-26,Agência,1,1,0,0,0,1,51,12092.55,1035.23,10,21,14,3,2,0,Ativo,3,0.67,0.0
A00034,Associado 34,34,M,MG,Belo Horizonte,Agro,2022-11-13,Campanha,1,1,0,0,0,0,28,23418.31,0.0,10,14,3,11,1,0,Ativo,2,0.09,0.0
A00035,Associado 35,46,M,RJ,Rio de Janeiro,Pessoa Jurídica,2020-09-27,Digital,1,1,0,0,0,0,27,41998.27,8483.25,7,0,8,6,5,0,Ativo,2,0.83,0.0
A00036,Associado 36,56,F,SP,São Paulo,Pessoa Física,2020-06-06,Indicação,1,1,0,0,0,0,31,3350.37,0.0,8,11,4,7,0,0,Ativo,2,0.0,0.0
A00037,Associado 37,31,F,RS,Porto Alegre,Agro,2020-01-15,Digital,1,1,0,0,0,1,31,28488.58,0.0,6,3,14,6,3,1,Ativo,3,0.5,0.33
A00038,Associado 38,38,M,RS,Porto Alegre,Pessoa Física,2020-12-03,Digital,1,1,0,1,1,0,49,1744.52,1906.4,8,10,20,10,10,2,Ativo,4,1.0,0.2
A00039,Associado 39,57,M,PR,Curitiba,Pessoa Física,2022-09-01,Campanha,1,0,0,0,0,0,20,17792.1,0.0,8,3,6,2,0,0,Ativo,1,0.0,0.0
A00040,Associado 40,33,M,SC,Florianópolis,Pessoa Física,2018-07-30,Digital,1,0,0,0,0,0,17,4373.24,0.0,8,27,14,6,4,1,Ativo,1,0.67,0.25
A00041,Associado 41,33,F,RS,Porto Alegre,Agro,2024-05-12,Digital,1,1,1,0,0,0,38,23805.4,10143.1,9,8,10,8,3,1,Ativo,3,0.38,0.33
A00042,Associado 42,51,M,SC,Joinville,Pessoa Física,2021-02-04,Agência,1,1,0,0,0,0,5,2930.08,0.0,4,236,0,9,1,0,Churned,2,0.11,0.0
A00043,Associado 43,52,M,RS,Porto Alegre,Pessoa Física,2023-05-11,Agência,1,1,0,0,1,0,19,6670.21,0.0,9,15,3,7,3,2,Ativo,3,0.43,0.67
A00044,Associado 44,50,F,MG,Belo Horizonte,Pessoa Física,2024-12-01,Digital,1,1,0,0,0,0,8,558.15,0.0,8,8,4,3,2,0,Ativo,2,0.67,0.0
A00045,Associado 45,56,F,RS,Caxias do Sul,Pessoa Jurídica,2022-08-30,Indicação,1,0,0,0,0,0,4,40129.07,0.0,9,101,0,10,2,0,Churned,1,0.2,0.0
A00046,Associado 46,42,M,PR,Curitiba,Pessoa Jurídica,2024-03-02,Digital,1,0,1,0,0,0,44,6981.93,2913.53,9,5,11,4,2,1,Ativo,2,0.5,0.5
A00047,Associado 47,40,F,RS,Caxias do Sul,Pessoa Física,2018-04-29,Agência,1,1,0,0,0,0,1,5340.7,5278.59,5,169,0,5,1,0,Churned,2,0.2,0.0
A00048,Associado 48,51,M,SC,Florianópolis,Pessoa Física,2019-05-01,Digital,1,1,1,0,0,0,33,2507.24,21886.06,9,0,14,5,3,1,Ativo,3,0.6,0.33
A00049,Associado 49,40,M,SC,Florianópolis,Pessoa Jurídica,2023-11-27,Digital,1,1,1,0,0,0,50,41012.86,0.0,10,14,7,5,3,1,Ativo,3,0.6,0.33
A00050,Associado 50,42,F,RS,Porto Alegre,Agro,2024-11-06,Digital,0,0,0,0,0,1,5,0.0,17600.45,3,95,2,14,3,0,Inativo,1,0.21,0.0
A00051,Associado 51,51,F,RJ,Rio de Janeiro,Pessoa Jurídica,2020-10-28,Campanha,1,1,1,0,0,0,52,11238.1,23151.8,10,82,9,10,2,1,Ativo,3,0.2,0.5
A00052,Associado 52,28,F,SP,São Paulo,Pessoa Física,2019-05-27,Indicação,1,0,0,0,0,0,23,2106.17,0.0,7,33,7,3,1,0,Ativo,1,0.33,0.0
A00053,Associado 53,63,F,MG,Belo Horizonte,Agro,2020-12-02,Agência,1,0,0,0,0,1,15,27236.53,88656.75,8,2,1,3,0,0,Ativo,2,0.0,0.0
A00054,Associado 54,32,M,MG,Belo Horizonte,Pessoa Física,2023-01-07,Campanha,1,1,1,0,0,0,30,1436.33,0.0,8,5,8,3,2,1,Ativo,3,0.67,0.5
A00055,Associado 55,36,F,PR,Londrina,Pessoa Física,2018-05-12,Digital,1,1,0,1,0,0,24,12007.86,0.0,9,18,17,7,6,2,Ativo,3,0.86,0.33
A00056,Associado 56,47,F,MG,Belo Horizonte,Pessoa Física,2023-04-08,Indicação,0,0,0,0,0,0,2,0.0,0.0,7,213,1,12,2,1,Churned,0,0.17,0.5
A00057,Associado 57,44,M,RS,Caxias do Sul,Pessoa Física,2022-12-21,Agência,1,1,1,1,0,0,45,1182.39,13074.4,10,1,11,8,5,1,Ativo,4,0.62,0.2
A00058,Associado 58,43,M,RS,Caxias do Sul,Pessoa Jurídica,2025-08-30,Indicação,1,0,0,0,0,0,6,2998.15,0.0,5,192,3,6,0,0,Churned,1,0.0,0.0
A00059,Associado 59,38,M,RS,Caxias do Sul,Pessoa Física,2024-09-07,Agência,1,1,1,1,1,0,43,762.06,0.0,10,34,10,3,0,0,Ativo,5,0.0,0.0
A00060,Associado 60,37,F,RS,Porto Alegre,Pessoa Física,2018-07-17,Digital,1,1,0,0,0,0,21,1426.52,5970.77,10,12,7,8,4,0,Ativo,2,0.5,0.0
A00061,Associado 61,46,M,SC,Florianópolis,Pessoa Física,2018-08-08,Agência,1,1,0,0,1,0,28,2793.8,0.0,10,9,5,2,0,0,Ativo,3,0.0,0.0
A00062,Associado 62,31,F,RS,Porto Alegre,Pessoa Física,2020-05-17,Agência,1,1,1,0,0,0,2,1560.73,16246.34,9,159,1,10,4,1,Churned,3,0.4,0.25
A00063,Associado 63,41,F,SP,São Paulo,Pessoa Física,2023-11-12,Agência,1,1,0,1,1,0,53,2501.92,0.0,9,3,14,9,7,2,Ativo,4,0.78,0.29
A00064,Associado 64,48,F,SC,Joinville,Pessoa Física,2021-08-08,Agência,1,1,0,0,0,0,19,7007.04,48839.11,10,15,3,5,2,1,Ativo,2,0.4,0.5
A00065,Associado 65,57,F,RS,Porto Alegre,Pessoa Física,2024-01-10,Agência,1,1,1,0,1,0,31,2103.48,10975.03,10,17,4,6,2,0,Ativo,4,0.33,0.0
A00066,Associado 66,39,M,SC,Florianópolis,Pessoa Jurídica,2025-01-16,Indicação,1,1,0,0,0,0,48,6344.65,0.0,8,3,10,9,4,1,Ativo,2,0.44,0.25
A00067,Associado 67,40,M,RS,Caxias do Sul,Pessoa Jurídica,2025-07-29,Agência,1,1,0,0,1,0,56,6363.59,0.0,6,11,10,4,3,1,Ativo,3,0.75,0.33
A00068,Associado 68,24,M,SP,São Paulo,Pessoa Jurídica,2020-02-06,Digital,1,0,0,0,0,0,16,23739.95,2353.57,8,97,4,5,2,0,Inativo,1,0.4,0.0
A00069,Associado 69,56,M,RS,Porto Alegre,Pessoa Física,2021-12-16,Agência,1,1,0,0,0,0,25,5883.99,22322.77,6,5,9,9,5,1,Ativo,2,0.56,0.2
A00070,Associado 70,30,M,RJ,Rio de Janeiro,Agro,2021-03-27,Campanha,1,1,0,0,1,0,39,7964.52,17683.8,7,6,10,5,3,0,Ativo,3,0.6,0.0
A00071,Associado 71,52,F,SP,São Paulo,Agro,2018-09-14,Campanha,0,1,0,0,0,1,18,0.0,6734.55,10,10,5,2,1,0,Ativo,2,0.5,0.0
A00072,Associado 72,40,F,RS,Porto Alegre,Pessoa Jurídica,2025-07-11,Agência,1,1,1,0,0,0,88,4727.86,1801.49,8,15,9,4,1,0,Ativo,3,0.25,0.0
A00073,Associado 73,35,F,RS,Porto Alegre,Pessoa Jurídica,2025-01-06,Digital,1,1,1,0,0,0,34,5546.05,0.0,10,21,12,2,2,0,Ativo,3,1.0,0.0
A00074,Associado 74,70,F,SP,São Paulo,Pessoa Física,2023-05-24,Agência,1,0,0,0,1,0,18,2795.18,5346.55,8,2,2,8,2,1,Ativo,2,0.25,0.5
A00075,Associado 75,44,M,SP,São Paulo,Agro,2024-10-28,Campanha,1,1,0,0,1,0,44,12335.58,10213.91,9,4,7,10,6,1,Ativo,3,0.6,0.17
A00076,Associado 76,41,F,SP,São Paulo,Pessoa Física,2023-05-10,Digital,1,1,0,0,0,0,19,841.72,0.0,9,41,11,2,0,0,Ativo,2,0.0,0.0
A00077,Associado 77,55,F,SP,São Paulo,Pessoa Física,2022-07-26,Agência,1,0,1,0,0,0,0,2956.05,0.0,8,185,0,8,4,0,Churned,2,0.5,0.0
A00078,Associado 78,33,F,RS,Porto Alegre,Pessoa Física,2024-01-28,Digital,0,1,1,0,0,0,12,0.0,0.0,8,1,10,5,1,0,Ativo,2,0.2,0.0
A00079,Associado 79,24,F,SC,Joinville,Pessoa Física,2024-05-06,Agência,1,0,1,0,0,0,34,1070.88,0.0,7,1,6,1,0,0,Ativo,2,0.0,0.0
A00080,Associado 80,34,F,RS,Caxias do Sul,Agro,2025-04-02,Digital,1,0,0,0,0,1,1,14900.04,10415.99,9,228,0,3,1,0,Churned,2,0.33,0.0
A00081,Associado 81,33,F,MG,Belo Horizonte,Pessoa Física,2022-06-27,Indicação,1,1,0,0,0,0,12,2180.4,9946.38,9,1,4,4,0,0,Ativo,2,0.0,0.0
A00082,Associado 82,33,M,PR,Curitiba,Pessoa Física,2019-09-29,Digital,1,1,1,0,0,0,32,5019.35,0.0,10,16,11,4,2,0,Ativo,3,0.5,0.0
A00083,Associado 83,28,M,RS,Porto Alegre,Pessoa Jurídica,2023-10-16,Digital,1,1,1,0,1,0,113,4362.97,0.0,8,12,20,5,4,0,Ativo,4,0.8,0.0
A00084,Associado 84,34,F,RS,Porto Alegre,Pessoa Física,2025-09-23,Agência,1,1,1,0,1,0,33,3625.97,3946.05,10,15,6,8,3,1,Ativo,4,0.38,0.33
A00085,Associado 85,37,F,RS,Caxias do Sul,Pessoa Física,2018-01-08,Agência,1,0,0,0,0,0,20,2171.45,2569.14,9,15,1,5,1,0,Ativo,1,0.2,0.0
A00086,Associado 86,70,F,RS,Caxias do Sul,Pessoa Jurídica,2022-04-29,Agência,1,1,0,0,0,0,44,5058.83,24554.85,9,0,5,10,2,0,Ativo,2,0.2,0.0
A00087,Associado 87,26,F,SP,São Paulo,Pessoa Jurídica,2018-05-15,Indicação,1,1,0,0,0,0,58,14841.75,1941.31,7,20,9,5,2,0,Ativo,2,0.4,0.0
A00088,Associado 88,31,F,PR,Londrina,Pessoa Física,2020-04-09,Agência,1,0,0,0,0,0,15,1913.11,15530.37,7,5,3,6,2,1,Ativo,1,0.33,0.5
A00089,Associado 89,38,M,MG,Belo Horizonte,Pessoa Jurídica,2018-01-25,Digital,1,0,0,0,0,0,20,11049.27,2931.58,10,7,3,9,2,0,Ativo,1,0.22,0.0
A00090,Associado 90,35,M,SC,Joinville,Pessoa Física,2024-11-17,Digital,1,0,0,0,0,0,0,4767.97,0.0,7,258,1,6,3,0,Churned,1,0.5,0.0
A00091,Associado 91,35,F,RS,Caxias do Sul,Pessoa Física,2023-07-03,Agência,1,1,0,0,0,0,11,2195.25,0.0,4,100,5,3,1,0,Inativo,2,0.33,0.0
A00092,Associado 92,38,M,SP,São Paulo,Pessoa Física,2019-01-09,Digital,1,1,1,1,0,0,14,5731.94,0.0,8,147,7,5,2,2,Inativo,4,0.4,1.0
A00093,Associado 93,53,F,SP,São Paulo,Pessoa Física,2024-02-22,Digital,1,1,0,0,0,0,9,1601.89,76997.53,7,90,1,3,0,0,Inativo,2,0.0,0.0
A00094,Associado 94,34,F,PR,Londrina,Pessoa Jurídica,2025-07-14,Digital,1,0,1,0,1,0,16,4679.78,0.0,10,34,5,6,3,0,Inativo,3,0.5,0.0
A00095,Associado 95,18,M,SP,São Paulo,Pessoa Jurídica,2024-09-15,Digital,1,0,0,0,0,0,42,7131.21,22437.14,4,30,16,8,6,0,Ativo,1,0.75,0.0
A00096,Associado 96,34,M,SC,Joinville,Pessoa Física,2023-12-10,Digital,1,0,1,0,1,0,37,1663.35,1113.07,9,2,20,5,4,2,Ativo,3,0.8,0.5
A00097,Associado 97,22,M,SC,Joinville,Pessoa Física,2020-02-11,Digital,1,0,1,0,0,0,32,5588.48,0.0,9,12,10,4,2,0,Ativo,2,0.5,0.0
A00098,Associado 98,43,M,SC,Joinville,Pessoa Jurídica,2023-04-21,Digital,1,1,0,0,1,0,47,16755.54,64416.55,10,75,12,9,4,0,Ativo,3,0.44,0.0
A00099,Associado 99,34,F,RS,Caxias do Sul,Pessoa Física,2019-07-13,Indicação,1,1,0,0,0,0,28,8681.93,0.0,10,2,8,5,1,1,Ativo,2,0.2,1.0
A00100,Associado 100,49,M,RS,Caxias do Sul,Pessoa Física,2021-05-17,Agência,0,1,1,0,0,0,21,0.0,47261.19,9,13,11,4,3,1,Ativo,2,0.75,0.33
A00101,Associado 101,31,M,RS,Porto Alegre,Agro,2022-06-13,Digital,1,1,0,0,0,0,30,9750.56,2831.21,8,7,14,8,8,1,Ativo,2,1.0,0.12
A00102,Associado 102,65,M,PR,Curitiba,Pessoa Jurídica,2020-08-11,Agência,0,0,1,0,1,0,27,0.0,23101.71,8,12,6,7,1,0,Ativo,2,0.14,0.0
A00103,Associado 103,69,F,RS,Porto Alegre,Agro,2022-03-19,Agência,1,1,1,0,0,1,18,3055.28,265235.14,10,85,3,7,1,0,Inativo,4,0.14,0.0
A00104,Associado 104,26,F,SC,Joinville,Pessoa Física,2020-06-26,Digital,1,0,1,0,0,0,31,2521.96,0.0,3,2,11,10,5,0,Ativo,2,0.5,0.0
A00105,Associado 105,60,F,MG,Belo Horizonte,Pessoa Jurídica,2022-08-08,Campanha,1,0,0,0,0,0,4,11911.88,62060.88,5,241,0,4,1,0,Churned,1,0.25,0.0
A00106,Associado 106,39,M,RS,Caxias do Sul,Pessoa Física,2023-03-25,Campanha,1,1,0,0,0,0,7,6448.24,0.0,7,86,4,7,3,0,Inativo,2,0.43,0.0
A00107,Associado 107,65,M,SC,Joinville,Pessoa Física,2022-04-07,Agência,1,0,0,0,1,0,24,1679.58,13783.27,8,9,7,9,2,0,Ativo,2,0.22,0.0
A00108,Associado 108,36,M,SP,São Paulo,Pessoa Física,2020-11-28,Digital,1,1,1,1,0,0,40,2119.66,28053.98,10,2,21,6,5,0,Ativo,4,0.83,0.0
A00109,Associado 109,37,F,RS,Caxias do Sul,Pessoa Física,2023-01-05,Digital,0,1,0,0,0,0,2,0.0,8735.94,4,215,1,5,2,1,Churned,1,0.4,0.5
A00110,Associado 110,51,M,RS,Caxias do Sul,Pessoa Física,2019-09-11,Agência,1,0,0,0,0,0,5,1618.5,20765.34,6,209,1,4,0,0,Inativo,1,0.0,0.0
A00111,Associado 111,44,M,RS,Porto Alegre,Pessoa Física,2022-12-13,Indicação,1,0,0,0,0,0,7,3849.32,9673.81,7,110,1,6,2,0,Inativo,1,0.33,0.0
A00112,Associado 112,48,F,RS,Porto Alegre,Pessoa Física,2025-08-20,Indicação,0,0,0,0,0,0,1,0.0,0.0,6,306,0,0,0,0,Churned,0,0.0,0.0
A00113,Associado 113,65,M,MG,Belo Horizonte,Pessoa Jurídica,2023-03-25,Campanha,1,1,1,0,0,0,39,4230.22,46877.47,9,26,2,9,2,0,Ativo,3,0.22,0.0
A00114,Associado 114,41,M,SP,São Paulo,Pessoa Física,2018-07-25,Agência,0,1,1,0,0,0,13,0.0,1190.6,7,2,9,6,2,0,Ativo,2,0.33,0.0
A00115,Associado 115,33,M,PR,Londrina,Pessoa Física,2019-08-06,Agência,1,1,0,0,0,0,14,644.15,114386.64,7,15,2,6,4,0,Ativo,2,0.67,0.0
A00116,Associado 116,68,M,MG,Belo Horizonte,Pessoa Física,2022-09-01,Indicação,1,1,1,0,1,0,44,2699.82,84125.54,8,17,7,3,2,1,Ativo,4,0.67,0.5
A00117,Associado 117,52,F,SP,São Paulo,Pessoa Física,2019-11-28,Indicação,0,0,1,0,0,0,1,0.0,6677.37,4,142,0,6,0,0,Churned,1,0.0,0.0
A00118,Associado 118,69,F,RS,Porto Alegre,Pessoa Jurídica,2024-09-25,Campanha,1,1,0,0,1,0,61,12061.94,18248.73,8,10,9,5,1,0,Ativo,3,0.2,0.0
A00119,Associado 119,56,F,MG,Belo Horizonte,Pessoa Física,2018-07-27,Agência,1,0,0,0,0,0,11,3558.95,30416.56,6,26,2,3,0,0,Ativo,1,0.0,0.0
A00120,Associado 120,53,M,SC,Florianópolis,Pessoa Jurídica,2019-02-09,Digital,1,0,0,1,0,0,35,26026.78,0.0,6,6,6,0,0,0,Ativo,2,0.0,0.0
A00121,Associado 121,34,M,SP,São Paulo,Pessoa Física,2024-09-01,Digital,1,0,0,0,0,0,3,241.11,4625.32,3,206,0,11,0,0,Churned,1,0.0,0.0
A00122,Associado 122,34,F,MG,Belo Horizonte,Pessoa Física,2022-02-19,Agência,1,1,1,0,0,0,22,830.11,0.0,10,11,8,9,7,0,Ativo,3,0.78,0.0
A00123,Associado 123,46,M,RS,Porto Alegre,Agro,2020-05-16,Digital,1,1,0,0,0,0,28,8253.9,6561.52,6,17,8,4,1,0,Ativo,2,0.25,0.0
A00124,Associado 124,35,F,RS,Porto Alegre,Pessoa Jurídica,2023-03-23,Digital,1,1,1,0,0,0,63,41788.35,3997.73,10,2,12,10,6,1,Ativo,3,0.6,0.17
A00125,Associado 125,27,F,RS,Caxias do Sul,Pessoa Física,2024-05-07,Agência,1,1,1,0,0,0,32,7596.33,2362.61,10,15,5,4,2,0,Ativo,3,0.5,0.0
A00126,Associado 126,36,M,SC,Florianópolis,Pessoa Jurídica,2024-10-20,Agência,0,0,0,0,0,0,7,0.0,0.0,6,5,3,4,1,1,Ativo,0,0.25,1.0
A00127,Associado 127,27,F,SP,São Paulo,Pessoa Física,2020-05-07,Digital,1,1,1,0,1,0,6,3407.22,5511.27,10,63,4,7,1,0,Inativo,4,0.14,0.0
A00128,Associado 128,24,F,MG,Belo Horizonte,Pessoa Jurídica,2024-07-20,Digital,1,1,0,0,0,0,56,30036.1,13205.99,7,8,21,2,1,0,Ativo,2,0.5,0.0
A00129,Associado 129,44,F,RS,Porto Alegre,Pessoa Jurídica,2024-01-06,Campanha,1,1,0,0,0,0,52,48158.25,15279.57,9,8,4,5,1,0,Ativo,2,0.2,0.0
A00130,Associado 130,24,F,SC,Florianópolis,Pessoa Jurídica,2025-04-29,Digital,1,1,1,0,0,0,84,22708.86,0.0,10,9,17,7,3,0,Ativo,3,0.43,0.0
A00131,Associado 131,41,F,SC,Florianópolis,Agro,2018-07-06,Agência,1,1,0,0,1,1,32,13855.63,0.0,10,2,10,6,1,0,Ativo,4,0.17,0.0
A00132,Associado 132,45,F,RS,Porto Alegre,Pessoa Física,2018-01-20,Campanha,0,0,0,0,0,0,1,0.0,52881.57,3,149,1,4,1,0,Churned,0,0.25,0.0
A00133,Associado 133,58,M,RS,Porto Alegre,Pessoa Jurídica,2021-09-23,Campanha,1,1,0,0,0,0,3,22804.56,186771.55,8,231,1,10,1,0,Churned,2,0.1,0.0
A00134,Associado 134,41,F,RS,Caxias do Sul,Pessoa Física,2024-08-17,Agência,0,0,0,0,0,0,2,0.0,0.0,4,263,0,6,2,0,Churned,0,0.33,0.0
A00135,Associado 135,37,F,MG,Belo Horizonte,Pessoa Física,2018-03-08,Indicação,1,0,0,0,0,0,24,1960.63,3527.78,8,14,1,4,0,0,Ativo,1,0.0,0.0
A00136,Associado 136,19,M,RS,Porto Alegre,Pessoa Física,2022-01-02,Agência,1,1,0,0,0,0,21,7558.96,4026.21,10,11,6,9,3,0,Ativo,2,0.33,0.0
A00137,Associado 137,35,M,SC,Florianópolis,Pessoa Física,2020-02-25,Agência,1,1,0,0,0,0,3,8074.05,132942.44,5,241,0,5,0,0,Churned,2,0.0,0.0
A00138,Associado 138,35,F,SP,São Paulo,Pessoa Jurídica,2023-06-22,Agência,1,1,0,0,0,0,27,25665.46,3069.82,4,0,6,3,2,0,Ativo,2,0.67,0.0
A00139,Associado 139,48,M,SC,Joinville,Pessoa Física,2025-04-23,Agência,1,1,0,0,1,0,31,13048.98,42773.25,7,11,10,5,1,0,Ativo,3,0.2,0.0
A00140,Associado 140,39,M,RJ,Rio de Janeiro,Pessoa Física,2023-11-03,Indicação,1,1,0,0,0,0,4,2366.19,0.0,5,185,0,9,0,0,Churned,2,0.0,0.0
A00141,Associado 141,72,F,RJ,Rio de Janeiro,Pessoa Física,2021-11-30,Indicação,1,0,0,1,0,0,11,1569.81,10346.97,10,99,2,7,1,1,Inativo,2,0.14,1.0
A00142,Associado 142,33,M,RS,Porto Alegre,Pessoa Física,2021-11-19,Campanha,1,1,0,0,0,0,6,1355.86,0.0,9,108,1,7,2,0,Inativo,2,0.29,0.0
A00143,Associado 143,63,F,SC,Florianópolis,Agro,2022-03-28,Indicação,1,1,0,0,0,1,27,5370.21,56493.95,4,6,4,5,0,0,Ativo,3,0.0,0.0
A00144,Associado 144,36,F,RS,Porto Alegre,Pessoa Física,2018-06-25,Digital,1,1,0,0,0,0,15,17478.3,0.0,9,8,7,9,5,0,Ativo,2,0.56,0.0
A00145,Associado 145,56,F,RS,Porto Alegre,Pessoa Jurídica,2018-12-25,Indicação,1,0,0,0,0,0,3,7273.98,3857.64,6,155,2,4,1,1,Churned,1,0.25,1.0
A00146,Associado 146,55,F,RS,Caxias do Sul,Pessoa Jurídica,2022-04-12,Campanha,1,0,0,0,0,0,30,10543.75,25090.12,7,3,3,10,3,0,Ativo,1,0.3,0.0
A00147,Associado 147,19,M,PR,Curitiba,Pessoa Jurídica,2018-10-18,Indicação,1,1,0,0,0,0,52,32759.6,0.0,10,2,6,9,1,1,Ativo,2,0.11,1.0
A00148,Associado 148,46,F,SC,Florianópolis,Pessoa Física,2023-12-18,Indicação,1,0,0,0,1,0,5,4527.43,2233.46,8,107,2,4,2,0,Inativo,2,0.5,0.0
A00149,Associado 149,43,M,RS,Caxias do Sul,Agro,2019-04-24,Campanha,1,0,1,0,0,0,3,57435.71,0.0,7,268,0,10,3,1,Churned,2,0.3,0.33
A00150,Associado 150,32,M,RS,Porto Alegre,Pessoa Física,2019-10-10,Agência,0,0,0,0,0,0,2,0.0,0.0,9,98,4,9,3,2,Inativo,0,0.33,0.67
A00151,Associado 151,52,F,MG,Belo Horizonte,Agro,2025-01-23,Indicação,1,0,0,0,1,1,30,38517.83,9154.4,9,6,4,5,2,1,Ativo,3,0.4,0.5
A00152,Associado 152,67,F,RS,Porto Alegre,Pessoa Física,2018-09-21,Campanha,1,1,0,1,0,0,25,4466.01,8683.3,9,18,3,4,2,0,Ativo,3,0.5,0.0
A00153,Associado 153,65,M,RS,Caxias do Sul,Pessoa Física,2024-12-25,Campanha,1,0,0,0,0,0,25,698.72,0.0,5,7,3,5,2,0,Ativo,1,0.4,0.0
A00154,Associado 154,40,F,SC,Joinville,Pessoa Física,2022-04-11,Agência,1,1,1,0,0,0,7,1282.46,9525.37,9,104,1,5,1,0,Inativo,3,0.2,0.0
A00155,Associado 155,33,F,RJ,Rio de Janeiro,Pessoa Jurídica,2021-01-09,Digital,1,0,0,0,0,0,50,4567.89,33980.51,7,5,7,8,1,0,Ativo,1,0.12,0.0
A00156,Associado 156,47,F,RS,Porto Alegre,Pessoa Física,2021-12-07,Indicação,1,1,1,0,1,0,32,2554.11,22514.67,10,8,8,6,0,0,Ativo,4,0.0,0.0
A00157,Associado 157,42,M,PR,Curitiba,Pessoa Física,2024-11-27,Agência,1,0,0,0,0,0,0,4487.85,0.0,10,216,0,8,0,0,Churned,1,0.0,0.0
A00158,Associado 158,37,M,SP,São Paulo,Pessoa Física,2023-06-29,Digital,1,1,0,0,1,0,39,4861.94,6787.56,9,15,19,2,1,0,Ativo,3,0.5,0.0
A00159,Associado 159,54,M,RS,Porto Alegre,Agro,2023-08-28,Agência,1,0,0,0,0,0,24,10969.58,8279.98,8,40,3,9,4,0,Ativo,1,0.44,0.0
A00160,Associado 160,37,M,SP,São Paulo,Pessoa Jurídica,2020-06-26,Digital,1,0,0,0,0,0,19,16585.68,12574.64,5,128,9,3,1,0,Inativo,1,0.33,0.0
A00161,Associado 161,41,F,SC,Florianópolis,Pessoa Física,2018-05-10,Digital,1,1,1,0,0,0,2,3497.31,0.0,10,204,4,5,2,1,Churned,3,0.4,0.5
A00162,Associado 162,32,F,PR,Londrina,Pessoa Jurídica,2020-07-26,Digital,1,1,1,0,0,1,58,14913.73,7546.15,5,16,15,9,3,0,Ativo,4,0.33,0.0
A00163,Associado 163,36,M,PR,Londrina,Pessoa Física,2020-03-25,Digital,1,0,0,0,0,0,9,1850.46,0.0,7,101,3,4,1,0,Inativo,1,0.25,0.0
A00164,Associado 164,30,M,SC,Florianópolis,Pessoa Física,2022-10-20,Digital,1,1,0,0,0,0,29,3043.35,0.0,6,0,10,8,5,0,Ativo,2,0.62,0.0
A00165,Associado 165,65,M,RS,Porto Alegre,Agro,2022-02-19,Agência,1,0,0,0,1,1,20,6734.86,0.0,10,34,2,4,1,0,Ativo,3,0.25,0.0
A00166,Associado 166,56,M,SP,São Paulo,Pessoa Física,2018-01-15,Agência,1,0,0,1,1,0,49,10138.08,11496.76,7,0,14,7,6,0,Ativo,3,0.86,0.0
A00167,Associado 167,65,M,RS,Caxias do Sul,Pessoa Física,2022-02-28,Agência,1,1,0,0,0,0,14,3037.78,24469.8,7,3,2,5,2,1,Ativo,2,0.4,0.5
A00168,Associado 168,43,F,RS,Porto Alegre,Pessoa Física,2023-07-31,Agência,1,0,1,0,0,0,16,3829.06,2449.53,6,103,3,11,1,0,Inativo,2,0.09,0.0
A00169,Associado 169,28,M,RS,Porto Alegre,Pessoa Física,2021-04-24,Digital,1,1,0,0,0,0,33,22753.88,0.0,5,17,17,3,3,0,Ativo,2,1.0,0.0
A00170,Associado 170,47,M,PR,Londrina,Pessoa Física,2020-10-03,Indicação,1,0,1,0,0,0,8,5321.05,30996.79,10,56,3,6,2,0,Inativo,2,0.33,0.0
A00171,Associado 171,42,F,PR,Curitiba,Pessoa Física,2019-12-08,Agência,1,1,0,0,0,0,18,2518.65,11029.73,7,11,4,7,1,0,Ativo,2,0.14,0.0
A00172,Associado 172,54,F,RS,Caxias do Sul,Pessoa Física,2019-12-04,Agência,1,0,1,1,1,0,31,2520.8,9558.91,9,7,7,9,2,0,Ativo,4,0.22,0.0
A00173,Associado 173,58,F,SC,Florianópolis,Pessoa Física,2020-01-16,Indicação,1,1,1,0,1,0,12,16928.61,3190.38,10,122,3,7,2,1,Inativo,4,0.29,0.5
A00174,Associado 174,26,M,RS,Porto Alegre,Pessoa Física,2024-10-15,Digital,1,0,0,0,0,0,4,4120.2,10677.68,1,181,2,6,3,0,Churned,1,0.5,0.0
A00175,Associado 175,52,F,PR,Curitiba,Pessoa Física,2023-06-08,Campanha,1,1,0,0,1,0,31,2811.84,0.0,8,3,13,9,6,0,Ativo,3,0.67,0.0
A00176,Associado 176,49,M,RS,Porto Alegre,Pessoa Física,2018-02-05,Indicação,1,1,0,0,0,0,17,1939.5,0.0,10,7,2,5,0,0,Ativo,2,0.0,0.0
A00177,Associado 177,50,M,PR,Curitiba,Pessoa Jurídica,2020-01-17,Digital,1,1,1,1,0,0,81,5092.12,2415.09,10,17,15,4,1,1,Ativo,4,0.25,1.0
A00178,Associado 178,22,F,SC,Florianópolis,Pessoa Física,2023-08-27,Agência,1,1,0,1,0,0,35,2801.44,0.0,9,6,12,6,4,2,Ativo,3,0.67,0.5
A00179,Associado 179,33,M,MG,Belo Horizonte,Pessoa Jurídica,2025-01-05,Digital,1,0,0,0,0,0,37,13596.03,17592.74,6,1,7,6,3,0,Ativo,1,0.5,0.0
A00180,Associado 180,47,M,RS,Caxias do Sul,Pessoa Jurídica,2023-09-12,Agência,1,1,0,0,1,0,30,6040.59,15347.68,8,3,4,11,4,0,Ativo,3,0.36,0.0
A00181,Associado 181,49,F,RS,Porto Alegre,Pessoa Jurídica,2024-07-24,Agência,1,0,1,0,0,0,46,12922.19,7245.12,8,17,11,6,3,2,Ativo,2,0.5,0.67
A00182,Associado 182,45,F,RS,Caxias do Sul,Pessoa Física,2021-11-04,Agência,1,0,1,0,0,0,25,2345.23,0.0,8,42,3,7,3,0,Ativo,2,0.43,0.0
A00183,Associado 183,51,F,MG,Belo Horizonte,Pessoa Física,2024-12-30,Indicação,1,1,0,0,0,0,30,1532.8,15614.1,10,4,4,8,3,0,Ativo,2,0.38,0.0
A00184,Associado 184,32,F,MG,Belo Horizonte,Pessoa Física,2019-10-08,Digital,1,1,0,0,1,0,26,2350.29,5667.11,9,11,17,6,4,1,Ativo,3,0.67,0.25
A00185,Associado 185,60,F,RS,Porto Alegre,Pessoa Jurídica,2020-05-05,Agência,1,1,1,0,1,0,70,13523.02,66206.86,10,14,4,5,1,0,Ativo,4,0.2,0.0
A00186,Associado 186,52,F,PR,Londrina,Pessoa Física,2019-06-01,Indicação,1,1,0,0,0,0,36,7232.34,60185.15,10,1,11,5,2,0,Ativo,2,0.4,0.0
A00187,Associado 187,22,F,SP,São Paulo,Pessoa Jurídica,2020-03-08,Digital,1,0,0,0,0,0,8,28957.54,4200.35,10,111,1,7,2,0,Inativo,1,0.29,0.0
A00188,Associado 188,33,F,PR,Curitiba,Agro,2023-04-14,Digital,1,1,0,0,0,0,30,11185.47,3707.31,8,11,15,4,3,0,Ativo,2,0.75,0.0
A00189,Associado 189,56,F,SC,Florianópolis,Pessoa Física,2019-04-30,Agência,0,0,0,0,0,0,0,0.0,0.0,7,247,0,6,1,0,Churned,0,0.17,0.0
A00190,Associado 190,32,F,RS,Porto Alegre,Pessoa Física,2025-06-04,Digital,1,0,0,0,0,0,10,3911.32,0.0,7,107,2,5,1,0,Inativo,1,0.2,0.0
A00191,Associado 191,37,M,RS,Porto Alegre,Pessoa Jurídica,2019-03-19,Campanha,1,0,0,0,0,0,21,25343.35,0.0,8,1,2,4,1,0,Ativo,1,0.25,0.0
A00192,Associado 192,45,M,MG,Belo Horizonte,Pessoa Física,2024-08-22,Agência,1,1,0,0,1,0,8,1944.82,11635.17,8,224,1,7,2,0,Churned,3,0.29,0.0
A00193,Associado 193,54,M,MG,Belo Horizonte,Pessoa Física,2022-07-12,Agência,1,1,0,0,1,0,45,10059.53,7452.11,8,1,9,5,2,0,Ativo,3,0.4,0.0
A00194,Associado 194,53,F,PR,Londrina,Agro,2020-10-10,Agência,1,0,0,0,0,1,1,9684.93,0.0,9,195,0,4,2,1,Churned,2,0.5,0.5
A00195,Associado 195,52,M,RS,Porto Alegre,Pessoa Física,2020-08-20,Agência,1,0,0,0,0,0,5,3599.65,0.0,7,339,0,2,0,0,Churned,1,0.0,0.0
A00196,Associado 196,50,M,RS,Porto Alegre,Agro,2019-07-27,Digital,1,1,0,0,0,1,15,3415.73,0.0,9,107,7,5,2,0,Inativo,3,0.4,0.0
A00197,Associado 197,58,M,SP,São Paulo,Pessoa Jurídica,2018-12-24,Indicação,1,1,0,0,0,0,25,3663.11,163402.48,9,89,4,8,2,0,Inativo,2,0.25,0.0
A00198,Associado 198,61,M,MG,Belo Horizonte,Pessoa Jurídica,2025-01-29,Campanha,1,1,0,0,0,0,37,10477.59,0.0,9,4,6,6,2,0,Ativo,2,0.33,0.0
A00199,Associado 199,55,M,MG,Belo Horizonte,Pessoa Física,2019-09-13,Agência,1,0,0,0,1,0,12,972.5,2603.98,9,123,1,6,0,0,Inativo,2,0.0,0.0
A00200,Associado 200,39,F,SP,São Paulo,Pessoa Física,2023-03-19,Digital,1,1,1,0,0,0,36,6434.4,0.0,8,8,16,5,4,0,Ativo,3,0.8,0.0
A00201,Associado 201,32,F,PR,Curitiba,Pessoa Física,2023-01-05,Digital,1,1,0,1,0,0,64,2469.94,4115.71,10,1,33,4,3,0,Ativo,3,0.75,0.0
A00202,Associado 202,24,F,RS,Caxias do Sul,Pessoa Física,2020-03-16,Digital,0,1,1,0,0,0,6,0.0,0.0,8,16,5,9,0,0,Ativo,2,0.0,0.0
A00203,Associado 203,35,M,RS,Porto Alegre,Pessoa Física,2020-12-01,Digital,1,0,0,0,0,0,29,1039.81,10099.23,9,7,8,7,1,0,Ativo,1,0.14,0.0
A00204,Associado 204,49,M,MG,Belo Horizonte,Pessoa Física,2020-03-26,Agência,0,0,0,0,0,0,11,0.0,0.0,6,8,2,9,2,0,Ativo,0,0.22,0.0
A00205,Associado 205,38,F,PR,Curitiba,Pessoa Física,2023-08-23,Digital,1,1,0,0,0,0,12,1113.96,2226.3,10,166,6,7,0,0,Inativo,2,0.0,0.0
A00206,Associado 206,38,F,RS,Porto Alegre,Pessoa Física,2022-06-13,Digital,1,1,0,0,0,0,50,1908.5,0.0,8,2,16,3,2,0,Ativo,2,0.67,0.0
A00207,Associado 207,43,F,RS,Porto Alegre,Pessoa Jurídica,2024-12-11,Indicação,0,1,1,0,1,0,27,0.0,0.0,8,4,2,8,1,0,Ativo,3,0.12,0.0
A00208,Associado 208,45,M,PR,Curitiba,Pessoa Física,2021-04-25,Indicação,1,1,0,1,1,0,39,6020.18,0.0,10,10,6,4,1,0,Ativo,4,0.25,0.0
A00209,Associado 209,45,F,RS,Caxias do Sul,Pessoa Física,2021-09-21,Agência,1,1,0,0,0,0,9,3412.02,22105.13,5,72,4,7,2,0,Inativo,2,0.29,0.0
A00210,Associado 210,37,F,RS,Porto Alegre,Pessoa Jurídica,2019-07-09,Agência,1,0,1,1,0,0,42,11432.2,0.0,10,8,7,6,3,2,Ativo,3,0.5,0.67
A00211,Associado 211,32,F,SC,Joinville,Agro,2025-08-24,Campanha,0,0,0,0,0,1,10,0.0,0.0,10,1,3,6,1,0,Ativo,1,0.17,0.0
A00212,Associado 212,49,F,PR,Curitiba,Pessoa Física,2022-11-05,Digital,1,1,1,0,1,1,50,2931.82,27582.28,10,18,22,5,5,2,Ativo,5,1.0,0.4
A00213,Associado 213,59,F,PR,Curitiba,Pessoa Física,2023-10-24,Campanha,0,0,0,0,0,0,2,0.0,5364.92,8,224,0,7,0,0,Churned,0,0.0,0.0
A00214,Associado 214,58,M,RS,Porto Alegre,Pessoa Física,2025-09-13,Agência,1,1,0,0,0,0,23,2347.0,61900.07,10,35,6,7,4,2,Ativo,2,0.57,0.5
A00215,Associado 215,32,M,SP,São Paulo,Agro,2020-04-04,Digital,1,0,0,0,0,0,13,850.21,0.0,7,15,3,8,2,0,Ativo,1,0.25,0.0
A00216,Associado 216,41,F,RS,Porto Alegre,Pessoa Jurídica,2021-03-18,Digital,1,0,0,0,0,0,45,2334.74,2416.97,8,1,11,3,2,1,Ativo,1,0.67,0.5
A00217,Associado 217,37,M,RS,Porto Alegre,Pessoa Jurídica,2018-07-26,Campanha,1,0,0,0,1,0,17,8033.88,0.0,10,111,2,2,1,0,Inativo,2,0.5,0.0
A00218,Associado 218,60,F,SP,São Paulo,Pessoa Física,2025-07-03,Agência,1,1,0,1,0,0,4,609.96,7856.96,5,277,0,6,0,0,Churned,3,0.0,0.0
A00219,Associado 219,56,F,PR,Londrina,Pessoa Física,2021-06-18,Agência,1,1,0,0,0,0,51,4453.31,11975.28,8,8,11,6,4,1,Ativo,2,0.67,0.25
A00220,Associado 220,44,M,SP,São Paulo,Pessoa Física,2025-06-16,Digital,1,1,0,0,0,0,28,4974.51,0.0,10,0,10,10,2,0,Ativo,2,0.2,0.0
A00221,Associado 221,35,M,PR,Londrina,Pessoa Jurídica,2025-03-07,Campanha,1,1,1,0,0,0,43,22155.89,22656.93,7,8,4,3,0,0,Ativo,3,0.0,0.0
A00222,Associado 222,57,M,PR,Curitiba,Pessoa Jurídica,2020-06-12,Campanha,1,1,1,0,1,0,90,5715.28,17417.95,8,10,12,6,5,1,Ativo,4,0.83,0.2
A00223,Associado 223,51,M,RS,Porto Alegre,Agro,2023-12-13,Campanha,1,1,0,0,0,0,53,3509.56,15735.15,9,41,10,5,2,0,Ativo,2,0.4,0.0
A00224,Associado 224,55,F,SC,Joinville,Pessoa Física,2024-04-23,Campanha,1,0,0,0,0,0,1,4105.45,9456.8,8,189,1,6,2,0,Churned,1,0.33,0.0
A00225,Associado 225,35,M,RS,Caxias do Sul,Pessoa Física,2020-01-07,Agência,1,1,0,0,0,0,53,1230.9,16612.41,9,5,10,7,3,0,Ativo,2,0.43,0.0
A00226,Associado 226,23,F,RS,Porto Alegre,Pessoa Física,2021-12-11,Agência,1,0,0,0,0,0,12,4547.3,0.0,9,1,0,11,1,1,Ativo,1,0.09,1.0
A00227,Associado 227,36,F,RJ,Rio de Janeiro,Pessoa Jurídica,2018-10-15,Agência,1,1,0,0,0,0,10,19717.07,2207.58,6,210,2,8,4,0,Churned,2,0.5,0.0
A00228,Associado 228,35,F,SC,Florianópolis,Pessoa Jurídica,2021-05-23,Digital,1,1,1,1,1,0,51,16145.95,0.0,10,8,14,4,2,2,Ativo,5,0.5,1.0
A00229,Associado 229,71,F,MG,Belo Horizonte,Pessoa Física,2025-05-09,Indicação,1,0,0,0,1,0,4,1976.3,15096.99,9,258,1,5,0,0,Churned,2,0.0,0.0
A00230,Associado 230,41,F,PR,Curitiba,Pessoa Física,2022-12-23,Campanha,1,1,0,0,0,0,4,1331.87,4149.42,8,140,2,4,1,0,Churned,2,0.25,0.0
A00231,Associado 231,73,M,SP,São Paulo,Pessoa Física,2020-02-06,Agência,1,1,0,0,1,0,26,4612.0,0.0,9,2,4,7,1,0,Ativo,3,0.14,0.0
A00232,Associado 232,43,F,SC,Florianópolis,Pessoa Física,2025-01-03,Digital,1,0,0,0,0,0,4,5092.14,0.0,5,138,1,6,1,0,Inativo,1,0.17,0.0
A00233,Associado 233,29,M,PR,Curitiba,Agro,2019-07-27,Campanha,1,1,1,0,0,0,12,1893.76,5753.93,7,127,6,9,1,0,Inativo,3,0.11,0.0
A00234,Associado 234,25,F,SC,Florianópolis,Pessoa Física,2019-01-03,Digital,1,0,0,1,0,0,19,9967.42,0.0,9,2,13,6,3,0,Ativo,2,0.5,0.0
A00235,Associado 235,56,M,RS,Porto Alegre,Pessoa Jurídica,2021-11-25,Agência,1,1,1,0,0,0,101,3509.71,7611.08,10,2,8,9,4,1,Ativo,3,0.44,0.25
A00236,Associado 236,34,M,SP,São Paulo,Pessoa Física,2021-05-09,Digital,1,1,0,1,0,0,32,635.48,0.0,6,14,9,4,2,1,Ativo,3,0.5,0.5
A00237,Associado 237,27,F,RS,Porto Alegre,Pessoa Jurídica,2024-05-21,Digital,1,1,0,0,0,0,32,12502.17,0.0,8,10,9,11,6,0,Ativo,2,0.55,0.0
A00238,Associado 238,43,F,RS,Caxias do Sul,Pessoa Física,2023-10-12,Digital,1,1,1,0,1,0,19,5677.63,31030.09,10,24,6,8,3,0,Ativo,4,0.38,0.0
A00239,Associado 239,54,M,PR,Londrina,Pessoa Jurídica,2019-10-08,Digital,1,0,1,0,0,0,32,1938.54,0.0,8,4,5,6,2,1,Ativo,2,0.33,0.5
A00240,Associado 240,45,F,RS,Porto Alegre,Pessoa Física,2020-01-21,Agência,1,0,0,0,0,0,21,3452.33,19147.45,7,30,4,7,1,0,Ativo,1,0.14,0.0
A00241,Associado 241,44,F,MG,Belo Horizonte,Pessoa Física,2025-09-12,Campanha,0,1,0,0,0,0,1,0.0,6258.32,9,163,0,4,0,0,Churned,1,0.0,0.0
A00242,Associado 242,42,M,RJ,Rio de Janeiro,Pessoa Física,2018-12-27,Digital,1,1,0,0,1,0,35,15406.43,6145.62,8,4,11,7,3,0,Ativo,3,0.43,0.0
A00243,Associado 243,47,M,MG,Belo Horizonte,Pessoa Física,2024-08-15,Digital,1,1,0,0,1,0,27,4410.58,0.0,9,22,8,5,2,0,Ativo,3,0.4,0.0
A00244,Associado 244,38,F,SC,Joinville,Pessoa Física,2020-11-10,Campanha,1,0,0,0,0,0,15,3418.98,0.0,8,6,4,7,1,1,Ativo,1,0.14,1.0
A00245,Associado 245,41,F,RS,Porto Alegre,Pessoa Física,2020-07-29,Agência,1,0,0,0,0,0,35,8274.56,0.0,5,7,4,4,3,0,Ativo,1,0.75,0.0
A00246,Associado 246,47,F,MG,Belo Horizonte,Agro,2020-05-04,Agência,1,1,0,0,0,0,50,22305.42,7538.24,10,36,9,4,2,0,Ativo,2,0.5,0.0
A00247,Associado 247,39,F,SC,Florianópolis,Pessoa Física,2023-09-25,Indicação,1,1,0,1,1,0,29,8506.26,7934.77,9,16,7,5,2,0,Ativo,4,0.4,0.0
A00248,Associado 248,36,M,RJ,Rio de Janeiro,Pessoa Jurídica,2018-07-13,Agência,1,0,0,0,0,0,29,9567.7,2770.14,7,16,5,6,1,0,Ativo,1,0.17,0.0
A00249,Associado 249,55,M,RJ,Rio de Janeiro,Agro,2020-12-16,Indicação,1,1,1,0,1,0,55,1968.51,20693.78,9,8,12,9,5,1,Ativo,4,0.56,0.2
A00250,Associado 250,50,F,MG,Belo Horizonte,Pessoa Física,2022-04-27,Agência,0,0,0,1,0,0,8,0.0,51807.93,9,55,4,4,1,0,Ativo,1,0.25,0.0
A00251,Associado 251,40,M,RS,Porto Alegre,Pessoa Jurídica,2022-01-20,Agência,1,0,0,0,0,0,52,4545.93,7087.57,7,2,6,8,4,1,Ativo,1,0.5,0.25
A00252,Associado 252,29,M,SC,Florianópolis,Pessoa Física,2018-11-29,Digital,1,1,0,0,0,0,17,8255.75,0.0,6,13,12,3,1,0,Ativo,2,0.33,0.0
A00253,Associado 253,41,M,MG,Belo Horizonte,Pessoa Física,2020-01-17,Agência,1,0,0,0,0,0,14,1419.13,0.0,7,19,4,7,3,0,Ativo,1,0.43,0.0
A00254,Associado 254,47,M,RS,Porto Alegre,Pessoa Física,2020-05-15,Indicação,1,0,0,0,0,0,23,371.65,0.0,10,0,2,9,1,0,Ativo,1,0.11,0.0
A00255,Associado 255,43,M,RS,Porto Alegre,Agro,2019-10-07,Digital,0,1,1,0,0,1,35,0.0,0.0,6,6,22,6,6,1,Ativo,3,1.0,0.17
A00256,Associado 256,39,M,PR,Curitiba,Pessoa Física,2022-03-17,Campanha,1,1,1,0,0,0,41,1784.48,8596.52,7,56,10,13,4,0,Ativo,3,0.31,0.0
A00257,Associado 257,32,M,MG,Belo Horizonte,Pessoa Física,2025-08-23,Indicação,1,1,0,0,0,0,14,4790.27,0.0,10,84,6,2,0,0,Inativo,2,0.0,0.0
A00258,Associado 258,44,F,PR,Londrina,Pessoa Física,2018-05-30,Agência,1,1,0,0,0,0,28,4727.68,0.0,7,11,7,8,3,1,Ativo,2,0.38,0.33
A00259,Associado 259,30,F,PR,Curitiba,Agro,2022-07-16,Indicação,1,1,1,1,1,0,63,20120.48,3129.15,10,2,11,7,4,1,Ativo,5,0.57,0.25
A00260,Associado 260,40,M,RS,Porto Alegre,Pessoa Física,2020-03-12,Digital,1,1,1,0,0,0,34,3177.8,0.0,7,8,14,7,3,0,Ativo,3,0.43,0.0
A00261,Associado 261,43,M,PR,Curitiba,Pessoa Jurídica,2020-05-31,Indicação,1,1,0,0,0,0,46,1929.62,13878.88,8,35,6,5,2,1,Ativo,2,0.4,0.5
A00262,Associado 262,30,M,RJ,Rio de Janeiro,Pessoa Jurídica,2021-05-21,Indicação,1,0,0,0,0,0,23,18719.32,0.0,6,20,3,10,2,1,Ativo,1,0.2,0.5
A00263,Associado 263,42,M,RS,Porto Alegre,Pessoa Jurídica,2024-09-04,Digital,0,0,0,0,0,0,3,0.0,0.0,1,189,1,6,3,0,Churned,0,0.5,0.0
A00264,Associado 264,25,M,SC,Joinville,Agro,2024-05-17,Digital,1,0,0,0,0,1,50,20953.61,0.0,7,2,24,11,9,1,Ativo,2,0.82,0.11
A00265,Associado 265,29,F,MG,Belo Horizonte,Pessoa Jurídica,2022-08-03,Digital,1,1,1,0,0,0,56,12320.95,1849.13,8,6,16,3,3,1,Ativo,3,1.0,0.33
A00266,Associado 266,49,M,SP,São Paulo,Pessoa Física,2022-08-22,Agência,0,1,0,0,0,0,3,0.0,19526.25,7,10,3,9,3,0,Ativo,1,0.33,0.0
A00267,Associado 267,55,F,PR,Londrina,Pessoa Física,2025-01-30,Agência,0,0,0,0,0,0,11,0.0,3785.29,6,4,6,5,2,0,Ativo,0,0.4,0.0
A00268,Associado 268,23,F,SP,São Paulo,Pessoa Física,2024-07-17,Digital,1,1,0,0,0,0,79,2173.01,5464.25,4,12,34,7,7,2,Ativo,2,1.0,0.29
A00269,Associado 269,44,M,SC,Florianópolis,Pessoa Física,2019-11-05,Agência,1,0,0,0,0,0,22,2075.66,10588.38,10,8,7,5,1,0,Ativo,1,0.2,0.0
A00270,Associado 270,46,M,RS,Porto Alegre,Pessoa Física,2021-09-22,Agência,0,0,1,1,1,0,2,0.0,20495.34,9,283,0,7,2,0,Churned,3,0.29,0.0
A00271,Associado 271,27,M,SP,São Paulo,Pessoa Física,2023-11-11,Agência,1,0,1,0,0,0,34,6966.57,10335.01,6,2,12,9,4,0,Ativo,2,0.44,0.0
A00272,Associado 272,37,F,SP,São Paulo,Pessoa Física,2023-12-03,Digital,1,0,0,0,0,0,28,3792.09,8412.13,5,11,8,5,0,0,Ativo,1,0.0,0.0
A00273,Associado 273,45,F,MG,Belo Horizonte,Agro,2021-12-15,Digital,1,1,1,0,1,0,55,12117.63,18673.7,10,3,20,9,6,2,Ativo,4,0.67,0.33
A00274,Associado 274,34,F,MG,Belo Horizonte,Pessoa Física,2023-12-01,Indicação,1,1,0,0,0,0,22,9548.87,0.0,8,15,2,7,3,0,Ativo,2,0.43,0.0
A00275,Associado 275,31,M,SC,Florianópolis,Agro,2021-10-23,Digital,1,1,0,0,0,1,22,8131.41,0.0,9,1,10,5,3,0,Ativo,3,0.6,0.0
A00276,Associado 276,39,M,SC,Florianópolis,Pessoa Física,2020-12-19,Digital,1,0,0,0,0,0,6,659.37,0.0,6,72,2,4,1,0,Inativo,1,0.25,0.0
A00277,Associado 277,30,M,SP,São Paulo,Pessoa Jurídica,2024-04-03,Digital,1,1,0,0,0,0,24,6790.74,0.0,10,143,2,9,2,1,Inativo,2,0.22,0.5
A00278,Associado 278,57,M,PR,Curitiba,Pessoa Jurídica,2025-05-09,Indicação,1,1,0,0,0,0,50,8316.62,0.0,6,4,7,6,4,0,Ativo,2,0.67,0.0
A00279,Associado 279,48,M,SP,São Paulo,Pessoa Física,2023-05-19,Digital,1,1,0,0,0,0,24,12289.26,56277.7,8,18,9,4,1,1,Ativo,2,0.25,1.0
A00280,Associado 280,37,M,SP,São Paulo,Pessoa Física,2022-12-29,Campanha,1,1,0,1,0,0,2,2361.14,14574.55,8,304,2,2,0,0,Churned,3,0.0,0.0
A00281,Associado 281,41,F,MG,Belo Horizonte,Pessoa Física,2022-10-31,Campanha,1,1,0,0,0,0,26,20657.75,11715.68,8,22,4,5,3,0,Ativo,2,0.6,0.0
A00282,Associado 282,22,F,RS,Porto Alegre,Pessoa Física,2019-12-25,Indicação,1,1,0,0,0,0,49,1542.3,27337.25,8,7,13,10,2,0,Ativo,2,0.2,0.0
A00283,Associado 283,55,M,SC,Joinville,Agro,2024-12-21,Campanha,1,0,0,0,0,1,2,1588.24,17514.49,9,211,0,8,4,1,Churned,2,0.5,0.25
A00284,Associado 284,28,M,RS,Porto Alegre,Pessoa Jurídica,2022-05-26,Digital,1,1,0,0,0,0,45,19708.69,0.0,9,20,10,5,3,0,Ativo,2,0.6,0.0
A00285,Associado 285,22,F,PR,Curitiba,Pessoa Física,2022-11-06,Digital,0,0,0,0,0,0,7,0.0,78268.23,6,19,4,12,6,2,Ativo,0,0.5,0.33
A00286,Associado 286,43,F,RS,Porto Alegre,Pessoa Física,2022-12-20,Indicação,1,0,0,0,0,0,15,3888.63,4378.03,6,30,3,3,1,1,Ativo,1,0.33,1.0
A00287,Associado 287,46,F,SC,Joinville,Pessoa Física,2019-03-25,Indicação,1,1,0,0,0,1,11,3122.97,0.0,9,160,1,7,0,0,Inativo,3,0.0,0.0
A00288,Associado 288,54,M,SC,Joinville,Pessoa Física,2022-08-30,Campanha,0,0,1,0,0,1,18,0.0,51172.58,10,1,4,7,2,0,Ativo,2,0.29,0.0
A00289,Associado 289,45,F,RS,Caxias do Sul,Pessoa Jurídica,2018-07-14,Indicação,1,0,0,0,1,0,58,9539.11,13578.37,10,17,8,4,1,0,Ativo,2,0.25,0.0
A00290,Associado 290,30,F,PR,Curitiba,Pessoa Física,2022-09-05,Campanha,1,0,0,0,0,1,26,1043.33,5470.31,9,1,7,5,4,0,Ativo,2,0.8,0.0
A00291,Associado 291,22,F,RS,Caxias do Sul,Pessoa Física,2021-05-03,Digital,1,1,1,0,0,0,30,1781.85,0.0,8,17,8,6,4,0,Ativo,3,0.67,0.0
A00292,Associado 292,52,F,RS,Caxias do Sul,Pessoa Física,2019-07-29,Indicação,0,0,0,0,0,0,12,0.0,17464.98,6,2,3,6,2,0,Ativo,0,0.33,0.0
A00293,Associado 293,48,F,SP,São Paulo,Pessoa Física,2025-03-14,Indicação,1,1,0,0,0,0,0,2374.43,7352.75,5,194,0,4,2,0,Churned,2,0.5,0.0
A00294,Associado 294,59,M,SC,Florianópolis,Pessoa Jurídica,2022-10-25,Indicação,1,0,0,0,0,0,32,8178.18,0.0,9,3,7,6,3,1,Ativo,1,0.5,0.33
A00295,Associado 295,38,M,RS,Caxias do Sul,Pessoa Física,2024-06-15,Digital,1,1,0,0,0,0,41,7229.92,25124.37,8,16,19,6,4,0,Ativo,2,0.67,0.0
A00296,Associado 296,59,F,SC,Joinville,Agro,2022-12-24,Indicação,1,0,0,0,0,1,1,11646.52,0.0,9,169,0,5,1,0,Churned,2,0.2,0.0
A00297,Associado 297,63,M,SP,São Paulo,Agro,2023-02-28,Campanha,1,1,1,0,0,1,40,6591.83,29835.62,7,8,5,0,0,0,Ativo,4,0.0,0.0
A00298,Associado 298,53,M,RS,Caxias do Sul,Pessoa Física,2019-08-14,Agência,1,0,0,0,0,0,18,5418.0,4726.93,7,2,3,7,2,2,Ativo,1,0.29,1.0
A00299,Associado 299,54,F,PR,Curitiba,Pessoa Física,2019-07-02,Digital,0,1,0,1,1,0,17,0.0,24467.54,10,9,13,5,3,2,Ativo,3,0.6,0.67
A00300,Associado 300,22,M,RS,Caxias do Sul,Pessoa Jurídica,2019-01-24,Digital,1,0,0,1,0,0,62,13755.48,0.0,8,5,15,8,6,1,Ativo,2,0.75,0.17
A00301,Associado 301,61,M,RS,Porto Alegre,Agro,2021-12-29,Campanha,1,1,0,0,1,1,27,17453.53,28692.47,9,16,6,8,1,0,Ativo,4,0.12,0.0
A00302,Associado 302,45,F,SC,Joinville,Pessoa Jurídica,2022-10-19,Digital,1,1,0,0,1,0,56,26605.19,0.0,9,18,18,4,2,0,Ativo,3,0.5,0.0
A00303,Associado 303,41,F,SC,Joinville,Pessoa Física,2019-10-23,Agência,1,1,0,0,1,0,46,1693.66,0.0,7,1,15,3,3,0,Ativo,3,1.0,0.0
A00304,Associado 304,47,M,PR,Curitiba,Agro,2022-02-28,Digital,1,1,0,0,1,0,43,12331.84,0.0,10,4,6,2,1,0,Ativo,3,0.5,0.0
A00305,Associado 305,36,M,SP,São Paulo,Pessoa Física,2022-08-17,Indicação,1,1,1,1,0,0,36,3948.78,16813.38,10,21,6,3,1,0,Ativo,4,0.33,0.0
A00306,Associado 306,56,M,RJ,Rio de Janeiro,Pessoa Jurídica,2019-06-18,Agência,1,0,0,0,1,0,13,14701.8,61498.16,7,101,3,4,0,0,Inativo,2,0.0,0.0
A00307,Associado 307,45,F,SC,Florianópolis,Agro,2018-10-24,Digital,1,1,1,1,1,1,66,12358.65,12620.02,10,20,21,5,5,1,Ativo,6,1.0,0.2
A00308,Associado 308,37,M,RS,Caxias do Sul,Pessoa Física,2022-02-26,Campanha,1,1,0,1,0,0,28,2118.46,0.0,8,5,8,3,1,1,Ativo,3,0.33,1.0
A00309,Associado 309,53,M,SP,São Paulo,Agro,2025-08-06,Campanha,1,1,0,0,0,0,39,15733.36,2685.26,8,0,10,6,4,0,Ativo,2,0.67,0.0
A00310,Associado 310,44,F,RS,Porto Alegre,Pessoa Física,2018-11-27,Agência,1,1,0,0,0,0,34,1674.57,0.0,7,36,6,8,2,0,Ativo,2,0.25,0.0
A00311,Associado 311,35,M,SC,Joinville,Agro,2025-05-05,Campanha,0,1,1,0,0,1,14,0.0,0.0,8,3,5,3,1,1,Ativo,3,0.33,1.0
A00312,Associado 312,37,F,RS,Porto Alegre,Pessoa Física,2020-05-04,Indicação,1,0,0,0,0,0,40,2344.57,1839.71,8,4,11,6,4,1,Ativo,1,0.67,0.25
A00313,Associado 313,51,M,RS,Caxias do Sul,Agro,2021-07-08,Agência,1,1,0,0,0,0,39,13618.61,10193.55,8,4,6,2,2,0,Ativo,2,1.0,0.0
A00314,Associado 314,57,F,RJ,Rio de Janeiro,Pessoa Física,2020-12-14,Agência,1,1,1,1,1,0,71,3063.02,21970.78,9,20,24,4,4,0,Ativo,5,1.0,0.0
A00315,Associado 315,40,M,SP,São Paulo,Pessoa Jurídica,2021-07-29,Agência,1,1,0,0,0,0,39,28963.42,2272.79,8,1,4,8,1,0,Ativo,2,0.12,0.0
A00316,Associado 316,53,M,PR,Londrina,Pessoa Física,2025-09-20,Indicação,1,1,0,0,1,0,38,3112.98,21060.23,9,5,6,5,4,0,Ativo,3,0.8,0.0
A00317,Associado 317,65,F,SC,Florianópolis,Pessoa Física,2020-05-24,Agência,1,0,0,0,0,0,4,311.91,42598.78,10,124,4,6,3,0,Inativo,1,0.5,0.0
A00318,Associado 318,31,F,RS,Porto Alegre,Pessoa Física,2020-01-12,Agência,0,0,1,1,0,0,16,0.0,0.0,8,31,10,5,1,0,Ativo,2,0.2,0.0
A00319,Associado 319,50,F,RS,Porto Alegre,Pessoa Jurídica,2023-07-11,Indicação,1,1,1,0,0,0,42,6932.74,49747.81,7,4,12,3,1,0,Ativo,3,0.33,0.0
A00320,Associado 320,42,F,RS,Caxias do Sul,Pessoa Física,2025-05-09,Digital,1,0,0,0,0,0,27,8260.5,0.0,8,1,16,5,3,0,Ativo,1,0.6,0.0
A00321,Associado 321,45,F,SC,Florianópolis,Pessoa Física,2024-10-25,Indicação,1,1,0,0,0,0,28,2201.49,0.0,5,8,5,5,3,1,Ativo,2,0.6,0.33
A00322,Associado 322,61,F,SP,São Paulo,Pessoa Física,2022-05-05,Indicação,1,1,0,0,1,0,6,11001.53,12404.11,8,291,0,5,2,0,Churned,3,0.4,0.0
A00323,Associado 323,72,F,PR,Londrina,Agro,2022-12-23,Agência,1,0,0,0,0,0,0,3404.8,0.0,4,243,0,3,0,0,Churned,1,0.0,0.0
A00324,Associado 324,50,M,RS,Porto Alegre,Pessoa Física,2024-01-03,Campanha,1,1,0,0,0,0,21,1012.99,7172.95,10,44,2,1,0,0,Ativo,2,0.0,0.0
A00325,Associado 325,43,M,RJ,Rio de Janeiro,Pessoa Física,2019-01-26,Agência,0,1,1,0,1,0,34,0.0,8659.14,10,2,10,4,1,0,Ativo,3,0.25,0.0
A00326,Associado 326,28,M,SP,São Paulo,Pessoa Física,2019-01-08,Digital,1,1,1,0,0,0,57,3301.35,30829.72,9,41,19,4,2,0,Ativo,3,0.5,0.0
A00327,Associado 327,41,M,PR,Curitiba,Pessoa Física,2021-11-21,Digital,0,1,0,1,1,0,15,0.0,0.0,10,2,14,6,3,1,Ativo,3,0.5,0.33
A00328,Associado 328,56,M,PR,Londrina,Pessoa Física,2024-04-28,Agência,1,1,1,0,0,0,31,2410.83,0.0,8,2,6,6,4,0,Ativo,3,0.67,0.0
A00329,Associado 329,46,M,SC,Joinville,Pessoa Física,2020-07-19,Campanha,1,1,1,0,1,0,29,6944.81,0.0,9,6,4,4,2,0,Ativo,4,0.5,0.0
A00330,Associado 330,24,M,RS,Porto Alegre,Agro,2022-02-11,Digital,1,1,0,0,0,1,48,11658.08,3833.7,9,29,14,4,1,0,Ativo,3,0.25,0.0
A00331,Associado 331,51,F,SC,Florianópolis,Pessoa Jurídica,2020-01-16,Agência,1,0,0,0,0,0,37,13814.64,0.0,10,3,3,7,3,1,Ativo,1,0.43,0.33
A00332,Associado 332,44,M,SP,São Paulo,Pessoa Física,2025-02-25,Campanha,1,0,0,0,0,0,6,8994.98,46492.77,6,91,3,2,2,1,Inativo,1,1.0,0.5
A00333,Associado 333,43,F,RS,Caxias do Sul,Pessoa Física,2022-02-17,Digital,0,0,1,0,0,0,9,0.0,34319.96,4,5,11,6,2,0,Ativo,1,0.33,0.0
A00334,Associado 334,36,M,RS,Caxias do Sul,Pessoa Jurídica,2022-11-06,Indicação,1,1,0,0,0,0,49,34384.76,6729.28,10,30,9,9,4,0,Ativo,2,0.44,0.0
A00335,Associado 335,51,F,RS,Porto Alegre,Pessoa Física,2023-05-16,Digital,1,1,0,0,1,0,51,2730.88,45858.59,5,0,25,6,3,1,Ativo,3,0.5,0.33
A00336,Associado 336,66,M,RS,Porto Alegre,Pessoa Jurídica,2025-01-07,Indicação,1,0,0,0,0,0,3,11054.85,0.0,5,168,0,5,0,0,Churned,1,0.0,0.0
A00337,Associado 337,36,M,MG,Belo Horizonte,Pessoa Física,2022-05-15,Agência,1,1,1,1,0,0,49,5108.91,4209.83,9,4,18,5,5,2,Ativo,4,1.0,0.4
A00338,Associado 338,29,M,SP,São Paulo,Pessoa Física,2019-11-16,Agência,1,1,1,0,0,0,30,3678.21,10053.75,9,8,5,4,2,1,Ativo,3,0.5,0.5
A00339,Associado 339,27,M,SC,Joinville,Pessoa Física,2024-12-08,Digital,1,0,0,0,0,0,20,5013.54,1073.62,9,9,10,9,3,2,Ativo,1,0.33,0.67
A00340,Associado 340,46,F,RS,Porto Alegre,Agro,2024-11-18,Agência,1,1,0,0,0,1,22,11750.71,0.0,10,24,3,3,0,0,Ativo,3,0.0,0.0
A00341,Associado 341,60,M,SC,Florianópolis,Pessoa Física,2019-04-11,Indicação,1,1,0,0,0,0,4,2656.02,57535.49,9,143,0,10,2,0,Churned,2,0.2,0.0
A00342,Associado 342,21,F,SC,Joinville,Pessoa Física,2023-09-01,Digital,0,0,0,0,0,0,5,0.0,0.0,5,10,9,3,1,1,Ativo,0,0.33,1.0
A00343,Associado 343,40,M,RS,Caxias do Sul,Pessoa Física,2024-09-09,Agência,1,1,1,0,1,0,19,2712.35,46470.89,9,11,8,6,1,0,Ativo,4,0.17,0.0
A00344,Associado 344,20,M,SC,Joinville,Pessoa Jurídica,2021-05-17,Agência,1,0,0,0,0,0,25,7183.48,0.0,8,0,6,8,3,1,Ativo,1,0.38,0.33
A00345,Associado 345,62,M,SC,Joinville,Agro,2022-05-06,Indicação,1,1,1,0,0,0,44,19274.51,20857.76,8,2,2,3,0,0,Ativo,3,0.0,0.0
A00346,Associado 346,49,M,PR,Curitiba,Pessoa Física,2018-05-25,Indicação,1,0,0,0,0,0,12,772.06,0.0,7,8,3,9,3,0,Ativo,1,0.33,0.0
A00347,Associado 347,43,F,PR,Curitiba,Pessoa Física,2024-10-03,Digital,1,1,0,0,1,0,11,11305.97,0.0,8,13,9,4,3,0,Ativo,3,0.75,0.0
A00348,Associado 348,37,F,RS,Porto Alegre,Agro,2024-06-10,Digital,1,1,0,0,1,1,58,6048.05,0.0,8,3,21,8,6,3,Ativo,4,0.75,0.5
A00349,Associado 349,31,F,SC,Florianópolis,Pessoa Física,2022-12-13,Agência,1,1,0,0,0,0,4,3951.78,0.0,9,121,2,7,2,0,Inativo,2,0.29,0.0
A00350,Associado 350,30,M,PR,Curitiba,Pessoa Física,2018-02-13,Digital,1,0,0,0,0,0,21,8814.22,0.0,1,11,8,6,5,2,Ativo,1,0.83,0.4
A00351,Associado 351,33,M,SC,Florianópolis,Pessoa Física,2018-04-17,Agência,1,1,0,0,0,0,33,3897.24,3324.6,7,2,11,5,4,0,Ativo,2,0.8,0.0
A00352,Associado 352,24,M,MG,Belo Horizonte,Pessoa Jurídica,2023-07-22,Digital,1,1,1,0,0,0,17,9829.04,0.0,8,124,3,8,2,0,Inativo,3,0.25,0.0
A00353,Associado 353,42,M,PR,Curitiba,Pessoa Física,2018-05-30,Digital,1,0,0,0,0,0,14,6004.98,0.0,7,1,9,8,3,0,Ativo,1,0.38,0.0
A00354,Associado 354,42,F,RS,Porto Alegre,Pessoa Jurídica,2021-07-11,Campanha,1,1,0,0,0,0,40,6490.24,0.0,10,1,5,2,0,0,Ativo,2,0.0,0.0
A00355,Associado 355,44,F,RS,Porto Alegre,Pessoa Física,2018-04-20,Digital,1,1,0,0,0,0,31,30694.4,41116.51,8,25,13,3,3,0,Ativo,2,1.0,0.0
A00356,Associado 356,51,F,PR,Curitiba,Pessoa Física,2020-11-07,Indicação,1,0,0,0,0,0,13,4149.51,0.0,10,5,5,3,1,0,Ativo,1,0.33,0.0
A00357,Associado 357,44,M,RS,Porto Alegre,Pessoa Jurídica,2020-01-20,Digital,1,0,0,0,0,0,4,14734.96,12131.71,7,209,1,3,0,0,Churned,1,0.0,0.0
A00358,Associado 358,67,F,PR,Londrina,Pessoa Física,2024-04-05,Campanha,1,1,0,0,1,0,19,1152.91,6942.04,8,114,6,8,0,0,Inativo,3,0.0,0.0
A00359,Associado 359,22,M,MG,Belo Horizonte,Pessoa Física,2019-12-25,Digital,1,0,0,0,0,0,25,2481.92,0.0,7,8,19,6,4,1,Ativo,1,0.67,0.25
A00360,Associado 360,40,F,PR,Curitiba,Pessoa Jurídica,2025-08-22,Digital,1,1,1,0,0,0,69,32028.4,0.0,10,5,12,5,2,0,Ativo,3,0.4,0.0
A00361,Associado 361,35,F,SC,Joinville,Agro,2018-11-24,Campanha,1,1,0,0,0,1,25,2600.47,0.0,10,7,6,11,4,1,Ativo,3,0.36,0.25
A00362,Associado 362,41,F,PR,Curitiba,Agro,2020-05-11,Agência,1,1,0,0,0,0,31,3244.54,9344.98,10,3,9,5,2,1,Ativo,2,0.4,0.5
A00363,Associado 363,42,F,SC,Florianópolis,Agro,2021-08-10,Agência,1,0,1,1,0,1,66,1799.15,8342.52,10,21,16,4,1,0,Ativo,4,0.25,0.0
A00364,Associado 364,51,M,SC,Joinville,Agro,2021-12-07,Agência,1,1,0,0,0,1,22,5748.18,19047.17,10,6,6,4,1,1,Ativo,3,0.25,1.0
A00365,Associado 365,58,M,MG,Belo Horizonte,Pessoa Física,2019-04-06,Indicação,1,1,1,1,1,0,52,2683.9,0.0,8,9,5,7,2,0,Ativo,5,0.29,0.0
A00366,Associado 366,34,F,SC,Joinville,Pessoa Física,2021-01-09,Agência,1,1,0,0,0,0,21,294.45,14374.96,8,8,9,6,2,0,Ativo,2,0.33,0.0
A00367,Associado 367,58,F,RJ,Rio de Janeiro,Pessoa Jurídica,2021-07-02,Campanha,1,1,0,0,0,0,26,14880.4,10276.32,7,33,2,6,0,0,Ativo,2,0.0,0.0
A00368,Associado 368,39,M,MG,Belo Horizonte,Pessoa Física,2020-01-14,Digital,1,1,1,0,0,0,37,2459.17,9641.63,10,5,17,2,1,0,Ativo,3,0.5,0.0
A00369,Associado 369,40,F,RS,Caxias do Sul,Pessoa Jurídica,2024-08-07,Agência,1,1,0,1,1,0,38,23536.14,25574.91,10,119,2,5,0,0,Inativo,4,0.0,0.0
A00370,Associado 370,25,F,RS,Porto Alegre,Pessoa Jurídica,2022-01-20,Digital,1,0,0,0,0,0,28,19208.09,0.0,6,5,7,5,4,0,Ativo,1,0.8,0.0
A00371,Associado 371,47,F,RS,Caxias do Sul,Pessoa Física,2020-06-16,Agência,1,1,0,0,0,0,34,3052.39,53329.5,6,22,15,1,1,0,Ativo,2,1.0,0.0
A00372,Associado 372,30,M,RS,Porto Alegre,Agro,2019-03-19,Digital,1,0,0,0,0,0,33,16384.59,0.0,6,2,12,4,4,1,Ativo,1,1.0,0.25
A00373,Associado 373,58,M,RS,Caxias do Sul,Pessoa Física,2023-01-08,Indicação,1,0,0,0,0,0,13,3591.87,885.24,5,6,5,8,3,1,Ativo,1,0.38,0.33
A00374,Associado 374,33,F,PR,Curitiba,Pessoa Física,2020-06-04,Digital,1,0,0,0,0,0,10,6318.73,0.0,10,119,2,8,2,0,Inativo,1,0.25,0.0
A00375,Associado 375,53,F,RS,Caxias do Sul,Agro,2021-06-15,Agência,1,1,0,0,0,0,38,6218.85,3535.67,10,19,5,2,0,0,Ativo,2,0.0,0.0
A00376,Associado 376,45,M,RS,Porto Alegre,Pessoa Física,2018-09-18,Indicação,1,1,1,0,1,0,40,4548.28,16235.42,9,40,10,5,2,0,Ativo,4,0.4,0.0
A00377,Associado 377,39,M,SP,São Paulo,Pessoa Física,2021-07-20,Indicação,1,1,1,0,1,0,20,1782.23,0.0,10,50,13,10,8,3,Ativo,4,0.8,0.38
A00378,Associado 378,45,M,RS,Porto Alegre,Pessoa Física,2018-10-07,Indicação,1,0,1,0,0,0,16,7746.76,8690.15,9,83,4,5,2,0,Inativo,2,0.4,0.0
A00379,Associado 379,59,M,SP,São Paulo,Pessoa Jurídica,2023-01-25,Indicação,1,1,0,0,0,0,36,21242.34,28095.94,9,7,5,6,2,0,Ativo,2,0.33,0.0
A00380,Associado 380,32,M,RS,Porto Alegre,Pessoa Jurídica,2018-06-01,Agência,1,0,0,0,0,0,21,46919.94,28997.94,6,121,1,12,4,1,Inativo,1,0.33,0.25
A00381,Associado 381,41,M,RS,Caxias do Sul,Pessoa Jurídica,2022-05-16,Campanha,1,0,0,0,0,0,26,4274.57,20618.08,6,9,5,6,2,1,Ativo,1,0.33,0.5
A00382,Associado 382,35,M,PR,Londrina,Pessoa Jurídica,2022-07-30,Digital,0,0,0,0,0,0,3,0.0,24439.76,5,337,1,6,2,1,Churned,0,0.33,0.5
A00383,Associado 383,46,M,PR,Londrina,Pessoa Física,2023-08-24,Agência,0,0,0,0,1,0,4,0.0,0.0,7,132,2,8,1,0,Inativo,1,0.12,0.0
A00384,Associado 384,38,F,MG,Belo Horizonte,Agro,2022-03-15,Indicação,1,1,1,0,0,1,46,1488.99,0.0,10,19,10,5,3,1,Ativo,4,0.6,0.33
A00385,Associado 385,25,F,SP,São Paulo,Agro,2022-04-15,Campanha,0,0,0,0,0,1,0,0.0,0.0,8,109,2,5,2,0,Inativo,1,0.4,0.0
A00386,Associado 386,33,M,SP,São Paulo,Pessoa Física,2020-08-08,Indicação,0,1,1,1,0,0,22,0.0,0.0,9,12,8,6,2,0,Ativo,3,0.33,0.0
A00387,Associado 387,66,F,RS,Porto Alegre,Pessoa Física,2024-10-28,Agência,1,1,0,0,0,0,2,1174.06,19525.12,7,242,0,7,1,0,Churned,2,0.14,0.0
A00388,Associado 388,49,M,RS,Caxias do Sul,Agro,2021-09-03,Agência,1,0,0,0,0,1,29,7243.4,0.0,7,10,4,3,1,0,Ativo,2,0.33,0.0
A00389,Associado 389,42,F,SP,São Paulo,Agro,2020-01-02,Digital,1,0,0,0,0,0,3,16315.91,9519.61,6,185,0,6,1,0,Churned,1,0.17,0.0
A00390,Associado 390,43,M,SP,São Paulo,Agro,2018-08-26,Campanha,0,1,1,0,0,1,23,0.0,10105.86,9,19,9,6,2,0,Ativo,3,0.33,0.0
A00391,Associado 391,45,M,RJ,Rio de Janeiro,Agro,2019-06-23,Agência,1,1,1,0,1,1,58,5404.98,8799.16,10,24,8,8,5,1,Ativo,5,0.62,0.2
A00392,Associado 392,41,F,SC,Florianópolis,Pessoa Física,2020-02-08,Indicação,1,0,0,0,1,0,10,4595.43,0.0,8,92,4,4,4,1,Inativo,2,1.0,0.25
A00393,Associado 393,52,F,SC,Florianópolis,Pessoa Jurídica,2025-09-10,Agência,1,1,0,0,1,0,51,11453.22,0.0,8,6,7,6,2,0,Ativo,3,0.33,0.0
A00394,Associado 394,47,F,SP,São Paulo,Pessoa Física,2023-10-23,Indicação,1,1,1,1,1,0,77,2677.78,12371.53,9,10,11,4,1,0,Ativo,5,0.25,0.0
A00395,Associado 395,32,F,RS,Caxias do Sul,Pessoa Física,2021-12-28,Campanha,1,0,0,0,0,0,30,2199.57,0.0,5,31,3,6,1,1,Ativo,1,0.17,1.0
A00396,Associado 396,26,F,MG,Belo Horizonte,Pessoa Jurídica,2022-10-01,Digital,1,0,0,0,0,0,10,31501.15,0.0,6,178,1,2,2,2,Inativo,1,1.0,1.0
A00397,Associado 397,27,M,MG,Belo Horizonte,Pessoa Física,2018-10-23,Digital,1,1,0,0,0,0,21,4106.21,0.0,6,11,10,5,3,0,Ativo,2,0.6,0.0
A00398,Associado 398,51,M,SC,Florianópolis,Pessoa Jurídica,2018-01-14,Indicação,1,0,0,0,1,0,29,6450.91,5433.82,7,3,5,4,1,1,Ativo,2,0.25,1.0
A00399,Associado 399,26,M,SP,São Paulo,Pessoa Física,2019-09-04,Digital,1,1,0,0,0,0,24,4205.8,2531.79,10,11,7,7,3,0,Ativo,2,0.43,0.0
A00400,Associado 400,45,F,SP,São Paulo,Pessoa Física,2019-01-30,Indicação,0,1,1,1,0,0,25,0.0,26274.58,8,36,18,5,2,0,Ativo,3,0.4,0.0
A00401,Associado 401,21,M,RS,Caxias do Sul,Pessoa Física,2018-07-10,Digital,1,1,1,0,0,0,41,4551.71,135.77,9,53,27,4,3,0,Ativo,3,0.75,0.0
A00402,Associado 402,46,M,MG,Belo Horizonte,Pessoa Física,2023-03-13,Agência,1,0,0,0,0,0,12,4202.51,1796.43,9,27,6,6,2,0,Ativo,1,0.33,0.0
A00403,Associado 403,53,F,SC,Joinville,Pessoa Física,2023-11-24,Indicação,1,0,0,0,0,0,10,6310.37,0.0,8,35,2,3,0,0,Ativo,1,0.0,0.0
A00404,Associado 404,64,M,SP,São Paulo,Pessoa Física,2018-01-07,Agência,1,0,0,0,1,0,26,1232.67,11144.76,10,15,5,6,0,0,Ativo,2,0.0,0.0
A00405,Associado 405,28,F,RS,Caxias do Sul,Agro,2021-01-09,Campanha,1,1,0,0,1,1,44,10632.38,1704.81,7,2,9,4,2,1,Ativo,4,0.5,0.5
A00406,Associado 406,58,F,MG,Belo Horizonte,Pessoa Física,2025-09-13,Agência,0,0,0,0,0,0,5,0.0,0.0,8,38,3,6,3,1,Ativo,0,0.5,0.33
A00407,Associado 407,48,M,SC,Florianópolis,Pessoa Física,2023-07-29,Indicação,1,1,1,0,0,0,14,2783.49,11223.46,7,145,1,4,0,0,Inativo,3,0.0,0.0
A00408,Associado 408,41,M,RS,Porto Alegre,Pessoa Física,2019-10-14,Agência,1,1,1,0,1,0,69,3003.22,4761.9,10,1,29,6,5,0,Ativo,4,0.83,0.0
A00409,Associado 409,41,F,MG,Belo Horizonte,Pessoa Jurídica,2024-12-07,Digital,1,1,0,1,1,0,69,9870.34,3639.31,10,0,22,4,4,0,Ativo,4,1.0,0.0
A00410,Associado 410,33,F,RS,Porto Alegre,Pessoa Física,2021-10-12,Digital,1,1,0,0,0,0,19,1688.33,0.0,10,33,9,6,2,2,Ativo,2,0.33,1.0
A00411,Associado 411,55,M,RS,Porto Alegre,Pessoa Jurídica,2021-08-27,Indicação,1,1,1,1,1,0,69,8437.92,37584.82,10,3,7,6,1,0,Ativo,5,0.17,0.0
A00412,Associado 412,37,M,RJ,Rio de Janeiro,Pessoa Jurídica,2024-12-28,Digital,1,1,0,0,1,0,50,8472.92,131731.01,10,1,12,2,1,1,Ativo,3,0.5,1.0
A00413,Associado 413,38,M,RJ,Rio de Janeiro,Pessoa Física,2025-01-10,Campanha,1,1,0,1,1,0,15,2563.9,6957.23,9,76,2,3,1,0,Inativo,4,0.33,0.0
A00414,Associado 414,27,M,PR,Curitiba,Pessoa Física,2020-03-12,Digital,1,1,1,0,1,0,34,1375.43,9946.51,7,0,13,7,4,0,Ativo,4,0.57,0.0
A00415,Associado 415,64,M,PR,Curitiba,Agro,2019-03-25,Indicação,1,0,0,0,0,1,1,4795.47,11525.8,8,222,0,4,0,0,Churned,2,0.0,0.0
A00416,Associado 416,46,F,SC,Florianópolis,Pessoa Jurídica,2024-05-21,Indicação,1,1,1,0,1,0,65,60965.24,0.0,10,1,9,5,1,0,Ativo,4,0.2,0.0
A00417,Associado 417,42,F,RS,Caxias do Sul,Pessoa Jurídica,2023-10-23,Agência,1,0,0,0,0,0,34,27978.54,0.0,6,14,12,7,4,0,Ativo,1,0.57,0.0
A00418,Associado 418,48,M,RS,Caxias do Sul,Pessoa Física,2023-06-08,Digital,1,1,0,1,0,0,14,8838.63,67518.61,9,190,6,8,2,0,Inativo,3,0.25,0.0
A00419,Associado 419,40,M,PR,Curitiba,Pessoa Física,2018-02-14,Digital,1,1,0,0,0,0,21,1586.39,12671.81,10,8,10,7,3,0,Ativo,2,0.43,0.0
A00420,Associado 420,23,M,SP,São Paulo,Pessoa Física,2022-04-02,Digital,1,0,0,0,0,0,22,11950.22,0.0,5,1,14,12,6,1,Ativo,1,0.5,0.17
A00421,Associado 421,28,M,SP,São Paulo,Pessoa Física,2025-08-24,Digital,1,1,0,0,1,0,26,6430.32,0.0,8,20,17,6,4,1,Ativo,3,0.67,0.25
A00422,Associado 422,40,M,SP,São Paulo,Pessoa Física,2025-06-16,Indicação,0,1,1,0,0,0,0,0.0,2124.78,10,111,0,4,1,0,Churned,2,0.25,0.0
A00423,Associado 423,56,F,RS,Caxias do Sul,Pessoa Jurídica,2022-01-20,Agência,1,0,0,0,1,0,18,8212.44,0.0,7,74,1,6,2,0,Inativo,2,0.33,0.0
A00424,Associado 424,32,F,SC,Florianópolis,Pessoa Física,2023-07-16,Indicação,1,1,0,1,0,0,26,1514.43,0.0,10,32,5,7,3,1,Ativo,3,0.43,0.33
A00425,Associado 425,61,M,RS,Porto Alegre,Pessoa Jurídica,2019-07-29,Campanha,1,1,0,0,0,1,37,22023.69,6394.4,10,17,6,5,2,0,Ativo,3,0.4,0.0
A00426,Associado 426,28,M,SC,Joinville,Pessoa Jurídica,2021-12-01,Digital,1,1,0,0,0,0,43,10473.44,7830.36,8,22,22,6,5,0,Ativo,2,0.83,0.0
A00427,Associado 427,44,M,SC,Florianópolis,Pessoa Física,2018-04-03,Digital,1,0,0,0,0,0,17,3682.23,0.0,6,9,7,6,2,0,Ativo,1,0.33,0.0
A00428,Associado 428,35,F,MG,Belo Horizonte,Pessoa Jurídica,2024-06-27,Agência,0,0,0,0,0,0,5,0.0,0.0,6,167,0,6,1,0,Churned,0,0.17,0.0
A00429,Associado 429,51,F,SC,Florianópolis,Pessoa Física,2024-11-18,Campanha,1,1,1,0,1,0,16,26216.78,0.0,6,16,6,5,1,0,Ativo,4,0.2,0.0
A00430,Associado 430,32,F,RS,Porto Alegre,Pessoa Jurídica,2019-08-27,Agência,1,1,1,0,0,0,62,11617.51,0.0,10,3,5,8,5,1,Ativo,3,0.62,0.2
A00431,Associado 431,31,M,RS,Caxias do Sul,Pessoa Física,2025-02-14,Digital,0,1,0,0,0,0,20,0.0,0.0,9,0,21,9,8,1,Ativo,1,0.89,0.12
A00432,Associado 432,59,M,SP,São Paulo,Pessoa Física,2025-09-01,Campanha,1,1,1,1,0,0,40,17584.09,3001.33,9,13,4,7,4,1,Ativo,4,0.57,0.25
A00433,Associado 433,35,F,PR,Curitiba,Pessoa Jurídica,2018-11-23,Digital,1,1,0,0,1,0,82,36792.51,81576.05,6,5,17,5,3,0,Ativo,3,0.6,0.0
A00434,Associado 434,70,F,RS,Porto Alegre,Pessoa Física,2023-02-10,Indicação,1,0,0,0,1,0,15,3312.35,22330.2,7,128,0,5,1,0,Inativo,2,0.2,0.0
A00435,Associado 435,38,M,RS,Porto Alegre,Agro,2025-08-07,Digital,1,1,0,0,1,0,22,7069.56,0.0,8,10,5,7,2,0,Ativo,3,0.29,0.0
A00436,Associado 436,39,F,SP,São Paulo,Pessoa Física,2023-01-21,Agência,1,1,0,0,0,1,35,8010.19,8265.24,9,19,4,8,4,2,Ativo,3,0.5,0.5
A00437,Associado 437,47,F,RS,Caxias do Sul,Pessoa Física,2019-08-14,Indicação,1,0,0,0,0,0,27,1115.23,0.0,7,3,10,10,2,0,Ativo,1,0.2,0.0
A00438,Associado 438,44,F,SP,São Paulo,Pessoa Física,2021-12-09,Agência,1,0,1,0,0,0,15,3775.07,0.0,7,9,8,13,7,1,Ativo,2,0.54,0.14
A00439,Associado 439,44,M,SP,São Paulo,Pessoa Física,2020-04-30,Indicação,1,0,1,0,0,0,31,5421.3,993.55,10,20,5,5,1,0,Ativo,2,0.2,0.0
A00440,Associado 440,46,M,RS,Porto Alegre,Pessoa Física,2019-03-16,Agência,1,1,0,0,0,0,22,522.25,0.0,5,5,4,5,2,1,Ativo,2,0.4,0.5
A00441,Associado 441,35,F,RS,Porto Alegre,Pessoa Jurídica,2025-07-24,Campanha,1,0,0,0,0,0,4,40383.57,0.0,5,232,1,3,1,0,Churned,1,0.33,0.0
A00442,Associado 442,49,F,RJ,Rio de Janeiro,Pessoa Jurídica,2024-10-15,Agência,1,1,0,1,1,0,73,9189.36,0.0,10,2,6,6,1,0,Ativo,4,0.17,0.0
A00443,Associado 443,41,M,SC,Joinville,Agro,2018-11-24,Digital,0,0,1,0,0,0,21,0.0,10704.69,9,19,9,4,2,0,Ativo,1,0.5,0.0
A00444,Associado 444,32,M,SC,Joinville,Agro,2021-07-04,Digital,1,0,0,0,0,1,1,3756.63,0.0,8,325,0,5,1,0,Churned,2,0.2,0.0
A00445,Associado 445,26,F,SP,São Paulo,Pessoa Física,2022-07-24,Digital,1,0,0,0,0,0,21,5612.63,0.0,8,0,15,4,3,0,Ativo,1,0.75,0.0
A00446,Associado 446,42,F,MG,Belo Horizonte,Pessoa Jurídica,2022-04-27,Digital,1,0,0,0,0,0,34,6068.29,0.0,9,10,10,5,3,0,Ativo,1,0.6,0.0
A00447,Associado 447,51,F,RJ,Rio de Janeiro,Pessoa Física,2021-01-02,Digital,1,0,0,0,0,0,25,1288.61,89208.18,8,1,11,5,3,0,Ativo,1,0.6,0.0
A00448,Associado 448,42,M,SP,São Paulo,Pessoa Jurídica,2021-06-11,Digital,1,1,1,0,0,0,29,12786.52,0.0,10,155,8,7,4,0,Inativo,3,0.57,0.0
A00449,Associado 449,30,F,SC,Joinville,Pessoa Física,2022-03-25,Digital,1,0,0,0,0,0,16,1135.44,0.0,6,8,8,5,2,1,Ativo,1,0.4,0.5
A00450,Associado 450,25,F,RS,Porto Alegre,Agro,2023-03-21,Digital,1,1,0,0,0,1,24,10970.71,5213.88,10,17,7,5,1,0,Ativo,3,0.2,0.0
A00451,Associado 451,35,F,SP,São Paulo,Pessoa Jurídica,2022-04-16,Digital,1,1,1,0,0,0,38,7424.91,4023.59,6,99,6,5,2,1,Inativo,3,0.4,0.5
A00452,Associado 452,52,F,PR,Curitiba,Agro,2022-12-21,Agência,1,0,0,0,0,1,28,3308.86,4250.12,7,6,9,6,3,0,Ativo,2,0.5,0.0
A00453,Associado 453,72,F,SC,Florianópolis,Pessoa Jurídica,2024-03-26,Campanha,1,1,0,1,1,0,71,22737.54,72231.8,10,1,11,5,1,0,Ativo,4,0.2,0.0
A00454,Associado 454,31,M,MG,Belo Horizonte,Agro,2021-12-21,Digital,1,1,0,0,0,0,31,5465.87,18230.64,9,7,6,8,5,0,Ativo,2,0.62,0.0
A00455,Associado 455,22,F,RS,Porto Alegre,Pessoa Jurídica,2023-08-10,Agência,1,1,0,0,0,0,8,4300.4,7326.51,8,142,1,6,1,0,Churned,2,0.17,0.0
A00456,Associado 456,45,F,SC,Florianópolis,Pessoa Física,2020-01-14,Digital,1,0,0,1,0,0,25,3059.27,14260.47,8,12,14,2,1,1,Ativo,2,0.5,1.0
A00457,Associado 457,43,M,RS,Caxias do Sul,Pessoa Física,2020-03-21,Campanha,1,0,0,0,0,0,6,2775.4,0.0,7,134,0,6,2,1,Inativo,1,0.33,0.5
A00458,Associado 458,47,M,SC,Joinville,Pessoa Física,2022-10-19,Agência,1,0,0,0,0,0,24,3969.91,0.0,8,7,4,13,3,1,Ativo,1,0.23,0.33
A00459,Associado 459,53,F,RS,Porto Alegre,Pessoa Física,2018-06-23,Indicação,1,1,1,0,1,0,53,2607.89,0.0,8,32,12,7,5,0,Ativo,4,0.71,0.0
A00460,Associado 460,35,F,RS,Porto Alegre,Pessoa Física,2021-01-03,Digital,0,0,0,0,0,0,7,0.0,6717.01,7,25,4,7,4,1,Ativo,0,0.57,0.25
A00461,Associado 461,46,F,RS,Porto Alegre,Pessoa Física,2021-01-27,Agência,1,0,0,0,0,0,20,3590.77,0.0,7,1,3,4,2,0,Ativo,1,0.5,0.0
A00462,Associado 462,41,M,PR,Curitiba,Pessoa Física,2025-01-04,Indicação,1,0,1,1,1,0,36,1694.52,13331.0,9,11,22,9,6,1,Ativo,4,0.67,0.17
A00463,Associado 463,48,M,SP,São Paulo,Agro,2023-08-05,Digital,1,1,0,0,1,0,48,7544.52,7208.85,8,9,11,8,4,0,Ativo,3,0.5,0.0
A00464,Associado 464,55,M,PR,Curitiba,Agro,2021-06-10,Agência,1,1,0,0,1,0,57,8774.29,2560.41,8,5,10,10,3,0,Ativo,3,0.3,0.0
A00465,Associado 465,26,M,RJ,Rio de Janeiro,Pessoa Física,2023-12-17,Indicação,1,0,0,0,0,0,1,2834.28,4376.12,8,319,0,5,1,0,Churned,1,0.2,0.0
A00466,Associado 466,34,F,SC,Florianópolis,Pessoa Física,2024-08-18,Digital,1,1,0,0,0,0,12,3002.89,3092.57,5,72,6,7,3,0,Inativo,2,0.43,0.0
A00467,Associado 467,51,M,RS,Caxias do Sul,Pessoa Física,2018-08-24,Campanha,1,1,0,0,1,0,36,9163.16,38171.12,10,17,9,4,3,0,Ativo,3,0.75,0.0
A00468,Associado 468,35,F,MG,Belo Horizonte,Pessoa Física,2023-02-11,Digital,1,0,0,0,0,0,2,3410.1,2032.99,7,204,3,3,0,0,Inativo,1,0.0,0.0
A00469,Associado 469,47,M,RS,Porto Alegre,Pessoa Jurídica,2020-01-12,Indicação,1,1,0,0,1,0,41,12293.3,0.0,10,8,5,4,0,0,Ativo,3,0.0,0.0
A00470,Associado 470,58,F,RJ,Rio de Janeiro,Pessoa Física,2024-02-16,Indicação,1,1,0,0,0,0,13,3778.97,59230.97,9,98,0,6,0,0,Inativo,2,0.0,0.0
A00471,Associado 471,31,F,RS,Porto Alegre,Pessoa Física,2024-01-25,Agência,1,1,0,0,0,0,1,1468.43,0.0,6,157,0,2,1,0,Churned,2,0.5,0.0
A00472,Associado 472,63,F,RJ,Rio de Janeiro,Agro,2022-08-20,Indicação,1,0,0,0,1,1,26,9578.57,47387.09,9,5,4,6,3,1,Ativo,3,0.5,0.33
A00473,Associado 473,33,M,RS,Porto Alegre,Pessoa Jurídica,2018-10-18,Digital,1,1,1,0,0,0,51,15555.28,0.0,7,1,5,4,2,0,Ativo,3,0.5,0.0
A00474,Associado 474,37,F,MG,Belo Horizonte,Pessoa Física,2021-11-19,Agência,1,1,0,1,1,0,21,1518.63,0.0,10,1,8,11,7,0,Ativo,4,0.64,0.0
A00475,Associado 475,26,F,SC,Joinville,Pessoa Jurídica,2022-02-06,Digital,1,0,0,0,0,0,31,17688.71,0.0,6,2,10,14,6,2,Ativo,1,0.43,0.33
A00476,Associado 476,63,F,RJ,Rio de Janeiro,Pessoa Física,2023-12-27,Agência,1,1,1,0,0,0,32,1824.17,31007.91,8,11,11,9,3,0,Ativo,3,0.33,0.0
A00477,Associado 477,40,M,RS,Porto Alegre,Pessoa Física,2021-04-29,Indicação,1,1,0,1,0,0,29,1371.99,2102.82,10,4,6,1,1,0,Ativo,3,1.0,0.0
A00478,Associado 478,40,F,PR,Curitiba,Pessoa Física,2023-06-12,Digital,0,0,0,0,0,0,5,0.0,7156.49,6,13,6,5,1,0,Ativo,0,0.2,0.0
A00479,Associado 479,51,M,RJ,Rio de Janeiro,Pessoa Física,2019-07-22,Campanha,0,0,1,0,0,0,0,0.0,42098.99,7,155,3,4,1,0,Churned,1,0.25,0.0
A00480,Associado 480,54,F,SC,Joinville,Pessoa Física,2022-03-23,Agência,1,0,0,0,0,0,14,9683.5,17936.62,7,10,7,7,5,0,Ativo,1,0.71,0.0
A00481,Associado 481,43,M,PR,Curitiba,Pessoa Física,2020-12-10,Digital,1,0,0,0,0,0,24,10203.32,0.0,10,6,9,2,2,1,Ativo,1,1.0,0.5
A00482,Associado 482,43,F,PR,Londrina,Pessoa Jurídica,2024-06-03,Agência,1,0,0,0,0,0,20,30240.19,40814.65,4,99,2,10,2,1,Inativo,1,0.2,0.5
A00483,Associado 483,51,F,SC,Florianópolis,Pessoa Jurídica,2024-04-22,Digital,1,1,0,0,0,0,53,14525.05,0.0,6,8,10,7,5,1,Ativo,2,0.71,0.2
A00484,Associado 484,38,F,PR,Londrina,Pessoa Física,2018-11-05,Indicação,1,1,0,0,0,0,35,12955.62,0.0,8,0,8,5,2,1,Ativo,2,0.4,0.5
A00485,Associado 485,66,F,PR,Curitiba,Pessoa Física,2023-11-09,Indicação,1,0,0,0,0,0,16,8948.07,55945.97,7,15,3,8,3,1,Ativo,1,0.38,0.33
A00486,Associado 486,60,M,MG,Belo Horizonte,Pessoa Jurídica,2024-01-06,Indicação,1,0,0,0,0,1,47,3581.75,0.0,7,8,4,3,0,0,Ativo,2,0.0,0.0
A00487,Associado 487,59,F,RS,Porto Alegre,Pessoa Física,2019-04-07,Campanha,1,1,0,0,0,0,10,1690.45,0.0,7,102,3,4,2,0,Inativo,2,0.5,0.0
A00488,Associado 488,56,F,RS,Caxias do Sul,Agro,2019-09-27,Agência,1,1,1,0,0,1,46,6476.44,15813.87,10,3,7,6,2,0,Ativo,4,0.33,0.0
A00489,Associado 489,28,F,RJ,Rio de Janeiro,Pessoa Jurídica,2019-09-29,Digital,1,1,1,0,0,0,37,1933.51,0.0,8,12,13,6,3,0,Ativo,3,0.5,0.0
A00490,Associado 490,31,M,MG,Belo Horizonte,Pessoa Física,2019-10-08,Indicação,1,1,1,0,0,0,32,2584.75,47985.28,10,5,12,2,1,0,Ativo,3,0.5,0.0
A00491,Associado 491,50,M,SC,Joinville,Pessoa Física,2019-06-02,Digital,1,0,0,0,0,0,15,8298.52,15152.46,10,52,6,6,1,0,Ativo,1,0.17,0.0
A00492,Associado 492,47,M,PR,Curitiba,Pessoa Física,2023-04-03,Agência,1,0,0,0,0,0,2,3751.65,7584.17,7,98,0,3,1,0,Inativo,1,0.33,0.0
A00493,Associado 493,39,F,RS,Caxias do Sul,Pessoa Física,2021-10-28,Digital,1,1,0,0,0,0,35,1795.97,18972.52,8,15,15,6,6,0,Ativo,2,1.0,0.0
A00494,Associado 494,39,M,RS,Porto Alegre,Pessoa Física,2018-07-09,Digital,1,1,1,0,1,0,30,2902.36,9730.23,7,4,12,5,4,0,Ativo,4,0.8,0.0
A00495,Associado 495,25,M,SC,Joinville,Pessoa Jurídica,2018-03-20,Digital,0,0,0,0,0,0,20,0.0,13461.21,7,37,9,7,4,1,Ativo,0,0.57,0.25
A00496,Associado 496,26,M,SC,Florianópolis,Pessoa Física,2022-04-20,Indicação,1,1,1,0,0,0,1,6355.76,0.0,8,169,1,3,1,0,Churned,3,0.33,0.0
A00497,Associado 497,31,F,PR,Curitiba,Pessoa Física,2020-03-26,Digital,1,1,0,0,1,0,38,3360.04,1246.14,10,3,18,4,4,0,Ativo,3,1.0,0.0
A00498,Associado 498,39,M,RS,Porto Alegre,Pessoa Física,2023-03-21,Agência,0,1,0,0,0,1,0,0.0,0.0,6,222,1,7,1,0,Churned,2,0.14,0.0
A00499,Associado 499,49,F,RJ,Rio de Janeiro,Pessoa Física,2018-03-13,Agência,0,0,0,0,0,0,4,0.0,0.0,8,25,3,6,2,0,Ativo,0,0.33,0.0
A00500,Associado 500,41,M,RJ,Rio de Janeiro,Pessoa Física,2023-09-22,Campanha,0,0,0,0,0,0,0,0.0,0.0,6,203,0,7,1,0,Churned,0,0.14,0.0
A00501,Associado 501,43,M,PR,Curitiba,Pessoa Física,2020-03-13,Campanha,1,1,1,0,0,0,45,2273.51,10365.72,10,2,6,5,3,1,Ativo,3,0.6,0.33
A00502,Associado 502,52,F,SC,Joinville,Pessoa Física,2021-02-03,Indicação,1,1,1,0,1,0,9,2430.63,2207.6,10,145,4,4,2,0,Inativo,4,0.5,0.0
A00503,Associado 503,27,F,RS,Caxias do Sul,Pessoa Jurídica,2022-08-22,Digital,1,1,1,0,0,0,71,3144.88,12060.35,8,7,24,6,5,0,Ativo,3,0.83,0.0
A00504,Associado 504,47,F,SP,São Paulo,Pessoa Física,2024-08-01,Campanha,1,1,1,0,0,0,14,2550.55,22883.1,8,156,6,3,2,0,Inativo,3,0.67,0.0
A00505,Associado 505,28,M,PR,Londrina,Pessoa Jurídica,2023-08-18,Indicação,1,1,1,1,0,0,63,28325.67,14016.95,6,23,21,8,6,1,Ativo,4,0.75,0.17
A00506,Associado 506,36,F,RS,Porto Alegre,Pessoa Física,2022-12-03,Indicação,1,0,0,0,0,0,14,4522.85,0.0,8,16,3,9,3,2,Ativo,1,0.33,0.67
A00507,Associado 507,54,F,MG,Belo Horizonte,Pessoa Física,2024-10-20,Indicação,1,0,0,0,0,0,19,10874.6,0.0,10,6,6,4,2,1,Ativo,1,0.5,0.5
A00508,Associado 508,28,M,SP,São Paulo,Pessoa Física,2023-10-29,Digital,1,0,0,0,0,0,2,7168.8,0.0,5,239,0,11,3,1,Churned,1,0.27,0.33
A00509,Associado 509,42,F,MG,Belo Horizonte,Pessoa Jurídica,2019-11-20,Digital,1,1,1,0,0,0,55,48270.66,5345.35,6,1,15,10,7,3,Ativo,3,0.7,0.43
A00510,Associado 510,58,F,SP,São Paulo,Pessoa Física,2019-07-30,Agência,1,0,0,0,1,0,14,5328.15,78186.84,10,7,5,10,4,0,Ativo,2,0.4,0.0
A00511,Associado 511,43,M,PR,Curitiba,Pessoa Física,2020-06-18,Agência,1,0,0,0,1,0,2,3383.29,0.0,6,106,2,6,2,0,Inativo,2,0.33,0.0
A00512,Associado 512,40,M,SC,Florianópolis,Pessoa Física,2024-05-24,Indicação,1,0,0,0,0,0,5,2200.7,0.0,8,130,0,9,1,0,Inativo,1,0.11,0.0
A00513,Associado 513,61,M,MG,Belo Horizonte,Pessoa Física,2021-02-10,Campanha,1,1,1,0,1,0,20,680.65,22299.45,10,19,6,2,1,0,Ativo,4,0.5,0.0
A00514,Associado 514,35,F,MG,Belo Horizonte,Pessoa Física,2023-03-21,Indicação,1,1,1,1,0,0,36,3175.02,0.0,10,33,12,4,3,0,Ativo,4,0.75,0.0
A00515,Associado 515,34,M,RS,Caxias do Sul,Pessoa Jurídica,2019-12-21,Digital,1,0,1,0,0,0,14,4212.66,15195.2,5,152,1,4,0,0,Inativo,2,0.0,0.0
A00516,Associado 516,47,F,RS,Porto Alegre,Pessoa Física,2018-08-14,Agência,1,1,0,0,0,0,14,2440.82,15627.01,10,13,2,7,1,0,Ativo,2,0.14,0.0
A00517,Associado 517,37,M,SC,Florianópolis,Pessoa Jurídica,2021-09-18,Agência,1,1,1,0,0,0,36,1196.84,23840.67,8,2,8,4,0,0,Ativo,3,0.0,0.0
A00518,Associado 518,30,M,SP,São Paulo,Pessoa Física,2021-12-11,Digital,1,0,1,0,0,0,6,4033.82,4774.72,10,73,5,2,0,0,Inativo,2,0.0,0.0
A00519,Associado 519,42,M,RJ,Rio de Janeiro,Pessoa Jurídica,2024-05-14,Digital,1,1,0,0,0,0,47,8252.11,6431.12,10,11,13,6,5,0,Ativo,2,0.83,0.0
A00520,Associado 520,32,F,RS,Caxias do Sul,Pessoa Jurídica,2019-06-29,Digital,1,1,0,0,0,0,25,3605.67,0.0,10,14,4,6,0,0,Ativo,2,0.0,0.0
A00521,Associado 521,45,F,PR,Londrina,Pessoa Física,2024-11-30,Agência,1,0,0,0,0,0,1,2776.47,3137.27,8,183,1,8,5,0,Churned,1,0.62,0.0
A00522,Associado 522,35,F,SC,Florianópolis,Pessoa Jurídica,2023-07-11,Campanha,1,0,0,0,0,0,5,16812.61,0.0,6,216,0,3,0,0,Churned,1,0.0,0.0
A00523,Associado 523,44,F,RJ,Rio de Janeiro,Agro,2019-02-23,Digital,0,1,0,0,0,0,24,0.0,8645.45,6,5,11,5,2,0,Ativo,1,0.4,0.0
A00524,Associado 524,44,F,SP,São Paulo,Pessoa Física,2020-11-17,Indicação,0,0,0,0,0,0,1,0.0,6762.13,3,218,0,11,0,0,Churned,0,0.0,0.0
A00525,Associado 525,36,M,SP,São Paulo,Pessoa Física,2019-09-01,Digital,1,1,0,0,0,1,32,2083.15,13859.18,10,4,7,4,1,1,Ativo,3,0.25,1.0
A00526,Associado 526,63,M,SC,Joinville,Pessoa Jurídica,2018-03-28,Agência,1,0,0,0,0,1,23,14109.94,0.0,8,0,2,3,0,0,Ativo,2,0.0,0.0
A00527,Associado 527,46,M,SC,Joinville,Pessoa Física,2023-12-08,Indicação,1,0,0,0,0,0,10,2534.98,3834.34,4,136,4,6,2,0,Inativo,1,0.33,0.0
A00528,Associado 528,37,M,RS,Caxias do Sul,Pessoa Física,2019-12-14,Indicação,1,1,0,0,0,0,32,2090.17,6208.8,10,25,11,4,3,2,Ativo,2,0.75,0.67
A00529,Associado 529,35,F,RS,Caxias do Sul,Agro,2024-09-05,Digital,1,0,0,1,0,1,41,3361.54,875.48,10,5,16,10,3,0,Ativo,3,0.3,0.0
A00530,Associado 530,37,F,MG,Belo Horizonte,Pessoa Física,2024-07-28,Digital,1,1,0,0,0,0,17,5861.92,0.0,10,22,7,8,4,1,Ativo,2,0.5,0.25
A00531,Associado 531,42,F,SP,São Paulo,Pessoa Jurídica,2023-08-25,Agência,1,1,0,0,0,1,47,13563.51,11387.35,8,11,5,7,2,0,Ativo,3,0.29,0.0
A00532,Associado 532,25,M,RJ,Rio de Janeiro,Pessoa Jurídica,2024-06-10,Indicação,1,1,0,0,0,0,16,31012.0,0.0,8,138,1,5,2,1,Inativo,2,0.4,0.5
A00533,Associado 533,47,M,RJ,Rio de Janeiro,Agro,2021-07-01,Campanha,1,0,0,0,0,1,16,8336.45,0.0,9,14,3,5,2,1,Ativo,2,0.4,0.5
A00534,Associado 534,44,F,PR,Londrina,Pessoa Física,2025-04-24,Agência,1,0,0,0,0,0,16,8181.3,0.0,10,1,4,4,1,0,Ativo,1,0.25,0.0
A00535,Associado 535,70,M,SP,São Paulo,Pessoa Física,2019-06-04,Agência,1,1,0,0,0,0,29,887.24,14688.7,7,8,10,7,1,0,Ativo,2,0.14,0.0
A00536,Associado 536,66,M,MG,Belo Horizonte,Pessoa Física,2023-05-29,Campanha,1,1,0,0,0,0,31,2603.97,31013.29,9,15,6,7,1,0,Ativo,2,0.14,0.0
A00537,Associado 537,56,F,SP,São Paulo,Pessoa Física,2025-05-11,Agência,1,0,1,0,0,1,25,2080.52,22838.17,10,10,9,5,1,0,Ativo,3,0.2,0.0
A00538,Associado 538,39,M,RS,Caxias do Sul,Pessoa Física,2019-01-22,Indicação,1,0,0,0,0,0,13,1281.14,8542.59,8,43,4,4,1,1,Ativo,1,0.25,1.0
A00539,Associado 539,24,F,SC,Joinville,Pessoa Física,2018-01-14,Digital,0,0,0,0,0,0,5,0.0,0.0,6,3,5,11,2,1,Ativo,0,0.18,0.5
A00540,Associado 540,29,M,RS,Porto Alegre,Pessoa Física,2018-04-01,Digital,1,1,0,0,0,0,36,1789.21,6065.35,9,26,14,4,3,0,Ativo,2,0.75,0.0
A00541,Associado 541,32,F,RJ,Rio de Janeiro,Pessoa Física,2018-01-04,Digital,1,1,1,0,0,0,26,2783.66,2947.98,9,1,8,8,3,0,Ativo,3,0.38,0.0
A00542,Associado 542,27,M,PR,Curitiba,Pessoa Jurídica,2020-03-06,Agência,1,0,0,0,0,0,24,10165.5,0.0,7,6,2,5,2,1,Ativo,1,0.4,0.5
A00543,Associado 543,59,F,RS,Caxias do Sul,Pessoa Jurídica,2018-08-04,Agência,0,1,0,0,0,0,5,0.0,23489.42,7,125,4,3,2,0,Inativo,1,0.67,0.0
A00544,Associado 544,47,F,PR,Curitiba,Pessoa Jurídica,2021-03-28,Indicação,1,1,0,0,1,0,121,8732.21,23201.68,7,2,13,8,3,1,Ativo,3,0.38,0.33
A00545,Associado 545,45,M,PR,Curitiba,Agro,2022-05-22,Indicação,1,1,1,1,0,1,40,8007.8,9139.36,10,6,8,5,2,1,Ativo,5,0.4,0.5
A00546,Associado 546,39,M,SC,Florianópolis,Pessoa Física,2022-10-24,Indicação,1,0,0,0,0,0,2,1138.58,4202.85,8,106,0,7,0,0,Churned,1,0.0,0.0
A00547,Associado 547,38,F,RS,Porto Alegre,Agro,2019-12-05,Digital,0,1,0,0,1,1,22,0.0,28781.93,6,15,10,3,2,0,Ativo,3,0.67,0.0
A00548,Associado 548,50,F,PR,Curitiba,Agro,2020-01-01,Agência,1,1,0,1,0,1,34,5453.59,5011.13,9,2,2,6,0,0,Ativo,4,0.0,0.0
A00549,Associado 549,25,F,SC,Joinville,Pessoa Física,2023-08-27,Agência,1,1,0,1,0,0,45,3055.45,2948.82,8,13,21,5,3,0,Ativo,3,0.6,0.0
A00550,Associado 550,55,F,SP,São Paulo,Pessoa Física,2024-12-17,Indicação,1,0,0,0,0,0,4,5275.23,0.0,6,132,0,4,0,0,Inativo,1,0.0,0.0
A00551,Associado 551,42,F,SC,Florianópolis,Pessoa Física,2022-07-01,Digital,1,1,0,0,0,0,51,350.3,3152.26,9,31,21,8,7,1,Ativo,2,0.88,0.14
A00552,Associado 552,41,M,MG,Belo Horizonte,Pessoa Física,2022-01-29,Digital,0,0,0,0,0,0,0,0.0,9805.49,7,263,0,3,0,0,Churned,0,0.0,0.0
A00553,Associado 553,68,M,PR,Curitiba,Pessoa Física,2024-10-27,Agência,1,1,0,1,1,0,31,3061.64,8748.79,10,9,1,5,2,0,Ativo,4,0.4,0.0
A00554,Associado 554,36,M,PR,Curitiba,Pessoa Física,2022-10-29,Agência,1,0,1,0,1,0,1,12288.2,1136.14,6,254,1,7,5,1,Churned,3,0.71,0.2
A00555,Associado 555,22,M,MG,Belo Horizonte,Pessoa Jurídica,2021-01-09,Digital,1,1,0,0,0,0,26,7345.45,0.0,6,141,7,8,4,2,Inativo,2,0.5,0.5
A00556,Associado 556,60,M,SC,Joinville,Pessoa Física,2025-09-27,Indicação,1,1,1,0,0,0,41,4338.91,3241.11,9,3,6,6,3,0,Ativo,3,0.5,0.0
A00557,Associado 557,68,F,RS,Porto Alegre,Pessoa Física,2024-01-23,Campanha,0,0,0,0,0,0,0,0.0,9082.89,6,272,0,5,0,0,Churned,0,0.0,0.0
A00558,Associado 558,28,M,RS,Caxias do Sul,Agro,2024-08-01,Campanha,1,1,0,0,0,1,30,3932.56,6205.36,10,3,10,4,2,0,Ativo,3,0.5,0.0
A00559,Associado 559,35,M,SP,São Paulo,Pessoa Física,2024-03-31,Campanha,1,1,0,0,1,0,4,2478.22,0.0,10,267,0,5,3,0,Churned,3,0.6,0.0
A00560,Associado 560,35,F,PR,Londrina,Agro,2024-02-01,Campanha,1,1,0,0,0,0,34,11000.49,45933.78,7,8,5,6,3,2,Ativo,2,0.5,0.67
A00561,Associado 561,30,F,SP,São Paulo,Pessoa Física,2022-08-23,Digital,1,0,0,0,0,0,17,2640.17,4169.9,8,6,7,5,1,0,Ativo,1,0.2,0.0
A00562,Associado 562,66,M,RS,Caxias do Sul,Agro,2021-10-18,Agência,1,0,1,0,1,1,18,9985.02,0.0,9,9,3,5,2,0,Ativo,4,0.4,0.0
A00563,Associado 563,33,M,RS,Caxias do Sul,Pessoa Física,2019-11-28,Indicação,1,0,0,0,0,0,18,927.18,0.0,5,44,4,6,1,1,Ativo,1,0.17,1.0
A00564,Associado 564,63,F,RS,Porto Alegre,Pessoa Física,2021-04-12,Agência,1,0,0,0,0,0,10,1212.62,8928.33,7,133,1,5,0,0,Inativo,1,0.0,0.0
A00565,Associado 565,37,M,SC,Florianópolis,Pessoa Física,2024-04-04,Agência,1,1,0,0,0,0,39,2089.13,4684.2,10,6,7,7,2,0,Ativo,2,0.29,0.0
A00566,Associado 566,50,F,PR,Curitiba,Pessoa Jurídica,2020-09-14,Agência,1,1,1,0,0,0,2,18244.82,21968.04,6,257,0,8,3,1,Churned,3,0.38,0.33
A00567,Associado 567,27,M,SC,Florianópolis,Agro,2020-10-10,Digital,0,0,0,0,0,1,18,0.0,1194.4,8,10,16,10,8,1,Ativo,1,0.8,0.12
A00568,Associado 568,39,M,SC,Florianópolis,Pessoa Física,2021-06-15,Digital,0,0,1,0,1,0,18,0.0,6197.14,6,2,11,5,3,0,Ativo,2,0.6,0.0
A00569,Associado 569,45,M,MG,Belo Horizonte,Agro,2022-06-30,Agência,0,1,0,0,1,1,17,0.0,15593.4,10,49,9,7,5,1,Ativo,3,0.71,0.2
A00570,Associado 570,26,M,RS,Caxias do Sul,Pessoa Física,2019-09-22,Digital,0,0,0,0,0,1,22,0.0,5759.69,9,4,11,7,5,0,Ativo,1,0.71,0.0
A00571,Associado 571,51,F,SC,Joinville,Pessoa Jurídica,2021-06-09,Campanha,0,0,0,0,0,1,15,0.0,0.0,9,7,4,8,2,0,Ativo,1,0.25,0.0
A00572,Associado 572,29,F,SP,São Paulo,Pessoa Jurídica,2019-08-11,Digital,1,1,0,0,0,0,31,5205.95,0.0,8,0,12,7,2,1,Ativo,2,0.29,0.5
A00573,Associado 573,35,M,SC,Florianópolis,Pessoa Física,2022-03-21,Campanha,1,1,0,0,0,0,10,3594.56,2947.03,7,114,1,5,2,0,Inativo,2,0.4,0.0
A00574,Associado 574,51,M,PR,Curitiba,Pessoa Física,2020-03-04,Agência,1,1,0,0,0,0,30,1937.52,17159.7,10,17,5,4,1,0,Ativo,2,0.25,0.0
A00575,Associado 575,62,M,MG,Belo Horizonte,Agro,2021-06-13,Agência,1,1,0,0,1,1,7,2820.17,4840.54,7,95,2,7,2,0,Inativo,4,0.29,0.0
A00576,Associado 576,36,M,MG,Belo Horizonte,Agro,2022-04-17,Digital,0,1,0,1,1,0,30,0.0,33191.58,10,2,31,6,5,1,Ativo,3,0.83,0.2
A00577,Associado 577,30,F,RS,Caxias do Sul,Agro,2024-09-20,Digital,1,1,0,0,0,0,45,1950.1,0.0,8,6,17,4,2,0,Ativo,2,0.5,0.0
A00578,Associado 578,55,F,MG,Belo Horizonte,Agro,2024-02-03,Indicação,1,0,0,0,1,1,7,12609.72,1269.11,10,133,1,7,3,1,Inativo,3,0.43,0.33
A00579,Associado 579,56,M,SC,Joinville,Pessoa Física,2023-07-14,Indicação,1,1,1,1,0,0,7,3411.61,21030.62,9,213,0,5,2,0,Churned,4,0.4,0.0
A00580,Associado 580,35,F,RS,Porto Alegre,Pessoa Jurídica,2018-04-29,Indicação,0,1,0,0,0,0,20,0.0,0.0,7,3,8,4,3,0,Ativo,1,0.75,0.0
A00581,Associado 581,37,F,SC,Florianópolis,Pessoa Física,2021-04-28,Campanha,1,1,1,0,0,0,35,1289.63,0.0,8,7,15,4,2,0,Ativo,3,0.5,0.0
A00582,Associado 582,43,M,RJ,Rio de Janeiro,Agro,2019-09-06,Digital,1,0,0,0,0,1,24,5326.78,0.0,8,13,13,3,1,0,Ativo,2,0.33,0.0
A00583,Associado 583,69,M,SC,Florianópolis,Pessoa Física,2024-08-09,Agência,1,0,0,1,0,0,13,2423.77,45645.7,7,21,7,5,1,0,Ativo,2,0.2,0.0
A00584,Associado 584,32,M,RS,Porto Alegre,Pessoa Física,2019-05-01,Digital,1,1,1,1,0,0,40,13531.27,444.67,10,20,18,7,5,2,Ativo,4,0.71,0.4
A00585,Associado 585,52,F,PR,Londrina,Pessoa Física,2023-06-20,Agência,0,0,0,0,0,0,11,0.0,0.0,8,0,5,7,3,0,Ativo,0,0.43,0.0
A00586,Associado 586,50,F,RS,Porto Alegre,Pessoa Física,2021-01-07,Agência,1,0,1,0,0,0,19,8212.19,13329.01,8,9,6,4,3,0,Ativo,2,0.75,0.0
A00587,Associado 587,30,F,RS,Porto Alegre,Pessoa Física,2018-11-18,Agência,1,1,0,0,0,0,20,9248.17,8457.42,9,1,6,8,4,0,Ativo,2,0.5,0.0
A00588,Associado 588,28,F,RS,Caxias do Sul,Agro,2018-05-19,Digital,1,1,0,0,0,1,22,11977.05,3163.42,5,13,7,5,1,0,Ativo,3,0.2,0.0
A00589,Associado 589,52,M,RS,Caxias do Sul,Pessoa Jurídica,2021-07-13,Agência,1,1,0,0,0,1,9,15154.65,0.0,10,83,2,7,0,0,Inativo,3,0.0,0.0
A00590,Associado 590,55,M,RS,Caxias do Sul,Pessoa Física,2024-07-08,Agência,0,0,0,0,0,1,18,0.0,0.0,8,14,6,5,2,0,Ativo,1,0.4,0.0
A00591,Associado 591,25,M,RS,Caxias do Sul,Pessoa Jurídica,2018-08-12,Indicação,1,0,0,0,0,0,58,13549.68,0.0,3,24,16,9,4,1,Ativo,1,0.44,0.25
A00592,Associado 592,34,F,PR,Londrina,Pessoa Jurídica,2019-07-26,Digital,1,1,0,0,0,0,42,15199.9,296486.6,8,12,13,8,4,0,Ativo,2,0.5,0.0
A00593,Associado 593,42,M,RS,Porto Alegre,Pessoa Física,2025-09-24,Indicação,1,0,0,0,0,0,6,3363.68,0.0,6,66,1,7,1,1,Inativo,1,0.14,1.0
A00594,Associado 594,30,M,RS,Caxias do Sul,Pessoa Física,2022-05-03,Indicação,1,1,1,0,0,0,61,2574.93,31391.29,9,2,21,8,6,0,Ativo,3,0.75,0.0
A00595,Associado 595,35,F,MG,Belo Horizonte,Agro,2025-03-25,Agência,1,0,0,0,0,1,37,3433.12,0.0,9,14,10,3,2,0,Ativo,2,0.67,0.0
A00596,Associado 596,31,M,SC,Florianópolis,Pessoa Jurídica,2020-03-19,Agência,1,0,0,0,0,0,6,8795.9,0.0,6,287,0,13,3,0,Churned,1,0.23,0.0
A00597,Associado 597,31,F,PR,Curitiba,Pessoa Física,2020-09-13,Agência,1,0,0,0,0,0,0,7301.52,11768.88,6,184,0,5,1,0,Churned,1,0.2,0.0
A00598,Associado 598,47,F,RS,Porto Alegre,Pessoa Jurídica,2023-03-30,Indicação,1,1,0,0,0,0,10,21205.81,8888.81,8,140,0,5,1,0,Inativo,2,0.2,0.0
A00599,Associado 599,41,M,RS,Caxias do Sul,Pessoa Física,2020-10-20,Indicação,1,0,0,1,0,0,12,3240.35,24537.19,9,143,5,9,2,0,Inativo,2,0.22,0.0
A00600,Associado 600,50,M,RS,Porto Alegre,Pessoa Física,2022-03-24,Agência,0,1,1,0,1,0,42,0.0,29855.74,9,3,22,5,3,1,Ativo,3,0.6,0.33
A00601,Associado 601,21,F,RS,Caxias do Sul,Pessoa Física,2021-06-26,Digital,1,1,1,0,0,0,16,4300.91,104865.15,10,84,14,7,6,1,Inativo,3,0.86,0.17
A00602,Associado 602,44,M,RS,Porto Alegre,Pessoa Física,2022-11-15,Campanha,1,1,0,0,0,1,15,981.94,30631.3,5,0,5,8,0,0,Ativo,3,0.0,0.0
A00603,Associado 603,32,M,RS,Porto Alegre,Pessoa Jurídica,2022-08-28,Digital,1,1,0,0,0,0,67,9526.16,0.0,7,8,19,7,4,0,Ativo,2,0.57,0.0
A00604,Associado 604,43,F,RS,Caxias do Sul,Agro,2024-02-13,Indicação,1,0,0,0,0,1,25,5404.51,3643.93,10,16,3,5,1,0,Ativo,2,0.2,0.0
A00605,Associado 605,60,M,RS,Porto Alegre,Pessoa Física,2018-09-06,Agência,1,1,1,0,1,0,25,1606.96,0.0,9,7,1,5,0,0,Ativo,4,0.0,0.0
A00606,Associado 606,45,F,SC,Joinville,Pessoa Física,2022-12-23,Agência,1,0,0,0,0,0,3,1651.68,86364.8,8,203,0,8,3,0,Churned,1,0.38,0.0
A00607,Associado 607,64,F,RS,Caxias do Sul,Pessoa Jurídica,2020-10-20,Indicação,1,1,0,0,1,0,13,10234.69,10835.9,8,134,3,4,2,0,Inativo,3,0.5,0.0
A00608,Associado 608,51,F,SC,Joinville,Agro,2024-04-12,Indicação,1,0,0,0,0,1,1,4497.83,0.0,6,206,1,8,3,0,Churned,2,0.38,0.0
A00609,Associado 609,24,F,SC,Florianópolis,Pessoa Jurídica,2023-08-25,Indicação,0,0,0,0,0,0,0,0.0,0.0,8,161,0,8,1,0,Churned,0,0.12,0.0
A00610,Associado 610,31,M,PR,Londrina,Agro,2020-04-05,Digital,1,0,1,0,0,1,34,3847.29,0.0,9,6,13,8,3,0,Ativo,3,0.38,0.0
A00611,Associado 611,24,M,RS,Porto Alegre,Pessoa Física,2025-06-29,Digital,1,0,0,0,0,0,0,2377.13,0.0,6,161,1,8,2,0,Churned,1,0.25,0.0
A00612,Associado 612,59,M,SP,São Paulo,Pessoa Jurídica,2025-08-06,Indicação,1,0,0,0,0,0,27,14975.66,9609.8,10,28,2,6,2,1,Ativo,1,0.33,0.5
A00613,Associado 613,68,F,PR,Curitiba,Pessoa Física,2019-06-21,Agência,1,1,0,0,0,0,35,1742.46,83790.77,8,19,8,6,2,0,Ativo,2,0.33,0.0
A00614,Associado 614,34,M,RS,Caxias do Sul,Pessoa Física,2019-05-07,Digital,1,1,1,0,0,0,38,5862.93,5767.3,10,4,15,7,4,0,Ativo,3,0.57,0.0
A00615,Associado 615,51,F,MG,Belo Horizonte,Pessoa Física,2023-02-03,Campanha,1,1,0,0,0,0,41,1487.99,15363.71,10,16,7,7,3,1,Ativo,2,0.43,0.33
A00616,Associado 616,37,F,MG,Belo Horizonte,Pessoa Física,2024-05-28,Digital,1,1,0,0,0,0,21,2971.08,0.0,9,13,13,4,3,1,Ativo,2,0.75,0.33
A00617,Associado 617,33,M,RS,Porto Alegre,Agro,2023-12-05,Digital,1,1,1,1,0,1,33,4190.36,9896.87,7,1,10,6,1,1,Ativo,5,0.17,1.0
A00618,Associado 618,28,M,RS,Porto Alegre,Agro,2019-08-15,Indicação,1,0,0,0,0,1,22,5975.67,0.0,10,8,11,7,4,1,Ativo,2,0.57,0.25
A00619,Associado 619,46,F,SP,São Paulo,Pessoa Física,2025-06-27,Campanha,1,1,1,1,0,1,44,1842.74,25098.65,8,28,14,9,4,0,Ativo,5,0.44,0.0
A00620,Associado 620,40,F,SP,São Paulo,Pessoa Física,2025-08-23,Digital,0,0,0,0,0,0,0,0.0,37353.04,7,196,0,7,1,0,Churned,0,0.14,0.0
A00621,Associado 621,33,F,RS,Porto Alegre,Pessoa Física,2022-02-01,Digital,1,1,0,0,0,0,20,1741.76,0.0,7,5,11,8,4,0,Ativo,2,0.5,0.0
A00622,Associado 622,62,F,RS,Porto Alegre,Pessoa Física,2020-08-05,Indicação,0,0,1,0,0,0,2,0.0,30109.4,9,269,0,5,1,0,Churned,1,0.2,0.0
A00623,Associado 623,58,M,SC,Florianópolis,Pessoa Jurídica,2022-04-25,Indicação,1,1,0,0,0,0,5,14930.42,28073.11,6,118,3,7,1,1,Inativo,2,0.14,1.0
A00624,Associado 624,30,M,SC,Florianópolis,Agro,2019-11-14,Indicação,1,0,0,0,0,1,2,2705.68,0.0,9,88,3,6,1,0,Inativo,2,0.17,0.0
A00625,Associado 625,21,M,PR,Curitiba,Agro,2019-09-21,Digital,1,1,0,0,1,1,44,24430.57,7569.13,5,10,19,4,4,0,Ativo,4,1.0,0.0
A00626,Associado 626,32,F,SC,Joinville,Pessoa Jurídica,2022-09-16,Digital,1,0,0,0,1,0,23,57557.77,0.0,10,15,0,4,0,0,Ativo,2,0.0,0.0
A00627,Associado 627,29,F,SC,Florianópolis,Pessoa Jurídica,2019-08-16,Digital,1,0,0,0,0,0,64,12429.61,26497.16,8,13,19,6,2,1,Ativo,1,0.33,0.5
A00628,Associado 628,59,M,SP,São Paulo,Pessoa Física,2019-01-22,Campanha,1,0,0,0,1,0,4,2780.93,0.0,10,147,2,4,2,0,Inativo,2,0.5,0.0
A00629,Associado 629,45,M,RS,Porto Alegre,Pessoa Física,2022-05-26,Campanha,1,0,0,0,0,0,31,1798.51,6808.89,10,19,8,7,2,0,Ativo,1,0.29,0.0
A00630,Associado 630,69,M,RS,Porto Alegre,Pessoa Física,2019-10-14,Agência,1,1,0,0,1,0,21,6789.96,9823.38,10,12,8,3,1,0,Ativo,3,0.33,0.0
A00631,Associado 631,45,F,SP,São Paulo,Pessoa Física,2024-02-19,Digital,1,1,1,0,1,0,45,2893.85,29440.46,10,1,14,3,2,1,Ativo,4,0.67,0.5
A00632,Associado 632,35,F,MG,Belo Horizonte,Pessoa Jurídica,2018-04-11,Digital,1,1,1,0,0,0,54,3915.28,9225.01,7,42,16,5,5,2,Ativo,3,1.0,0.4
A00633,Associado 633,43,F,SC,Joinville,Pessoa Física,2020-12-29,Campanha,1,1,0,0,0,0,21,3297.44,0.0,8,11,5,10,2,0,Ativo,2,0.2,0.0
A00634,Associado 634,55,M,SC,Joinville,Pessoa Física,2021-04-12,Indicação,1,1,1,0,1,0,52,9431.23,3309.35,7,9,17,6,5,2,Ativo,4,0.83,0.4
A00635,Associado 635,48,M,RS,Porto Alegre,Pessoa Física,2024-10-27,Digital,0,0,0,0,0,0,13,0.0,0.0,6,5,3,8,1,0,Ativo,0,0.12,0.0
A00636,Associado 636,30,M,SC,Florianópolis,Agro,2019-03-09,Agência,1,1,0,0,0,0,25,3271.73,9165.33,10,26,9,8,2,0,Ativo,2,0.25,0.0
A00637,Associado 637,40,M,SC,Florianópolis,Pessoa Física,2021-05-23,Digital,1,1,0,0,0,0,25,405.86,0.0,6,3,16,5,1,0,Ativo,2,0.2,0.0
A00638,Associado 638,28,M,RS,Porto Alegre,Pessoa Jurídica,2019-06-21,Agência,0,0,0,0,0,1,2,0.0,0.0,10,99,2,5,1,0,Inativo,1,0.2,0.0
A00639,Associado 639,50,M,RS,Porto Alegre,Pessoa Jurídica,2019-08-24,Indicação,1,1,1,1,1,0,80,8617.71,0.0,10,15,11,1,1,0,Ativo,5,1.0,0.0
A00640,Associado 640,42,F,SC,Joinville,Pessoa Física,2022-07-25,Indicação,1,0,1,0,0,0,23,18049.25,82009.34,7,8,7,4,0,0,Ativo,2,0.0,0.0
A00641,Associado 641,26,M,RS,Caxias do Sul,Pessoa Física,2025-07-18,Digital,1,1,0,0,0,0,24,1786.65,5233.35,7,9,15,9,6,2,Ativo,2,0.67,0.33
A00642,Associado 642,22,M,RS,Porto Alegre,Agro,2018-11-15,Digital,1,0,0,0,0,0,32,13658.59,3169.32,4,8,8,5,3,1,Ativo,1,0.6,0.33
A00643,Associado 643,62,F,RS,Porto Alegre,Pessoa Física,2024-03-22,Campanha,1,1,0,0,1,0,34,546.64,0.0,9,13,7,6,1,0,Ativo,3,0.17,0.0
A00644,Associado 644,44,F,RS,Caxias do Sul,Agro,2024-09-01,Agência,1,1,0,0,0,1,32,3708.3,17951.53,10,29,7,7,5,3,Ativo,3,0.71,0.6
A00645,Associado 645,55,F,RS,Porto Alegre,Pessoa Física,2020-04-25,Agência,0,0,0,0,0,0,2,0.0,7883.07,5,131,0,12,3,0,Churned,0,0.25,0.0
A00646,Associado 646,58,F,MG,Belo Horizonte,Pessoa Física,2023-02-06,Campanha,1,0,0,0,1,0,14,4657.15,11924.89,8,15,2,5,1,0,Ativo,2,0.2,0.0
A00647,Associado 647,32,F,PR,Curitiba,Agro,2022-03-08,Indicação,1,1,0,0,0,1,45,9937.84,6304.6,7,14,9,3,2,1,Ativo,3,0.67,0.5
A00648,Associado 648,57,F,PR,Curitiba,Pessoa Jurídica,2018-03-12,Indicação,1,1,0,0,1,0,81,44101.09,46022.66,6,4,8,8,4,1,Ativo,3,0.5,0.25
A00649,Associado 649,29,M,SP,São Paulo,Agro,2021-02-26,Agência,1,0,0,1,0,1,35,2298.49,0.0,10,16,3,6,1,0,Ativo,3,0.17,0.0
A00650,Associado 650,30,M,SC,Joinville,Pessoa Jurídica,2019-03-20,Agência,0,0,0,0,0,0,1,0.0,0.0,6,261,1,3,2,2,Churned,0,0.67,1.0
A00651,Associado 651,70,M,RS,Caxias do Sul,Agro,2019-08-22,Agência,1,1,0,0,1,1,41,6764.57,26596.68,10,24,6,4,2,0,Ativo,4,0.5,0.0
A00652,Associado 652,59,M,SC,Florianópolis,Pessoa Jurídica,2019-01-22,Agência,1,1,0,0,0,0,45,9445.28,10477.59,10,1,7,2,1,0,Ativo,2,0.5,0.0
A00653,Associado 653,71,F,PR,Londrina,Pessoa Jurídica,2023-08-28,Indicação,1,1,0,0,1,0,65,3898.24,13085.61,7,0,8,7,2,0,Ativo,3,0.29,0.0
A00654,Associado 654,42,F,SP,São Paulo,Pessoa Física,2022-04-28,Agência,1,1,0,0,0,0,18,4701.76,1339.2,9,4,4,6,1,0,Ativo,2,0.17,0.0
A00655,Associado 655,47,M,SC,Florianópolis,Pessoa Física,2021-01-04,Indicação,0,0,0,1,0,0,2,0.0,7483.32,7,84,1,10,1,0,Inativo,1,0.1,0.0
A00656,Associado 656,52,F,RS,Porto Alegre,Agro,2023-02-13,Agência,1,1,0,1,1,1,56,9497.27,8883.79,8,22,10,4,1,0,Ativo,5,0.25,0.0
A00657,Associado 657,31,F,RS,Porto Alegre,Pessoa Física,2019-07-07,Digital,0,0,0,1,0,0,1,0.0,0.0,6,180,0,8,3,1,Churned,1,0.38,0.33
A00658,Associado 658,37,M,SC,Florianópolis,Pessoa Física,2023-07-05,Campanha,0,0,0,0,0,0,1,0.0,0.0,5,357,1,8,1,0,Churned,0,0.12,0.0
A00659,Associado 659,35,M,PR,Londrina,Pessoa Física,2021-10-20,Agência,1,0,0,0,0,0,2,2130.38,0.0,6,209,1,4,1,0,Churned,1,0.25,0.0
A00660,Associado 660,52,M,PR,Londrina,Pessoa Física,2018-10-07,Digital,1,1,0,0,0,0,42,893.81,0.0,10,12,15,8,1,0,Ativo,2,0.12,0.0
A00661,Associado 661,56,M,SC,Florianópolis,Pessoa Física,2020-02-10,Digital,1,1,1,1,1,0,72,2293.1,0.0,9,8,21,6,4,0,Ativo,5,0.67,0.0
A00662,Associado 662,33,M,RJ,Rio de Janeiro,Pessoa Física,2022-01-06,Agência,1,1,0,0,0,0,19,1817.92,0.0,8,12,5,10,3,0,Ativo,2,0.3,0.0
A00663,Associado 663,35,M,PR,Curitiba,Agro,2020-08-11,Digital,1,1,0,0,0,1,27,4976.45,0.0,8,21,15,9,3,0,Ativo,3,0.33,0.0
A00664,Associado 664,32,M,RS,Porto Alegre,Pessoa Física,2018-11-25,Digital,0,1,0,0,0,0,13,0.0,6565.73,6,3,19,2,2,0,Ativo,1,1.0,0.0
A00665,Associado 665,57,M,RS,Caxias do Sul,Pessoa Física,2022-04-09,Indicação,1,1,0,0,0,0,3,4172.11,5399.2,5,240,0,8,4,2,Churned,2,0.5,0.5
A00666,Associado 666,41,F,RS,Caxias do Sul,Pessoa Física,2024-12-30,Indicação,1,1,0,0,0,0,18,6057.77,0.0,6,40,3,9,2,0,Ativo,2,0.22,0.0
A00667,Associado 667,30,M,RS,Porto Alegre,Pessoa Física,2024-11-02,Digital,1,1,0,0,0,0,37,3364.93,0.0,8,15,28,5,4,1,Ativo,2,0.8,0.25
A00668,Associado 668,51,F,RS,Porto Alegre,Pessoa Física,2024-09-06,Agência,1,0,0,0,0,0,10,7520.11,6001.12,8,93,2,3,2,0,Inativo,1,0.67,0.0
A00669,Associado 669,21,M,RS,Caxias do Sul,Pessoa Jurídica,2018-04-19,Digital,1,1,0,0,0,0,76,8543.3,1699.8,9,16,19,9,6,0,Ativo,2,0.67,0.0
A00670,Associado 670,38,F,RS,Porto Alegre,Pessoa Física,2018-12-25,Agência,1,0,0,0,0,0,26,2417.56,2244.14,7,14,11,5,3,0,Ativo,1,0.6,0.0
A00671,Associado 671,38,M,RS,Porto Alegre,Agro,2020-08-13,Digital,1,0,0,0,0,1,16,34572.19,5379.94,5,3,8,6,1,0,Ativo,2,0.17,0.0
A00672,Associado 672,43,M,MG,Belo Horizonte,Pessoa Física,2018-11-14,Indicação,1,1,0,0,0,0,28,5050.42,8145.83,9,6,10,3,1,1,Ativo,2,0.33,1.0
A00673,Associado 673,67,M,RS,Caxias do Sul,Pessoa Física,2018-12-07,Agência,1,1,0,0,0,0,28,627.0,0.0,9,8,2,3,0,0,Ativo,2,0.0,0.0
A00674,Associado 674,29,M,SC,Florianópolis,Pessoa Física,2021-09-02,Indicação,1,1,0,0,0,0,17,1817.75,2823.17,6,83,3,8,1,0,Inativo,2,0.12,0.0
A00675,Associado 675,62,M,SC,Florianópolis,Pessoa Física,2018-12-15,Campanha,1,1,1,0,0,0,31,4099.12,30568.69,10,25,8,4,0,0,Ativo,3,0.0,0.0
A00676,Associado 676,55,F,RJ,Rio de Janeiro,Pessoa Jurídica,2023-09-06,Indicação,1,1,1,0,0,0,54,26726.24,20206.28,9,1,5,9,3,1,Ativo,3,0.33,0.33
A00677,Associado 677,23,M,RS,Caxias do Sul,Agro,2019-09-30,Digital,1,1,0,1,0,0,48,2833.61,0.0,10,5,15,9,7,3,Ativo,3,0.78,0.43
A00678,Associado 678,52,M,SC,Joinville,Pessoa Jurídica,2019-02-05,Digital,1,1,0,1,0,0,65,12110.35,30027.85,10,1,14,4,2,0,Ativo,3,0.5,0.0
A00679,Associado 679,63,M,RJ,Rio de Janeiro,Pessoa Física,2024-06-21,Campanha,1,1,0,0,0,0,13,2553.64,0.0,7,0,3,12,4,0,Ativo,2,0.33,0.0
A00680,Associado 680,25,F,MG,Belo Horizonte,Pessoa Física,2022-05-02,Digital,1,1,1,0,1,1,36,1424.34,8086.85,9,1,24,6,3,1,Ativo,5,0.5,0.33
A00681,Associado 681,30,F,SP,São Paulo,Pessoa Física,2019-01-03,Indicação,0,0,0,0,0,0,12,0.0,6298.72,9,4,7,11,3,1,Ativo,0,0.27,0.33
A00682,Associado 682,32,F,RS,Porto Alegre,Agro,2024-07-18,Agência,0,1,0,0,0,1,15,0.0,0.0,9,2,7,1,1,0,Ativo,2,1.0,0.0
A00683,Associado 683,50,F,RS,Caxias do Sul,Pessoa Física,2025-07-03,Agência,1,1,1,0,1,0,27,3344.88,0.0,10,8,3,10,2,0,Ativo,4,0.2,0.0
A00684,Associado 684,26,F,PR,Curitiba,Pessoa Jurídica,2021-10-20,Indicação,1,0,1,0,0,0,68,2026.0,0.0,9,0,10,10,2,1,Ativo,2,0.2,0.5
A00685,Associado 685,53,F,MG,Belo Horizonte,Pessoa Física,2020-06-22,Indicação,1,1,1,0,1,0,39,6755.32,0.0,8,1,9,6,1,1,Ativo,4,0.17,1.0
A00686,Associado 686,20,M,PR,Curitiba,Pessoa Física,2021-01-01,Indicação,1,1,1,0,0,0,32,3772.49,1498.11,10,1,10,6,1,0,Ativo,3,0.17,0.0
A00687,Associado 687,60,M,PR,Curitiba,Pessoa Física,2018-07-05,Campanha,0,0,0,0,0,0,6,0.0,0.0,8,18,3,8,2,1,Ativo,0,0.25,0.5
A00688,Associado 688,42,M,RS,Caxias do Sul,Pessoa Física,2024-06-24,Agência,1,1,1,0,0,0,34,1996.42,11253.19,10,1,5,9,3,2,Ativo,3,0.33,0.67
A00689,Associado 689,48,F,SP,São Paulo,Pessoa Jurídica,2019-08-17,Agência,0,0,0,0,0,1,2,0.0,7492.78,9,51,2,7,4,0,Inativo,1,0.57,0.0
A00690,Associado 690,37,M,RS,Porto Alegre,Pessoa Física,2022-04-15,Campanha,1,1,1,0,0,0,20,1325.72,0.0,8,37,9,5,4,0,Ativo,3,0.8,0.0
A00691,Associado 691,23,M,RS,Porto Alegre,Pessoa Jurídica,2020-03-03,Agência,1,1,0,0,0,0,12,26682.03,0.0,7,112,1,3,1,0,Inativo,2,0.33,0.0
A00692,Associado 692,61,F,SC,Florianópolis,Pessoa Física,2024-07-28,Indicação,1,1,1,1,1,0,65,6725.45,72882.77,10,8,13,5,4,2,Ativo,5,0.8,0.5
A00693,Associado 693,21,M,SC,Florianópolis,Agro,2018-12-21,Digital,1,0,0,0,0,0,17,39431.12,25687.21,9,21,5,6,1,0,Ativo,1,0.17,0.0
A00694,Associado 694,42,M,RS,Porto Alegre,Pessoa Física,2018-04-16,Agência,1,1,0,0,0,0,3,1421.58,0.0,6,349,1,8,2,1,Churned,2,0.25,0.5
A00695,Associado 695,54,M,RS,Caxias do Sul,Agro,2019-02-22,Agência,1,1,0,0,0,1,43,14107.98,3988.87,3,5,8,7,4,0,Ativo,3,0.57,0.0
A00696,Associado 696,28,F,PR,Londrina,Pessoa Jurídica,2019-10-04,Digital,1,1,0,0,1,0,48,4647.67,0.0,10,2,12,6,2,2,Ativo,3,0.33,1.0
A00697,Associado 697,49,F,RS,Caxias do Sul,Agro,2024-03-02,Campanha,1,0,0,0,0,1,11,18194.83,10785.03,8,88,3,10,0,0,Inativo,2,0.0,0.0
A00698,Associado 698,55,M,PR,Londrina,Pessoa Física,2019-07-19,Indicação,1,1,1,0,1,0,19,1900.27,4251.25,10,16,3,6,2,0,Inativo,4,0.33,0.0
A00699,Associado 699,27,M,RS,Porto Alegre,Pessoa Jurídica,2021-07-26,Digital,1,1,0,0,0,0,52,6323.73,0.0,7,1,14,10,6,0,Ativo,2,0.6,0.0
A00700,Associado 700,29,F,SC,Florianópolis,Pessoa Física,2024-02-15,Digital,1,1,1,0,0,0,16,1790.27,8095.18,7,128,10,7,4,0,Inativo,3,0.57,0.0
A00701,Associado 701,52,F,SC,Joinville,Pessoa Física,2022-10-17,Agência,1,0,1,1,0,0,23,3356.52,0.0,10,11,3,4,0,0,Ativo,3,0.0,0.0
A00702,Associado 702,46,F,RS,Caxias do Sul,Pessoa Física,2025-02-03,Agência,0,0,0,0,0,0,12,0.0,7058.01,8,0,7,11,1,0,Ativo,0,0.09,0.0
A00703,Associado 703,35,F,RS,Porto Alegre,Pessoa Física,2018-09-15,Digital,1,1,0,0,0,0,20,1955.25,0.0,4,17,7,8,3,0,Ativo,2,0.38,0.0
A00704,Associado 704,40,M,RS,Porto Alegre,Agro,2024-11-05,Agência,1,1,0,0,0,1,16,4401.57,56299.63,10,21,6,6,2,0,Ativo,3,0.33,0.0
A00705,Associado 705,56,F,RS,Porto Alegre,Pessoa Física,2022-05-15,Agência,0,0,1,0,0,0,2,0.0,0.0,6,121,4,7,1,0,Inativo,1,0.14,0.0
A00706,Associado 706,25,M,RJ,Rio de Janeiro,Pessoa Física,2023-10-27,Digital,1,0,0,0,0,0,2,4649.78,50231.4,9,211,1,4,1,0,Churned,1,0.25,0.0
A00707,Associado 707,35,F,RS,Porto Alegre,Pessoa Jurídica,2020-11-12,Digital,1,0,0,0,0,0,48,11473.17,0.0,10,38,12,6,3,1,Ativo,1,0.5,0.33
A00708,Associado 708,43,M,SP,São Paulo,Pessoa Física,2024-12-25,Agência,1,1,1,0,0,0,45,3350.82,0.0,8,24,14,8,5,0,Ativo,3,0.62,0.0
A00709,Associado 709,35,F,RS,Caxias do Sul,Pessoa Jurídica,2024-02-11,Digital,1,1,1,0,0,0,40,31964.67,0.0,10,14,11,5,3,1,Ativo,3,0.6,0.33
A00710,Associado 710,33,F,PR,Curitiba,Pessoa Física,2025-02-07,Digital,1,1,1,0,0,0,25,20288.5,5851.89,7,0,14,3,2,0,Ativo,3,0.67,0.0
A00711,Associado 711,54,F,SP,São Paulo,Pessoa Física,2022-06-29,Agência,1,1,1,0,0,0,44,3122.9,353.7,7,31,11,7,4,0,Ativo,3,0.57,0.0
A00712,Associado 712,46,M,PR,Curitiba,Pessoa Física,2022-09-08,Campanha,1,1,0,0,0,0,24,1393.63,0.0,8,5,9,7,1,0,Ativo,2,0.14,0.0
A00713,Associado 713,65,M,SC,Joinville,Agro,2018-02-18,Agência,0,1,0,0,0,1,8,0.0,59279.67,7,11,4,2,0,0,Ativo,2,0.0,0.0
A00714,Associado 714,31,M,SC,Florianópolis,Pessoa Jurídica,2018-06-17,Campanha,1,1,0,0,0,0,23,6577.23,5354.39,9,10,4,3,1,1,Ativo,2,0.33,1.0
A00715,Associado 715,39,M,RS,Porto Alegre,Agro,2023-01-28,Agência,1,1,1,0,0,1,6,4240.62,32821.76,7,256,0,6,1,0,Churned,4,0.17,0.0
A00716,Associado 716,45,F,MG,Belo Horizonte,Pessoa Física,2023-08-31,Campanha,1,0,0,0,0,0,3,6080.58,8249.57,5,91,1,5,0,0,Inativo,1,0.0,0.0
A00717,Associado 717,37,F,SP,São Paulo,Pessoa Física,2019-01-27,Agência,1,0,1,0,0,0,26,15984.94,0.0,10,1,6,9,6,0,Ativo,2,0.67,0.0
A00718,Associado 718,46,F,RJ,Rio de Janeiro,Pessoa Física,2021-02-02,Indicação,1,0,0,0,0,0,22,4795.8,0.0,7,1,4,6,3,2,Ativo,1,0.5,0.67
A00719,Associado 719,42,M,RS,Caxias do Sul,Pessoa Física,2022-07-15,Digital,1,1,0,0,1,0,15,5102.56,7582.83,10,162,3,9,1,0,Inativo,3,0.11,0.0
A00720,Associado 720,52,F,SP,São Paulo,Pessoa Física,2022-09-24,Indicação,1,1,0,0,1,0,48,5348.8,11927.63,10,14,11,2,0,0,Ativo,3,0.0,0.0
A00721,Associado 721,27,F,MG,Belo Horizonte,Pessoa Jurídica,2021-12-20,Digital,1,0,0,0,0,0,51,22700.33,0.0,6,1,27,6,6,1,Ativo,1,1.0,0.17
A00722,Associado 722,30,F,RS,Porto Alegre,Pessoa Física,2018-08-17,Agência,1,1,1,0,0,1,29,1054.05,5199.15,9,5,12,12,7,1,Ativo,4,0.58,0.14
A00723,Associado 723,50,M,RS,Porto Alegre,Pessoa Física,2023-07-25,Indicação,1,1,0,0,0,0,20,2195.71,0.0,10,15,4,9,2,1,Ativo,2,0.22,0.5
A00724,Associado 724,38,M,SP,São Paulo,Agro,2018-12-18,Agência,1,0,1,1,0,1,56,4979.35,0.0,6,34,8,5,2,0,Ativo,4,0.4,0.0
A00725,Associado 725,51,F,PR,Curitiba,Pessoa Jurídica,2024-03-22,Campanha,1,1,1,0,1,0,45,7683.85,0.0,7,7,5,6,4,0,Ativo,4,0.67,0.0
A00726,Associado 726,51,M,SP,São Paulo,Pessoa Física,2018-08-22,Agência,1,1,1,0,0,0,23,1858.07,13275.16,10,9,6,12,4,0,Ativo,3,0.33,0.0
A00727,Associado 727,41,M,RS,Caxias do Sul,Pessoa Física,2018-09-23,Digital,1,1,0,1,1,0,25,2085.62,20971.43,8,1,14,7,6,0,Ativo,4,0.86,0.0
A00728,Associado 728,35,F,SP,São Paulo,Pessoa Física,2020-05-07,Indicação,1,1,0,0,0,0,26,1430.2,0.0,6,16,3,6,4,1,Ativo,2,0.67,0.25
A00729,Associado 729,47,F,RS,Porto Alegre,Pessoa Física,2024-06-19,Digital,1,1,1,1,1,1,22,6304.92,0.0,10,3,11,12,6,2,Ativo,6,0.5,0.33
A00730,Associado 730,46,M,RS,Porto Alegre,Pessoa Jurídica,2019-05-14,Agência,1,1,1,1,0,0,54,21119.46,0.0,7,1,11,10,4,0,Ativo,4,0.4,0.0
A00731,Associado 731,43,M,RS,Porto Alegre,Pessoa Física,2020-05-26,Indicação,1,1,0,1,0,0,16,8321.42,11546.91,8,2,5,4,2,0,Ativo,3,0.5,0.0
A00732,Associado 732,54,F,SP,São Paulo,Agro,2024-03-08,Indicação,0,0,0,0,1,1,1,0.0,0.0,7,226,0,9,2,1,Churned,2,0.22,0.5
A00733,Associado 733,55,F,PR,Curitiba,Pessoa Jurídica,2018-04-09,Campanha,1,0,0,0,0,0,66,7712.09,16944.4,7,11,8,9,2,0,Ativo,1,0.22,0.0
A00734,Associado 734,40,F,SC,Florianópolis,Pessoa Jurídica,2022-07-03,Digital,1,1,0,0,0,0,17,35532.0,16707.55,8,78,5,6,3,2,Inativo,2,0.5,0.67
A00735,Associado 735,45,F,SC,Joinville,Pessoa Física,2021-11-12,Digital,1,0,0,0,0,0,3,3016.02,33779.71,4,166,0,5,0,0,Churned,1,0.0,0.0
A00736,Associado 736,20,F,MG,Belo Horizonte,Pessoa Física,2024-07-20,Digital,1,1,1,0,0,0,45,3327.83,609.74,9,8,27,8,7,1,Ativo,3,0.88,0.14
A00737,Associado 737,46,F,SC,Florianópolis,Pessoa Jurídica,2019-06-08,Agência,1,0,0,0,1,0,36,7499.24,0.0,8,5,5,8,3,0,Ativo,2,0.38,0.0
A00738,Associado 738,29,F,SP,São Paulo,Pessoa Física,2023-12-06,Indicação,1,0,0,0,0,0,23,3790.88,6213.85,10,12,5,4,1,0,Ativo,1,0.25,0.0
A00739,Associado 739,51,M,SC,Florianópolis,Pessoa Física,2025-04-01,Digital,1,1,0,0,0,0,5,11110.12,0.0,9,79,2,5,1,0,Inativo,2,0.2,0.0
A00740,Associado 740,40,M,SC,Florianópolis,Pessoa Física,2020-05-05,Digital,1,0,0,0,0,0,5,4287.25,61941.77,7,95,4,5,3,0,Inativo,1,0.6,0.0
A00741,Associado 741,62,F,SC,Florianópolis,Pessoa Física,2024-03-06,Digital,1,1,1,1,1,0,17,7724.29,31480.12,10,139,8,6,3,1,Inativo,5,0.5,0.33
A00742,Associado 742,40,M,RS,Caxias do Sul,Pessoa Jurídica,2021-12-03,Indicação,1,1,0,0,0,0,9,13184.04,0.0,8,134,1,7,0,0,Inativo,2,0.0,0.0
A00743,Associado 743,70,M,SP,São Paulo,Pessoa Física,2019-04-26,Campanha,1,0,0,0,1,0,3,1291.38,41770.17,8,237,2,9,2,0,Churned,2,0.22,0.0
A00744,Associado 744,64,F,SC,Florianópolis,Pessoa Física,2022-07-24,Indicação,1,0,0,0,1,0,24,2422.46,32154.83,8,52,5,8,1,0,Ativo,2,0.12,0.0
A00745,Associado 745,48,F,RS,Porto Alegre,Pessoa Física,2018-11-25,Digital,1,1,0,0,1,0,30,4386.84,0.0,10,20,12,5,1,0,Ativo,3,0.2,0.0
A00746,Associado 746,48,F,MG,Belo Horizonte,Pessoa Física,2023-06-01,Indicação,1,0,0,0,0,0,2,1029.67,0.0,5,243,0,6,2,1,Churned,1,0.33,0.5
A00747,Associado 747,35,M,SC,Joinville,Agro,2019-02-21,Digital,1,1,1,0,0,1,37,18765.81,6421.76,9,0,14,3,1,0,Ativo,4,0.33,0.0
A00748,Associado 748,48,F,SC,Joinville,Agro,2024-04-20,Agência,1,1,0,0,0,1,2,9001.97,3307.64,9,298,1,2,0,0,Churned,3,0.0,0.0
A00749,Associado 749,68,F,MG,Belo Horizonte,Pessoa Física,2020-08-02,Agência,1,1,0,0,0,1,30,4307.25,11895.31,8,5,2,6,1,0,Ativo,3,0.17,0.0
A00750,Associado 750,47,M,PR,Curitiba,Pessoa Física,2023-08-15,Agência,1,1,1,0,1,0,49,3078.05,2420.97,7,16,17,8,6,1,Ativo,4,0.75,0.17
A00751,Associado 751,33,F,RS,Porto Alegre,Pessoa Física,2024-06-08,Digital,1,0,0,0,0,0,2,14894.06,2710.22,7,78,2,3,1,0,Inativo,1,0.33,0.0
A00752,Associado 752,54,M,MG,Belo Horizonte,Pessoa Jurídica,2020-09-06,Indicação,1,1,0,0,0,0,36,16057.29,7835.65,7,12,11,8,2,0,Ativo,2,0.25,0.0
A00753,Associado 753,34,M,PR,Curitiba,Pessoa Física,2022-07-15,Digital,1,1,1,0,0,0,16,3691.65,0.0,7,10,2,5,3,1,Ativo,3,0.6,0.33
A00754,Associado 754,43,F,RS,Porto Alegre,Pessoa Jurídica,2025-04-08,Digital,1,1,0,0,0,0,32,17937.93,47060.5,9,9,4,6,0,0,Ativo,2,0.0,0.0
A00755,Associado 755,52,F,RS,Porto Alegre,Pessoa Física,2021-12-22,Campanha,1,0,0,0,1,0,4,2723.38,0.0,6,187,0,4,0,0,Churned,2,0.0,0.0
A00756,Associado 756,27,F,SP,São Paulo,Pessoa Jurídica,2025-08-15,Indicação,1,0,0,0,0,0,38,12668.71,5668.75,10,74,4,7,2,0,Ativo,1,0.29,0.0
A00757,Associado 757,40,M,PR,Curitiba,Pessoa Física,2021-06-04,Indicação,1,1,0,0,0,0,7,2489.26,43122.38,7,277,2,8,3,2,Churned,2,0.38,0.67
A00758,Associado 758,56,F,SC,Florianópolis,Pessoa Jurídica,2022-08-05,Agência,1,0,0,0,1,0,46,8669.14,7294.72,10,2,7,4,3,0,Ativo,2,0.75,0.0
A00759,Associado 759,49,M,MG,Belo Horizonte,Pessoa Física,2022-05-06,Agência,1,1,0,0,0,0,36,6561.31,16965.69,7,4,5,11,4,0,Ativo,2,0.36,0.0
A00760,Associado 760,56,F,SP,São Paulo,Pessoa Jurídica,2019-01-25,Agência,0,1,0,0,0,0,32,0.0,36080.08,10,63,9,5,4,2,Ativo,1,0.8,0.5
A00761,Associado 761,69,F,RS,Caxias do Sul,Pessoa Física,2020-04-29,Agência,1,0,0,0,0,0,0,1209.19,7069.83,5,240,0,7,2,0,Churned,1,0.29,0.0
A00762,Associado 762,32,F,RS,Porto Alegre,Pessoa Física,2020-03-29,Agência,1,0,0,0,0,0,8,3202.94,0.0,10,131,1,4,0,0,Inativo,1,0.0,0.0
A00763,Associado 763,34,F,RS,Porto Alegre,Pessoa Jurídica,2018-01-12,Digital,1,1,1,0,0,0,42,25188.27,0.0,9,16,9,8,4,0,Ativo,3,0.5,0.0
A00764,Associado 764,42,M,SP,São Paulo,Pessoa Física,2024-07-12,Agência,1,0,0,0,0,0,9,2816.31,0.0,10,11,0,6,1,0,Ativo,1,0.17,0.0
A00765,Associado 765,57,F,RS,Porto Alegre,Pessoa Jurídica,2025-04-08,Agência,1,1,0,0,1,0,46,23820.52,14360.45,10,116,5,6,3,2,Inativo,3,0.5,0.67
A00766,Associado 766,46,F,PR,Curitiba,Pessoa Jurídica,2023-12-17,Agência,1,0,0,0,1,0,44,23834.02,36424.07,10,10,8,8,4,0,Ativo,2,0.5,0.0
A00767,Associado 767,25,F,SP,São Paulo,Pessoa Física,2018-01-11,Digital,1,0,1,0,0,0,30,12198.51,7047.97,9,12,23,8,8,1,Ativo,2,1.0,0.12
A00768,Associado 768,46,F,MG,Belo Horizonte,Pessoa Física,2019-05-05,Digital,1,1,0,0,1,1,28,1528.46,0.0,4,10,10,7,3,0,Ativo,4,0.43,0.0
A00769,Associado 769,43,M,RS,Porto Alegre,Pessoa Física,2024-05-08,Digital,1,1,0,0,0,0,6,982.21,29014.29,7,97,0,3,0,0,Inativo,2,0.0,0.0
A00770,Associado 770,51,M,SP,São Paulo,Pessoa Física,2023-08-19,Agência,1,0,0,0,1,0,27,1255.26,0.0,6,10,12,7,5,0,Ativo,2,0.71,0.0
A00771,Associado 771,42,F,RS,Caxias do Sul,Pessoa Física,2021-02-20,Digital,1,1,0,0,0,0,2,7941.07,8225.33,9,227,0,3,0,0,Churned,2,0.0,0.0
A00772,Associado 772,60,M,SP,São Paulo,Pessoa Jurídica,2025-09-24,Agência,1,1,0,0,0,0,76,16807.02,9793.92,10,6,11,5,5,0,Ativo,2,1.0,0.0
A00773,Associado 773,51,F,RS,Porto Alegre,Pessoa Física,2024-05-17,Agência,1,0,0,0,0,0,11,11146.85,0.0,6,22,2,8,3,0,Ativo,1,0.38,0.0
A00774,Associado 774,44,M,SC,Joinville,Pessoa Física,2024-11-10,Campanha,1,1,1,0,1,0,30,1070.96,13368.52,10,41,8,5,1,0,Ativo,4,0.2,0.0
A00775,Associado 775,45,F,SP,São Paulo,Pessoa Física,2024-11-03,Campanha,1,0,0,0,0,0,19,4413.3,18622.05,5,5,8,7,4,0,Ativo,1,0.57,0.0
A00776,Associado 776,48,M,RS,Caxias do Sul,Pessoa Física,2020-03-22,Digital,1,0,0,0,0,0,6,4694.3,18275.59,6,150,2,7,2,0,Inativo,1,0.29,0.0
A00777,Associado 777,39,M,RS,Porto Alegre,Pessoa Física,2018-02-25,Campanha,1,0,0,0,0,0,12,6400.19,0.0,6,9,2,10,2,0,Ativo,1,0.2,0.0
A00778,Associado 778,39,M,SP,São Paulo,Pessoa Jurídica,2019-12-09,Digital,1,1,1,0,0,0,46,5271.73,0.0,6,10,11,5,2,0,Ativo,3,0.4,0.0
A00779,Associado 779,49,M,SP,São Paulo,Pessoa Jurídica,2024-08-23,Agência,1,1,0,0,1,0,5,37310.39,0.0,10,251,0,3,0,0,Churned,3,0.0,0.0
A00780,Associado 780,49,M,PR,Curitiba,Pessoa Física,2020-10-06,Campanha,1,0,0,0,0,0,0,6717.29,11684.85,6,194,1,6,0,0,Churned,1,0.0,0.0
A00781,Associado 781,47,F,PR,Curitiba,Agro,2018-01-23,Agência,0,0,0,0,0,1,0,0.0,4601.22,5,119,0,6,0,0,Churned,1,0.0,0.0
A00782,Associado 782,39,M,SC,Florianópolis,Pessoa Física,2020-02-11,Indicação,0,1,0,0,0,0,13,0.0,0.0,5,18,13,6,1,0,Ativo,1,0.17,0.0
A00783,Associado 783,35,F,RS,Porto Alegre,Agro,2018-08-19,Agência,1,1,0,0,0,1,27,17921.81,0.0,7,2,4,6,1,1,Ativo,3,0.17,1.0
A00784,Associado 784,31,F,RS,Caxias do Sul,Pessoa Jurídica,2018-07-29,Digital,1,1,0,1,0,0,46,6216.53,20259.7,10,3,15,10,8,0,Ativo,3,0.8,0.0
A00785,Associado 785,29,F,RS,Porto Alegre,Pessoa Jurídica,2021-03-31,Digital,1,1,0,1,0,1,63,17452.87,659.53,8,8,10,1,1,0,Ativo,4,1.0,0.0
A00786,Associado 786,32,F,MG,Belo Horizonte,Pessoa Física,2021-11-01,Digital,1,1,0,0,1,0,18,3915.08,0.0,10,84,3,7,1,0,Inativo,3,0.14,0.0
A00787,Associado 787,45,F,PR,Londrina,Pessoa Física,2021-04-08,Agência,1,0,1,0,0,0,10,5138.57,3642.47,9,126,4,6,2,0,Inativo,2,0.33,0.0
A00788,Associado 788,31,F,SC,Florianópolis,Pessoa Física,2020-06-17,Digital,0,0,0,0,0,0,8,0.0,0.0,8,38,4,3,1,0,Ativo,0,0.33,0.0
A00789,Associado 789,35,F,SC,Joinville,Pessoa Jurídica,2022-02-06,Digital,1,1,0,0,0,0,41,8058.98,8103.45,8,7,22,9,7,2,Ativo,2,0.78,0.29
A00790,Associado 790,71,F,MG,Belo Horizonte,Pessoa Física,2021-06-04,Campanha,1,1,1,0,0,0,11,2063.86,34242.16,5,103,3,5,1,0,Inativo,3,0.2,0.0
A00791,Associado 791,58,F,RS,Caxias do Sul,Pessoa Jurídica,2020-05-22,Indicação,1,1,0,0,1,0,62,5979.01,96221.68,7,15,6,4,0,0,Ativo,3,0.0,0.0
A00792,Associado 792,36,F,PR,Curitiba,Pessoa Física,2024-08-07,Digital,1,1,0,1,0,0,18,4595.66,24564.92,7,58,12,8,5,2,Inativo,3,0.62,0.4
A00793,Associado 793,58,F,SC,Joinville,Pessoa Jurídica,2022-04-28,Agência,1,1,0,1,0,0,71,12994.21,31309.43,9,7,13,11,4,1,Ativo,3,0.36,0.25
A00794,Associado 794,64,M,PR,Londrina,Pessoa Física,2019-04-20,Indicação,1,1,0,0,0,0,19,2168.83,19017.55,10,16,5,5,2,0,Ativo,2,0.4,0.0
A00795,Associado 795,32,F,RS,Caxias do Sul,Pessoa Física,2018-07-14,Agência,0,1,0,0,0,0,6,0.0,0.0,8,4,3,3,0,0,Ativo,1,0.0,0.0
A00796,Associado 796,41,F,MG,Belo Horizonte,Pessoa Física,2020-11-01,Agência,1,1,1,0,0,0,27,1967.67,0.0,10,2,4,2,0,0,Ativo,3,0.0,0.0
A00797,Associado 797,42,F,MG,Belo Horizonte,Pessoa Física,2023-06-30,Digital,1,1,1,0,0,0,0,1938.19,7665.51,6,264,1,4,1,0,Churned,3,0.25,0.0
A00798,Associado 798,53,M,PR,Curitiba,Pessoa Física,2019-06-13,Campanha,1,0,0,0,0,0,25,3538.08,0.0,9,3,2,3,2,0,Ativo,1,0.67,0.0
A00799,Associado 799,48,M,PR,Curitiba,Pessoa Jurídica,2018-09-28,Agência,1,1,1,0,0,0,62,25696.27,37298.94,8,1,7,7,2,0,Ativo,3,0.29,0.0
A00800,Associado 800,55,F,MG,Belo Horizonte,Pessoa Física,2025-01-29,Agência,1,0,0,0,0,0,4,3825.5,25612.64,4,156,0,3,1,0,Inativo,1,0.33,0.0
A00801,Associado 801,33,M,SP,São Paulo,Pessoa Física,2022-04-30,Digital,0,1,1,0,0,0,1,0.0,10843.15,7,162,2,5,1,0,Inativo,2,0.2,0.0
A00802,Associado 802,62,M,RS,Porto Alegre,Pessoa Jurídica,2023-04-06,Agência,1,0,0,0,0,0,1,4911.06,0.0,10,195,0,8,2,0,Churned,1,0.25,0.0
A00803,Associado 803,37,F,PR,Curitiba,Pessoa Física,2025-05-28,Digital,1,0,0,0,1,0,8,4255.34,0.0,9,124,2,5,2,0,Inativo,2,0.4,0.0
A00804,Associado 804,52,F,PR,Curitiba,Agro,2023-10-14,Digital,1,0,0,0,0,1,30,16315.61,17765.41,10,14,10,2,1,0,Ativo,2,0.5,0.0
A00805,Associado 805,33,M,SC,Florianópolis,Agro,2022-12-27,Digital,1,1,0,0,1,0,42,35999.38,17184.46,8,14,13,3,1,0,Ativo,3,0.33,0.0
A00806,Associado 806,59,M,SP,São Paulo,Pessoa Física,2019-05-05,Agência,0,0,0,0,1,0,3,0.0,0.0,5,87,1,4,0,0,Inativo,1,0.0,0.0
A00807,Associado 807,50,F,MG,Belo Horizonte,Pessoa Física,2018-12-28,Agência,1,0,0,0,0,0,23,4579.71,0.0,7,35,8,2,1,1,Ativo,1,0.5,1.0
A00808,Associado 808,56,F,MG,Belo Horizonte,Pessoa Física,2025-03-04,Indicação,0,0,0,0,1,0,3,0.0,0.0,6,342,0,3,0,0,Churned,1,0.0,0.0
A00809,Associado 809,67,F,SC,Florianópolis,Pessoa Jurídica,2020-09-21,Campanha,1,0,0,0,0,0,41,8650.38,0.0,10,2,2,9,2,0,Ativo,1,0.22,0.0
A00810,Associado 810,52,F,RS,Porto Alegre,Pessoa Física,2020-02-08,Agência,0,1,0,0,0,0,11,0.0,0.0,7,1,4,8,4,1,Ativo,1,0.5,0.25
A00811,Associado 811,37,F,RJ,Rio de Janeiro,Pessoa Jurídica,2020-11-08,Agência,1,1,0,0,0,0,32,16037.17,7774.27,10,14,6,3,1,0,Ativo,2,0.33,0.0
A00812,Associado 812,53,F,SP,São Paulo,Pessoa Jurídica,2019-06-29,Agência,1,1,0,0,0,0,16,3586.66,79493.18,5,91,2,3,0,0,Inativo,2,0.0,0.0
A00813,Associado 813,19,M,RS,Caxias do Sul,Pessoa Física,2020-09-05,Digital,1,1,1,0,0,0,32,2433.18,2969.67,10,11,17,11,7,1,Ativo,3,0.64,0.14
A00814,Associado 814,18,F,MG,Belo Horizonte,Pessoa Jurídica,2020-07-20,Indicação,1,1,0,1,1,0,77,13069.46,13648.75,8,8,13,4,2,0,Ativo,4,0.5,0.0
A00815,Associado 815,34,F,MG,Belo Horizonte,Pessoa Jurídica,2018-04-01,Digital,1,1,0,0,0,0,40,14854.65,0.0,7,57,20,4,4,0,Ativo,2,1.0,0.0
A00816,Associado 816,47,M,SC,Joinville,Pessoa Física,2023-07-04,Indicação,1,1,1,0,0,0,70,8023.43,0.0,8,7,13,1,0,0,Ativo,3,0.0,0.0
A00817,Associado 817,60,F,PR,Londrina,Agro,2018-08-26,Indicação,1,0,0,0,1,1,46,6923.69,10680.44,8,11,8,8,4,2,Ativo,3,0.5,0.5
A00818,Associado 818,37,F,SC,Joinville,Pessoa Jurídica,2024-11-14,Campanha,1,1,1,0,0,0,16,7366.22,10119.91,10,97,3,5,2,0,Inativo,3,0.4,0.0
A00819,Associado 819,28,M,RS,Porto Alegre,Pessoa Física,2021-06-04,Agência,1,1,0,0,1,0,17,2566.21,8282.47,8,8,4,3,2,0,Ativo,3,0.67,0.0
A00820,Associado 820,48,M,RS,Porto Alegre,Pessoa Física,2020-04-30,Agência,0,0,0,0,0,0,17,0.0,13906.68,10,10,8,4,3,2,Ativo,0,0.75,0.67
A00821,Associado 821,51,F,SP,São Paulo,Pessoa Física,2020-02-16,Agência,1,1,0,0,0,0,18,12190.69,22696.47,8,39,3,5,2,0,Ativo,2,0.4,0.0
A00822,Associado 822,47,M,RS,Porto Alegre,Pessoa Física,2025-03-02,Campanha,1,1,0,0,0,0,4,4524.75,10123.72,8,112,2,6,0,0,Inativo,2,0.0,0.0
A00823,Associado 823,46,F,RS,Porto Alegre,Agro,2025-04-13,Indicação,1,0,1,0,1,1,23,9903.96,14368.22,8,8,4,5,1,0,Ativo,4,0.2,0.0
A00824,Associado 824,25,F,SC,Joinville,Pessoa Física,2019-09-26,Digital,1,1,0,0,0,0,23,2417.14,3135.03,10,24,16,7,7,0,Ativo,2,1.0,0.0
A00825,Associado 825,44,M,SC,Florianópolis,Pessoa Jurídica,2021-05-09,Agência,1,1,1,0,0,0,75,2723.77,11901.17,8,3,8,6,2,0,Ativo,3,0.33,0.0
A00826,Associado 826,42,F,MG,Belo Horizonte,Pessoa Física,2021-06-02,Agência,1,1,0,0,0,0,27,1242.32,0.0,5,19,11,3,3,0,Ativo,2,1.0,0.0
A00827,Associado 827,59,F,RS,Caxias do Sul,Pessoa Física,2020-09-09,Agência,1,1,0,0,0,0,8,9177.87,0.0,6,73,5,10,5,0,Inativo,2,0.5,0.0
A00828,Associado 828,20,F,RS,Porto Alegre,Agro,2024-11-15,Digital,1,0,0,0,0,1,11,8965.65,0.0,7,202,4,3,2,0,Inativo,2,0.67,0.0
A00829,Associado 829,43,F,SP,São Paulo,Agro,2019-10-25,Agência,1,1,0,1,1,0,4,113607.19,28810.37,10,188,1,4,1,0,Churned,4,0.25,0.0
A00830,Associado 830,67,M,SC,Florianópolis,Pessoa Física,2020-09-16,Agência,1,1,0,0,0,0,19,2767.35,0.0,8,10,3,9,4,1,Ativo,2,0.44,0.25
A00831,Associado 831,43,M,RS,Porto Alegre,Pessoa Física,2022-06-05,Indicação,1,0,0,0,0,0,16,3546.8,0.0,8,0,2,10,5,1,Ativo,1,0.5,0.2
A00832,Associado 832,53,F,SC,Florianópolis,Pessoa Física,2024-10-14,Agência,1,0,1,0,1,0,1,8041.21,40674.33,7,38,1,4,0,0,Churned,3,0.0,0.0
A00833,Associado 833,38,F,RS,Caxias do Sul,Pessoa Física,2019-03-01,Digital,1,1,0,0,0,0,29,8185.9,11454.51,10,16,8,4,2,0,Ativo,2,0.5,0.0
A00834,Associado 834,66,F,RS,Porto Alegre,Pessoa Física,2021-12-01,Agência,1,1,0,0,0,0,25,2528.13,0.0,6,14,4,5,1,0,Ativo,2,0.2,0.0
A00835,Associado 835,47,F,SC,Florianópolis,Pessoa Física,2022-06-24,Indicação,1,1,1,0,0,0,21,3090.78,5608.71,9,8,12,7,6,3,Ativo,3,0.86,0.5
A00836,Associado 836,33,F,SC,Joinville,Agro,2018-04-15,Digital,0,0,0,0,0,0,3,0.0,0.0,4,219,1,8,3,0,Churned,0,0.38,0.0
A00837,Associado 837,44,M,MG,Belo Horizonte,Pessoa Física,2024-04-18,Campanha,1,1,0,0,0,0,36,1778.11,8545.19,10,8,8,8,4,0,Ativo,2,0.5,0.0
A00838,Associado 838,43,M,SC,Florianópolis,Agro,2025-05-16,Digital,1,1,1,0,0,1,20,11363.05,10763.03,10,1,8,4,4,0,Ativo,4,1.0,0.0
A00839,Associado 839,60,M,PR,Curitiba,Pessoa Jurídica,2021-01-27,Campanha,1,1,0,0,0,0,40,9440.07,0.0,10,4,4,8,3,2,Ativo,2,0.38,0.67
A00840,Associado 840,56,F,PR,Londrina,Pessoa Física,2018-06-27,Campanha,1,0,0,1,0,0,2,3028.83,19047.43,10,265,1,7,1,0,Churned,2,0.14,0.0
A00841,Associado 841,34,F,RS,Porto Alegre,Agro,2021-07-12,Digital,1,1,0,1,1,1,71,20752.8,53833.95,10,28,18,9,3,0,Ativo,5,0.33,0.0
A00842,Associado 842,66,F,PR,Londrina,Pessoa Física,2021-03-01,Campanha,1,0,0,0,0,0,5,1303.18,10930.76,6,99,0,4,2,1,Inativo,1,0.5,0.5
A00843,Associado 843,29,M,RS,Caxias do Sul,Agro,2021-05-07,Digital,1,1,1,1,0,1,87,3797.58,962.52,10,10,40,6,6,0,Ativo,5,1.0,0.0
A00844,Associado 844,42,F,RJ,Rio de Janeiro,Pessoa Física,2019-12-21,Digital,1,1,1,0,0,0,35,3110.93,5123.2,10,3,9,2,1,0,Ativo,3,0.5,0.0
A00845,Associado 845,29,M,RS,Porto Alegre,Pessoa Física,2019-02-13,Agência,0,0,0,0,0,0,8,0.0,0.0,8,1,2,8,1,0,Ativo,0,0.12,0.0
A00846,Associado 846,30,F,SC,Florianópolis,Agro,2024-04-28,Digital,1,1,0,0,0,1,36,3549.21,1152.84,8,4,14,4,3,0,Ativo,3,0.75,0.0
A00847,Associado 847,51,F,RS,Caxias do Sul,Pessoa Física,2025-08-21,Indicação,1,1,1,0,0,0,12,1410.38,38223.37,8,78,4,6,3,1,Inativo,3,0.5,0.33
A00848,Associado 848,53,F,RJ,Rio de Janeiro,Agro,2019-10-16,Indicação,1,1,1,0,1,1,55,1812.37,5645.68,10,4,8,7,3,0,Ativo,5,0.43,0.0
A00849,Associado 849,62,F,SC,Joinville,Agro,2025-03-07,Agência,1,0,0,0,0,1,4,4262.43,3738.88,4,302,0,6,1,0,Churned,2,0.17,0.0
A00850,Associado 850,35,M,PR,Curitiba,Pessoa Física,2023-12-06,Digital,1,0,0,0,0,0,16,4184.03,0.0,5,6,3,3,1,1,Ativo,1,0.33,1.0
A00851,Associado 851,41,F,RS,Caxias do Sul,Pessoa Física,2018-11-04,Agência,1,1,0,0,0,0,28,1974.26,0.0,7,38,5,9,3,0,Ativo,2,0.33,0.0
A00852,Associado 852,32,F,SP,São Paulo,Pessoa Física,2019-05-05,Indicação,1,1,0,0,0,0,29,945.91,3429.28,6,0,12,3,2,1,Ativo,2,0.67,0.5
A00853,Associado 853,30,M,RS,Porto Alegre,Pessoa Jurídica,2021-09-06,Agência,1,1,0,0,0,0,88,18746.89,0.0,8,18,13,7,5,1,Ativo,2,0.71,0.2
A00854,Associado 854,38,M,MG,Belo Horizonte,Pessoa Jurídica,2025-09-05,Campanha,1,1,1,0,0,0,31,8303.72,2842.77,7,21,3,5,1,0,Ativo,3,0.2,0.0
A00855,Associado 855,50,M,RS,Porto Alegre,Pessoa Física,2025-05-19,Agência,1,0,0,0,0,0,5,2562.25,7884.81,6,112,1,3,0,0,Churned,1,0.0,0.0
A00856,Associado 856,55,F,RS,Porto Alegre,Pessoa Física,2019-08-31,Agência,1,1,1,1,1,0,14,4062.56,54207.47,10,104,3,5,2,0,Inativo,5,0.4,0.0
A00857,Associado 857,35,F,RS,Porto Alegre,Pessoa Jurídica,2025-08-16,Campanha,1,0,0,0,0,0,65,14497.15,8435.46,6,24,4,10,1,0,Ativo,1,0.1,0.0
A00858,Associado 858,38,F,SC,Florianópolis,Pessoa Física,2022-03-30,Digital,1,0,1,0,0,0,7,2394.94,0.0,9,101,2,4,0,0,Inativo,2,0.0,0.0
A00859,Associado 859,25,F,PR,Curitiba,Pessoa Jurídica,2018-01-24,Agência,1,1,0,0,0,0,55,12271.06,0.0,8,1,9,1,1,0,Ativo,2,1.0,0.0
A00860,Associado 860,44,M,RS,Caxias do Sul,Pessoa Jurídica,2021-04-30,Digital,1,0,0,0,0,0,16,41777.78,6999.71,6,16,5,11,0,0,Ativo,1,0.0,0.0
A00861,Associado 861,37,M,SP,São Paulo,Agro,2020-01-23,Agência,1,1,1,0,0,1,32,21029.95,2505.72,10,4,8,4,2,1,Ativo,4,0.5,0.5
A00862,Associado 862,66,M,SC,Florianópolis,Pessoa Física,2018-12-15,Campanha,1,0,0,0,1,0,25,711.43,129441.93,9,9,7,4,2,0,Ativo,2,0.5,0.0
A00863,Associado 863,34,M,SC,Joinville,Pessoa Física,2018-01-25,Digital,0,0,1,0,0,0,10,0.0,0.0,5,25,10,11,6,0,Ativo,1,0.55,0.0
A00864,Associado 864,44,M,SC,Joinville,Pessoa Física,2020-10-11,Agência,1,1,0,0,0,0,36,824.26,32970.22,5,9,14,7,3,1,Ativo,2,0.43,0.33
A00865,Associado 865,28,F,SC,Joinville,Pessoa Física,2019-08-22,Digital,0,1,0,0,0,0,6,0.0,0.0,8,151,4,3,0,0,Inativo,1,0.0,0.0
A00866,Associado 866,28,F,PR,Londrina,Agro,2022-11-04,Agência,1,0,0,0,0,1,3,6767.5,6478.73,5,117,0,3,2,0,Churned,2,0.67,0.0
A00867,Associado 867,30,F,RS,Caxias do Sul,Pessoa Física,2020-03-11,Indicação,1,1,0,1,0,0,21,12653.06,3619.16,9,34,12,9,5,2,Ativo,3,0.56,0.4
A00868,Associado 868,39,M,RS,Porto Alegre,Pessoa Jurídica,2020-08-16,Campanha,1,0,0,0,1,0,5,59426.36,16654.42,5,192,1,4,0,0,Churned,2,0.0,0.0
A00869,Associado 869,38,M,MG,Belo Horizonte,Pessoa Física,2022-05-11,Campanha,0,1,0,0,0,0,10,0.0,0.0,7,4,7,3,1,0,Ativo,1,0.33,0.0
A00870,Associado 870,50,F,MG,Belo Horizonte,Pessoa Física,2020-11-17,Digital,1,0,0,0,1,0,15,2630.5,0.0,9,27,5,5,3,0,Ativo,2,0.6,0.0
A00871,Associado 871,26,F,SC,Florianópolis,Pessoa Física,2025-02-01,Digital,1,0,0,0,0,0,32,3768.58,2783.56,10,3,15,4,3,1,Ativo,1,0.75,0.33
A00872,Associado 872,52,F,RS,Caxias do Sul,Pessoa Jurídica,2024-12-13,Agência,1,1,1,0,0,0,74,29331.62,4604.35,7,12,10,5,1,1,Ativo,3,0.2,1.0
A00873,Associado 873,40,F,PR,Curitiba,Pessoa Física,2024-12-10,Indicação,1,0,0,0,0,0,39,2900.6,18030.57,5,8,9,4,2,1,Ativo,1,0.5,0.5
A00874,Associado 874,34,F,SC,Joinville,Pessoa Física,2020-03-01,Digital,0,0,0,0,0,0,8,0.0,8976.31,7,3,8,10,5,2,Ativo,0,0.5,0.4
A00875,Associado 875,31,F,RS,Caxias do Sul,Agro,2018-06-21,Digital,1,0,1,0,0,1,31,3663.13,0.0,10,6,15,6,1,0,Ativo,3,0.17,0.0
A00876,Associado 876,47,M,RS,Caxias do Sul,Pessoa Física,2023-09-17,Campanha,1,0,0,0,0,0,2,1944.21,2612.82,6,99,1,5,3,0,Inativo,1,0.6,0.0
A00877,Associado 877,43,F,SP,São Paulo,Pessoa Física,2018-10-26,Agência,1,1,0,1,0,0,47,511.75,158790.88,10,31,15,8,3,1,Ativo,3,0.38,0.33
A00878,Associado 878,39,M,PR,Londrina,Pessoa Física,2019-10-10,Agência,1,1,0,0,0,0,7,4731.28,6566.68,5,66,1,2,0,0,Inativo,2,0.0,0.0
A00879,Associado 879,38,F,RS,Porto Alegre,Pessoa Física,2020-01-18,Agência,1,1,0,0,0,0,21,1486.48,5569.1,8,16,10,9,2,0,Ativo,2,0.22,0.0
A00880,Associado 880,46,M,RS,Porto Alegre,Agro,2022-11-16,Agência,1,0,0,0,0,0,16,12817.55,4493.42,9,9,4,3,0,0,Ativo,1,0.0,0.0
A00881,Associado 881,43,M,RS,Porto Alegre,Pessoa Física,2022-01-15,Agência,1,1,0,0,1,0,28,3670.15,0.0,8,5,10,3,1,0,Ativo,3,0.33,0.0
A00882,Associado 882,35,M,PR,Curitiba,Pessoa Física,2022-02-01,Digital,0,1,0,1,0,0,15,0.0,0.0,7,8,22,5,5,0,Ativo,2,1.0,0.0
A00883,Associado 883,28,F,RS,Caxias do Sul,Pessoa Física,2021-01-13,Digital,1,0,0,0,0,0,2,6897.59,0.0,9,208,1,12,3,1,Churned,1,0.25,0.33
A00884,Associado 884,27,F,RS,Porto Alegre,Pessoa Jurídica,2020-07-14,Agência,1,0,0,0,0,0,1,9771.95,0.0,4,251,0,5,1,1,Churned,1,0.2,1.0
A00885,Associado 885,43,F,SP,São Paulo,Pessoa Física,2023-08-23,Indicação,1,1,1,0,0,0,29,8929.29,4932.25,10,12,7,5,1,0,Ativo,3,0.2,0.0
A00886,Associado 886,41,F,RS,Porto Alegre,Pessoa Jurídica,2024-04-25,Agência,1,0,0,0,0,0,43,18486.31,2405.41,8,8,5,2,0,0,Ativo,1,0.0,0.0
A00887,Associado 887,44,M,PR,Curitiba,Pessoa Física,2020-09-06,Indicação,1,1,1,0,1,0,37,2197.74,0.0,10,0,11,3,0,0,Ativo,4,0.0,0.0
A00888,Associado 888,30,F,RS,Porto Alegre,Pessoa Física,2021-01-28,Digital,0,0,0,0,0,0,1,0.0,0.0,3,293,0,13,2,0,Churned,0,0.15,0.0
A00889,Associado 889,34,F,RS,Porto Alegre,Pessoa Jurídica,2019-09-08,Digital,1,0,0,0,0,0,34,2071.73,0.0,5,13,7,6,3,0,Ativo,1,0.5,0.0
A00890,Associado 890,43,F,RS,Porto Alegre,Pessoa Física,2021-07-08,Campanha,1,1,1,0,0,0,35,1480.9,0.0,7,3,10,1,1,0,Ativo,3,1.0,0.0
A00891,Associado 891,36,M,SP,São Paulo,Agro,2024-05-14,Agência,1,1,0,0,0,1,0,6141.81,0.0,9,266,0,7,2,1,Churned,3,0.29,0.5
A00892,Associado 892,39,M,MG,Belo Horizonte,Pessoa Física,2020-08-11,Digital,0,0,0,0,0,1,14,0.0,2050.3,6,24,10,7,4,0,Ativo,1,0.57,0.0
A00893,Associado 893,36,F,SP,São Paulo,Pessoa Jurídica,2022-06-12,Campanha,1,0,0,0,0,0,51,10136.93,5119.26,8,14,12,8,4,0,Ativo,1,0.5,0.0
A00894,Associado 894,51,F,SC,Joinville,Pessoa Física,2022-03-21,Digital,1,1,0,0,0,0,20,2476.26,16523.85,8,17,6,13,4,1,Ativo,2,0.31,0.25
A00895,Associado 895,37,F,PR,Curitiba,Pessoa Jurídica,2025-05-27,Agência,1,1,0,0,0,0,58,25371.85,0.0,10,18,5,5,2,0,Ativo,2,0.4,0.0
A00896,Associado 896,37,F,RS,Caxias do Sul,Pessoa Física,2021-02-14,Digital,1,1,0,0,0,0,31,2118.69,0.0,10,6,7,7,3,0,Ativo,2,0.43,0.0
A00897,Associado 897,46,M,RS,Porto Alegre,Pessoa Física,2019-05-14,Indicação,1,1,1,1,1,0,35,6927.51,11383.12,10,17,14,2,1,0,Ativo,5,0.5,0.0
A00898,Associado 898,45,F,MG,Belo Horizonte,Pessoa Física,2024-03-02,Campanha,1,1,0,0,0,0,20,5400.28,21779.04,10,0,4,10,4,0,Ativo,2,0.4,0.0
A00899,Associado 899,40,F,RS,Porto Alegre,Pessoa Física,2019-08-10,Agência,1,1,0,0,0,0,15,3046.25,4806.12,7,40,5,3,0,0,Ativo,2,0.0,0.0
A00900,Associado 900,43,M,RS,Porto Alegre,Pessoa Física,2021-01-08,Agência,1,0,0,0,1,0,17,605.96,6656.26,9,13,4,8,1,0,Ativo,2,0.12,0.0
A00901,Associado 901,48,F,RS,Porto Alegre,Pessoa Física,2022-10-19,Digital,1,1,0,0,0,0,29,3789.89,172854.23,6,3,14,6,3,0,Ativo,2,0.5,0.0
A00902,Associado 902,51,F,RS,Porto Alegre,Pessoa Física,2019-09-06,Agência,0,1,0,1,0,0,1,0.0,11739.63,9,246,0,6,2,0,Churned,2,0.33,0.0
A00903,Associado 903,71,F,RS,Porto Alegre,Pessoa Jurídica,2019-10-06,Agência,1,0,1,0,0,0,16,6494.74,0.0,6,180,2,4,2,0,Inativo,2,0.5,0.0
A00904,Associado 904,36,M,PR,Curitiba,Pessoa Jurídica,2018-02-27,Agência,1,1,1,0,1,0,41,17215.02,5378.28,10,11,6,9,4,0,Ativo,4,0.44,0.0
A00905,Associado 905,51,M,SC,Florianópolis,Pessoa Jurídica,2021-02-09,Agência,1,0,0,0,1,0,37,34887.42,0.0,7,1,6,7,4,1,Ativo,2,0.57,0.25
A00906,Associado 906,47,F,MG,Belo Horizonte,Pessoa Física,2019-08-20,Agência,1,1,0,0,0,0,17,9333.35,0.0,10,7,4,5,1,0,Ativo,2,0.2,0.0
A00907,Associado 907,54,F,SP,São Paulo,Pessoa Física,2023-01-24,Campanha,0,0,0,0,0,0,3,0.0,13274.6,6,245,2,6,1,0,Churned,0,0.17,0.0
A00908,Associado 908,54,M,RS,Porto Alegre,Pessoa Física,2024-06-20,Agência,1,1,1,0,1,0,19,7505.99,0.0,10,1,5,3,1,0,Ativo,4,0.33,0.0
A00909,Associado 909,48,M,RS,Porto Alegre,Pessoa Jurídica,2018-06-11,Agência,1,0,0,1,0,0,44,25174.49,30260.71,8,6,10,9,2,0,Ativo,2,0.22,0.0
A00910,Associado 910,46,M,SC,Florianópolis,Pessoa Física,2022-12-27,Agência,1,1,0,0,0,0,18,4870.98,0.0,9,8,5,3,2,0,Ativo,2,0.67,0.0
A00911,Associado 911,41,F,PR,Londrina,Pessoa Física,2023-05-28,Campanha,1,1,0,0,0,0,18,5639.26,17287.05,8,20,10,5,3,1,Ativo,2,0.6,0.33
A00912,Associado 912,37,M,RS,Porto Alegre,Pessoa Jurídica,2018-11-20,Indicação,1,1,1,1,0,0,12,29133.41,0.0,10,144,5,8,2,0,Inativo,4,0.25,0.0
A00913,Associado 913,45,M,PR,Curitiba,Pessoa Física,2025-07-28,Indicação,1,1,1,0,0,0,42,1345.47,82414.11,6,10,8,4,0,0,Ativo,3,0.0,0.0
A00914,Associado 914,31,M,SC,Joinville,Agro,2025-03-12,Agência,1,1,1,0,0,1,51,5578.48,3101.55,10,14,13,9,5,2,Ativo,4,0.56,0.4
A00915,Associado 915,39,F,PR,Londrina,Agro,2020-06-17,Indicação,1,1,0,1,0,1,27,16778.85,0.0,9,42,7,4,3,0,Ativo,4,0.75,0.0
A00916,Associado 916,39,M,SC,Florianópolis,Pessoa Física,2020-01-30,Digital,1,0,0,0,0,0,19,1280.98,5885.95,7,16,14,4,2,0,Ativo,1,0.5,0.0
A00917,Associado 917,47,F,RS,Porto Alegre,Pessoa Física,2019-05-17,Agência,1,0,0,0,0,0,2,2873.66,41330.24,6,34,0,8,2,0,Churned,1,0.25,0.0
A00918,Associado 918,38,F,MG,Belo Horizonte,Pessoa Física,2018-02-26,Digital,1,1,0,0,0,0,0,1137.34,0.0,8,193,0,6,1,0,Churned,2,0.17,0.0
A00919,Associado 919,64,F,SP,São Paulo,Pessoa Jurídica,2021-04-03,Indicação,1,1,0,0,0,0,43,9864.69,30561.52,10,3,3,4,2,0,Ativo,2,0.5,0.0
A00920,Associado 920,44,F,RS,Caxias do Sul,Pessoa Física,2024-06-02,Indicação,1,1,1,0,0,0,41,3733.46,27698.9,9,2,7,7,3,1,Ativo,3,0.43,0.33
A00921,Associado 921,48,M,MG,Belo Horizonte,Pessoa Jurídica,2020-10-24,Campanha,1,1,0,0,0,0,50,74403.48,6937.74,10,2,8,8,5,0,Ativo,2,0.62,0.0
A00922,Associado 922,42,F,SC,Joinville,Pessoa Física,2024-09-23,Campanha,1,0,1,0,0,0,3,7279.15,0.0,7,256,0,5,2,0,Churned,2,0.4,0.0
A00923,Associado 923,36,F,MG,Belo Horizonte,Pessoa Física,2020-03-17,Agência,1,1,1,0,0,0,28,3730.2,5050.23,9,5,7,3,2,0,Ativo,3,0.67,0.0
A00924,Associado 924,30,F,SP,São Paulo,Pessoa Física,2023-03-16,Digital,1,1,1,0,1,0,50,548.93,30754.22,7,14,31,5,5,0,Ativo,4,1.0,0.0
A00925,Associado 925,56,M,SC,Florianópolis,Pessoa Jurídica,2021-02-03,Agência,1,0,0,0,0,0,33,21481.72,0.0,9,23,4,7,2,0,Ativo,1,0.29,0.0
A00926,Associado 926,49,M,RS,Caxias do Sul,Pessoa Física,2019-09-12,Campanha,1,1,0,0,1,0,33,2575.62,0.0,6,18,7,4,2,0,Ativo,3,0.5,0.0
A00927,Associado 927,68,M,RS,Porto Alegre,Pessoa Jurídica,2020-02-18,Agência,1,1,0,0,0,0,38,12924.45,17625.27,6,0,6,6,0,0,Ativo,2,0.0,0.0
A00928,Associado 928,58,M,SC,Florianópolis,Pessoa Física,2020-02-18,Campanha,1,0,0,0,0,0,2,1571.23,0.0,10,171,1,6,1,0,Churned,1,0.17,0.0
A00929,Associado 929,57,F,PR,Curitiba,Pessoa Física,2025-02-26,Digital,1,0,1,0,1,0,18,916.23,6046.76,10,19,8,6,1,0,Ativo,3,0.17,0.0
A00930,Associado 930,23,F,RS,Porto Alegre,Agro,2018-06-15,Digital,1,0,0,0,0,1,30,1159.29,0.0,7,26,12,6,5,2,Ativo,2,0.83,0.4
A00931,Associado 931,42,F,RS,Caxias do Sul,Agro,2021-07-01,Agência,1,1,0,1,0,0,61,2535.5,38005.09,10,11,12,6,2,0,Ativo,3,0.33,0.0
A00932,Associado 932,35,M,SP,São Paulo,Pessoa Física,2019-10-28,Digital,1,1,0,0,1,0,41,7267.47,0.0,10,4,18,4,3,0,Ativo,3,0.75,0.0
A00933,Associado 933,40,M,RJ,Rio de Janeiro,Pessoa Física,2018-05-08,Campanha,1,0,0,0,0,0,16,2003.59,54509.71,8,5,5,4,4,0,Ativo,1,1.0,0.0
A00934,Associado 934,33,M,SC,Florianópolis,Pessoa Jurídica,2018-03-17,Agência,1,1,0,0,1,0,56,18875.64,0.0,10,50,11,7,5,0,Ativo,3,0.71,0.0
A00935,Associado 935,35,F,RS,Porto Alegre,Pessoa Física,2020-06-05,Digital,1,0,1,0,0,0,15,3904.29,0.0,7,6,10,8,4,1,Ativo,2,0.5,0.25
A00936,Associado 936,37,F,RS,Caxias do Sul,Pessoa Física,2021-05-29,Agência,1,0,1,0,0,0,3,2207.04,11889.41,5,128,1,4,1,0,Inativo,2,0.25,0.0
A00937,Associado 937,30,F,RS,Caxias do Sul,Agro,2025-09-30,Digital,1,1,0,1,1,1,58,2175.93,1105.41,9,16,20,5,5,0,Ativo,5,1.0,0.0
A00938,Associado 938,39,M,MG,Belo Horizonte,Pessoa Física,2024-10-17,Agência,1,1,1,0,1,0,63,1714.22,4998.99,8,9,11,2,2,1,Ativo,4,1.0,0.5
A00939,Associado 939,56,M,RS,Porto Alegre,Pessoa Física,2019-09-27,Agência,0,0,0,0,0,0,6,0.0,2811.14,7,21,1,3,0,0,Ativo,0,0.0,0.0
A00940,Associado 940,68,F,PR,Curitiba,Pessoa Física,2022-06-30,Campanha,0,0,0,0,0,0,7,0.0,0.0,5,10,4,4,2,0,Ativo,0,0.5,0.0
A00941,Associado 941,18,M,RS,Porto Alegre,Pessoa Jurídica,2019-09-07,Digital,0,1,1,1,0,0,27,0.0,0.0,9,20,11,5,3,0,Ativo,3,0.6,0.0
A00942,Associado 942,61,F,PR,Curitiba,Pessoa Jurídica,2020-09-12,Agência,0,0,0,0,0,0,20,0.0,793.17,6,6,7,7,3,0,Ativo,0,0.43,0.0
A00943,Associado 943,49,F,PR,Curitiba,Pessoa Física,2025-01-17,Digital,1,1,1,0,0,0,31,1380.81,2362.12,10,0,8,4,1,0,Ativo,3,0.25,0.0
A00944,Associado 944,50,M,SP,São Paulo,Pessoa Física,2021-03-02,Agência,1,1,1,0,0,0,8,665.84,10891.92,8,36,0,8,3,1,Inativo,3,0.38,0.33
A00945,Associado 945,26,F,RS,Caxias do Sul,Pessoa Física,2019-03-17,Agência,1,1,1,0,0,0,29,6037.22,0.0,10,1,16,13,9,0,Ativo,3,0.69,0.0
A00946,Associado 946,38,F,RS,Porto Alegre,Pessoa Jurídica,2022-04-07,Digital,1,0,0,0,0,0,35,2913.63,0.0,6,22,9,4,2,1,Ativo,1,0.5,0.5
A00947,Associado 947,22,F,RS,Porto Alegre,Pessoa Física,2025-03-19,Agência,1,1,0,1,0,0,27,1995.61,0.0,8,23,8,7,1,0,Ativo,3,0.14,0.0
A00948,Associado 948,50,F,MG,Belo Horizonte,Agro,2024-09-04,Indicação,1,1,1,0,0,1,45,7311.46,0.0,10,9,14,9,6,3,Ativo,4,0.67,0.5
A00949,Associado 949,26,F,MG,Belo Horizonte,Pessoa Física,2018-09-01,Digital,1,1,0,0,0,0,39,6896.22,6638.16,10,12,12,8,5,0,Ativo,2,0.62,0.0
A00950,Associado 950,48,M,PR,Curitiba,Agro,2020-02-07,Indicação,1,0,0,0,1,1,38,7642.82,7307.45,7,13,5,6,2,1,Ativo,3,0.33,0.5
A00951,Associado 951,37,F,PR,Curitiba,Pessoa Física,2019-02-19,Campanha,0,0,0,0,0,0,3,0.0,10147.83,7,1,0,3,2,1,Ativo,0,0.67,0.5
A00952,Associado 952,53,M,PR,Londrina,Pessoa Jurídica,2024-10-10,Agência,1,1,0,0,1,0,52,5763.42,120480.97,7,13,6,7,3,1,Ativo,3,0.43,0.33
A00953,Associado 953,34,F,RS,Porto Alegre,Pessoa Física,2018-09-06,Digital,1,0,0,0,0,0,17,10723.2,0.0,8,2,6,5,3,0,Ativo,1,0.6,0.0
A00954,Associado 954,28,M,MG,Belo Horizonte,Pessoa Física,2024-04-19,Digital,1,1,1,1,0,0,26,8939.22,25437.2,10,27,15,9,8,1,Ativo,4,0.89,0.12
A00955,Associado 955,54,M,SC,Joinville,Agro,2020-05-11,Agência,1,1,0,0,0,1,48,5978.06,0.0,10,0,8,2,2,1,Ativo,3,1.0,0.5
A00956,Associado 956,45,M,SC,Florianópolis,Agro,2022-12-01,Indicação,1,1,1,0,0,1,33,3637.34,5759.61,7,3,5,5,2,0,Ativo,4,0.4,0.0
A00957,Associado 957,52,F,SC,Joinville,Pessoa Física,2020-03-29,Indicação,0,0,1,0,0,0,14,0.0,73612.67,7,31,3,5,1,1,Ativo,1,0.2,1.0
A00958,Associado 958,29,M,RS,Porto Alegre,Pessoa Jurídica,2020-05-11,Digital,1,1,1,0,1,0,81,15311.24,7760.08,10,14,14,5,5,0,Ativo,4,1.0,0.0
A00959,Associado 959,38,F,RS,Caxias do Sul,Pessoa Física,2018-07-29,Digital,1,1,1,0,1,0,38,1663.39,11423.63,10,3,27,6,6,0,Ativo,4,1.0,0.0
A00960,Associado 960,53,F,SP,São Paulo,Agro,2023-07-20,Agência,1,0,0,0,1,0,18,8284.39,22117.85,9,78,0,9,4,0,Inativo,2,0.44,0.0
A00961,Associado 961,33,M,RS,Caxias do Sul,Pessoa Física,2023-11-28,Digital,0,0,0,0,0,0,2,0.0,0.0,6,144,2,5,1,0,Inativo,0,0.2,0.0
A00962,Associado 962,31,M,PR,Curitiba,Pessoa Física,2024-07-05,Indicação,1,1,0,0,0,1,37,4117.36,0.0,7,2,15,8,4,2,Ativo,3,0.5,0.5
A00963,Associado 963,41,F,RS,Caxias do Sul,Pessoa Física,2023-12-30,Digital,0,0,0,0,0,0,4,0.0,0.0,6,133,0,3,0,0,Inativo,0,0.0,0.0
A00964,Associado 964,60,F,SC,Joinville,Pessoa Física,2019-11-07,Agência,1,0,0,0,0,0,27,2557.59,14555.17,9,28,7,8,2,1,Ativo,1,0.25,0.5
A00965,Associado 965,50,F,RS,Porto Alegre,Agro,2023-11-05,Indicação,1,1,1,1,0,0,33,3244.63,0.0,8,12,4,4,0,0,Ativo,4,0.0,0.0
A00966,Associado 966,36,M,SC,Joinville,Pessoa Física,2023-12-28,Digital,0,1,0,0,0,0,20,0.0,0.0,5,8,14,7,5,1,Ativo,1,0.71,0.2
A00967,Associado 967,30,F,SP,São Paulo,Pessoa Física,2021-09-17,Digital,1,1,0,0,0,0,11,1663.29,2562.1,7,70,6,5,1,0,Inativo,2,0.2,0.0
A00968,Associado 968,42,F,RS,Porto Alegre,Pessoa Física,2025-06-14,Digital,1,1,0,0,0,0,26,3167.34,22001.85,9,29,10,9,5,0,Ativo,2,0.56,0.0
A00969,Associado 969,33,F,PR,Curitiba,Pessoa Jurídica,2018-01-26,Digital,1,0,0,0,1,0,32,23019.15,15177.17,4,9,12,5,2,0,Ativo,2,0.4,0.0
A00970,Associado 970,41,F,SC,Joinville,Pessoa Física,2025-05-17,Indicação,1,1,1,0,0,0,12,2569.63,31139.6,9,122,5,7,2,0,Inativo,3,0.29,0.0
A00971,Associado 971,59,F,PR,Londrina,Pessoa Física,2022-07-09,Campanha,1,0,0,0,0,0,3,2372.49,150402.77,10,67,3,5,1,0,Inativo,1,0.2,0.0
A00972,Associado 972,40,F,MG,Belo Horizonte,Agro,2018-12-28,Agência,0,0,0,0,0,1,4,0.0,0.0,7,313,0,2,0,0,Churned,1,0.0,0.0
A00973,Associado 973,57,F,SP,São Paulo,Pessoa Física,2023-03-10,Campanha,1,0,0,0,1,0,25,8885.2,168673.96,7,12,7,5,1,1,Ativo,2,0.2,1.0
A00974,Associado 974,27,F,RS,Porto Alegre,Pessoa Jurídica,2022-08-10,Digital,1,1,0,0,0,0,50,9868.26,0.0,7,7,20,5,5,1,Ativo,2,1.0,0.2
A00975,Associado 975,53,F,RS,Porto Alegre,Pessoa Jurídica,2018-12-26,Indicação,1,1,1,1,1,0,85,10185.1,11105.04,10,1,11,7,1,0,Ativo,5,0.14,0.0
A00976,Associado 976,31,F,RS,Porto Alegre,Pessoa Física,2023-05-21,Campanha,1,1,1,1,0,0,48,1167.25,5229.89,10,4,9,7,3,1,Ativo,4,0.43,0.33
A00977,Associado 977,28,F,PR,Londrina,Agro,2020-09-22,Digital,1,1,1,0,0,1,39,4177.65,2208.33,9,40,17,8,6,1,Ativo,4,0.75,0.17
A00978,Associado 978,44,F,RS,Caxias do Sul,Pessoa Jurídica,2018-03-18,Indicação,1,1,1,1,1,0,73,22183.97,0.0,10,2,8,8,3,0,Ativo,5,0.38,0.0
A00979,Associado 979,40,M,SC,Joinville,Pessoa Física,2023-11-13,Agência,1,1,1,0,0,0,25,18595.18,0.0,10,2,12,8,7,2,Ativo,3,0.88,0.29
A00980,Associado 980,48,F,PR,Curitiba,Pessoa Física,2020-08-14,Agência,1,1,0,0,0,0,19,1935.83,11838.7,8,4,6,9,1,0,Ativo,2,0.11,0.0
A00981,Associado 981,55,F,RS,Caxias do Sul,Pessoa Jurídica,2018-08-06,Indicação,1,1,0,0,0,0,37,13991.08,0.0,8,1,5,4,2,1,Ativo,2,0.5,0.5
A00982,Associado 982,40,F,SP,São Paulo,Pessoa Física,2024-08-12,Campanha,1,1,1,0,0,0,37,12551.87,3459.98,8,1,6,8,1,0,Ativo,3,0.12,0.0
A00983,Associado 983,44,F,RS,Porto Alegre,Agro,2023-10-01,Campanha,1,0,0,0,0,1,17,14095.19,55839.57,10,14,2,11,4,0,Ativo,2,0.36,0.0
A00984,Associado 984,23,F,RS,Caxias do Sul,Pessoa Física,2022-01-07,Digital,1,1,0,0,0,0,20,5791.38,0.0,8,64,9,7,2,1,Ativo,2,0.29,0.5
A00985,Associado 985,27,M,SP,São Paulo,Pessoa Física,2019-11-18,Digital,1,1,0,0,1,0,30,4825.09,0.0,9,26,14,2,2,2,Ativo,3,1.0,1.0
A00986,Associado 986,32,F,SC,Florianópolis,Pessoa Física,2018-02-02,Digital,1,1,0,1,0,0,21,3812.38,0.0,8,11,8,5,2,0,Ativo,3,0.4,0.0
A00987,Associado 987,31,M,PR,Curitiba,Pessoa Física,2025-05-15,Campanha,0,0,0,0,0,0,0,0.0,2804.83,4,213,1,2,0,0,Churned,0,0.0,0.0
A00988,Associado 988,33,F,SC,Joinville,Pessoa Física,2019-03-01,Digital,1,0,0,0,0,0,12,2283.49,0.0,8,6,4,4,3,1,Ativo,1,0.75,0.33
A00989,Associado 989,50,M,RS,Porto Alegre,Agro,2020-02-26,Indicação,1,0,0,0,0,1,30,12445.64,19008.71,9,0,1,11,1,0,Ativo,2,0.09,0.0
A00990,Associado 990,41,M,SP,São Paulo,Pessoa Jurídica,2024-12-17,Digital,1,1,0,0,0,0,48,9258.39,0.0,6,0,7,5,1,1,Ativo,2,0.2,1.0
A00991,Associado 991,47,F,SP,São Paulo,Pessoa Jurídica,2020-01-09,Digital,1,1,1,0,0,0,57,15588.49,14938.38,7,6,8,3,1,0,Ativo,3,0.33,0.0
A00992,Associado 992,29,M,PR,Londrina,Pessoa Jurídica,2020-02-06,Digital,1,1,1,0,0,0,53,5958.68,0.0,9,1,21,4,2,1,Ativo,3,0.5,0.5
A00993,Associado 993,40,M,RS,Porto Alegre,Pessoa Jurídica,2022-12-23,Campanha,1,0,0,0,0,0,4,11639.67,22867.52,5,225,0,7,2,1,Churned,1,0.29,0.5
A00994,Associado 994,40,F,PR,Curitiba,Pessoa Física,2022-11-07,Digital,1,0,0,0,0,0,32,853.39,6521.96,7,1,9,3,1,1,Ativo,1,0.33,1.0
A00995,Associado 995,51,M,SC,Joinville,Agro,2021-10-09,Campanha,1,0,0,0,0,1,28,14910.24,0.0,5,4,4,10,2,1,Ativo,2,0.2,0.5
A00996,Associado 996,54,M,RS,Caxias do Sul,Pessoa Física,2025-07-06,Agência,1,1,0,0,0,0,17,2365.81,20924.97,9,11,6,6,3,1,Ativo,2,0.5,0.33
A00997,Associado 997,30,M,MG,Belo Horizonte,Agro,2018-07-18,Digital,1,1,1,0,0,1,54,18895.02,2411.75,8,21,21,8,6,1,Ativo,4,0.75,0.17
A00998,Associado 998,33,F,RS,Porto Alegre,Pessoa Jurídica,2019-12-16,Indicação,1,0,0,0,0,0,30,13722.85,0.0,7,6,4,3,1,0,Ativo,1,0.33,0.0
A00999,Associado 999,37,F,RJ,Rio de Janeiro,Pessoa Física,2024-10-18,Indicação,1,0,0,0,0,0,7,12282.51,0.0,9,0,2,7,3,0,Ativo,1,0.43,0.0
A01000,Associado 1000,49,F,SC,Florianópolis,Pessoa Física,2018-10-15,Campanha,1,1,0,0,0,0,16,1404.38,57840.81,10,92,2,3,1,0,Inativo,2,0.33,0.0
A01001,Associado 1001,26,F,RS,Caxias do Sul,Pessoa Física,2023-07-18,Agência,1,1,1,0,0,0,32,15047.9,10825.77,9,8,11,6,2,0,Ativo,3,0.33,0.0
A01002,Associado 1002,43,M,SC,Florianópolis,Pessoa Física,2025-07-29,Agência,0,0,0,0,0,0,10,0.0,4230.4,7,12,6,4,2,0,Ativo,0,0.5,0.0
A01003,Associado 1003,35,F,MG,Belo Horizonte,Pessoa Física,2025-02-27,Digital,1,0,0,0,1,0,2,6311.37,0.0,6,256,0,6,2,0,Churned,2,0.33,0.0
A01004,Associado 1004,44,M,SP,São Paulo,Pessoa Física,2020-03-21,Agência,1,1,0,1,0,0,26,16489.69,80391.77,10,34,5,2,0,0,Ativo,3,0.0,0.0
A01005,Associado 1005,28,F,SP,São Paulo,Pessoa Física,2024-09-21,Campanha,1,1,0,0,0,0,29,5535.67,826.42,5,1,9,10,1,0,Ativo,2,0.1,0.0
A01006,Associado 1006,39,F,PR,Curitiba,Agro,2023-07-24,Agência,1,1,0,0,0,1,40,8613.47,53296.21,9,6,11,0,0,0,Ativo,3,0.0,0.0
A01007,Associado 1007,34,M,PR,Curitiba,Pessoa Jurídica,2020-07-05,Digital,1,0,0,0,0,0,31,3510.71,0.0,8,27,10,2,0,0,Ativo,1,0.0,0.0
A01008,Associado 1008,72,M,SP,São Paulo,Agro,2023-04-22,Agência,1,1,1,1,1,1,67,11761.56,87863.21,8,16,8,5,2,0,Ativo,6,0.4,0.0
A01009,Associado 1009,32,F,RS,Caxias do Sul,Pessoa Jurídica,2022-11-21,Digital,1,0,0,0,0,0,38,8831.79,14509.53,7,8,10,4,0,0,Ativo,1,0.0,0.0
A01010,Associado 1010,33,F,SC,Joinville,Pessoa Física,2023-05-27,Digital,1,1,0,0,0,0,8,3520.52,13477.32,8,112,4,10,3,0,Inativo,2,0.3,0.0
A01011,Associado 1011,42,F,RS,Porto Alegre,Pessoa Física,2019-12-18,Agência,1,1,0,1,0,0,25,3984.87,6224.02,7,12,5,5,2,0,Ativo,3,0.4,0.0
A01012,Associado 1012,32,F,RJ,Rio de Janeiro,Pessoa Jurídica,2020-04-04,Digital,1,1,0,0,0,0,24,6420.77,0.0,9,7,7,4,1,0,Ativo,2,0.25,0.0
A01013,Associado 1013,26,F,MG,Belo Horizonte,Agro,2022-09-24,Digital,1,1,1,0,1,0,90,14114.95,5231.92,8,54,32,6,5,0,Ativo,4,0.83,0.0
A01014,Associado 1014,59,M,RS,Caxias do Sul,Pessoa Física,2020-10-22,Campanha,1,1,0,0,1,0,31,3266.86,26369.35,8,17,7,7,2,1,Ativo,3,0.29,0.5
A01015,Associado 1015,57,F,SP,São Paulo,Agro,2024-02-11,Agência,1,0,0,0,0,0,3,12822.23,21531.03,9,149,0,7,3,1,Churned,1,0.43,0.33
A01016,Associado 1016,23,M,MG,Belo Horizonte,Agro,2025-06-14,Digital,1,1,0,0,0,1,25,10185.11,0.0,9,4,7,3,1,0,Ativo,3,0.33,0.0
A01017,Associado 1017,60,F,RS,Porto Alegre,Pessoa Jurídica,2022-05-04,Campanha,1,1,0,0,0,0,36,13193.58,51725.26,10,23,4,7,2,2,Ativo,2,0.29,1.0
A01018,Associado 1018,41,F,PR,Londrina,Agro,2025-04-03,Indicação,1,0,0,0,1,1,43,23115.82,18451.4,9,7,15,5,4,0,Ativo,3,0.8,0.0
A01019,Associado 1019,31,M,MG,Belo Horizonte,Pessoa Física,2020-02-02,Campanha,1,0,0,0,0,0,6,1613.96,9555.83,9,115,3,9,2,0,Inativo,1,0.22,0.0
A01020,Associado 1020,58,F,RS,Porto Alegre,Agro,2018-01-22,Campanha,0,0,0,0,0,1,3,0.0,37997.27,9,203,0,9,3,1,Churned,1,0.33,0.33
A01021,Associado 1021,28,M,PR,Curitiba,Pessoa Jurídica,2024-03-09,Digital,1,1,1,0,0,0,57,10478.29,0.0,6,21,13,9,6,0,Ativo,3,0.67,0.0
A01022,Associado 1022,53,M,RS,Porto Alegre,Pessoa Física,2024-11-29,Indicação,1,1,0,0,1,0,0,3000.42,0.0,6,191,0,2,0,0,Churned,3,0.0,0.0
A01023,Associado 1023,68,F,MG,Belo Horizonte,Agro,2019-04-11,Agência,1,0,1,0,1,0,10,7132.59,38406.55,9,84,4,5,2,0,Inativo,3,0.4,0.0
A01024,Associado 1024,47,M,RJ,Rio de Janeiro,Pessoa Física,2018-06-21,Digital,1,1,1,0,1,0,19,1477.99,4036.05,7,8,9,9,6,2,Ativo,4,0.67,0.33
A01025,Associado 1025,44,F,MG,Belo Horizonte,Pessoa Física,2025-06-15,Indicação,1,0,1,1,0,0,31,2016.65,6838.82,9,1,9,5,4,3,Ativo,3,0.8,0.75
A01026,Associado 1026,41,F,SC,Florianópolis,Pessoa Física,2020-03-07,Digital,1,1,0,1,0,1,32,8022.59,0.0,10,11,11,12,5,1,Ativo,4,0.42,0.2
A01027,Associado 1027,54,F,MG,Belo Horizonte,Pessoa Física,2022-03-22,Indicação,1,1,0,0,0,0,8,1486.19,25803.18,4,167,1,6,2,0,Inativo,2,0.33,0.0
A01028,Associado 1028,38,F,SP,São Paulo,Pessoa Física,2018-09-01,Indicação,0,0,1,0,1,0,16,0.0,2980.45,9,2,9,12,5,1,Ativo,2,0.42,0.2
A01029,Associado 1029,35,F,RS,Porto Alegre,Pessoa Jurídica,2019-02-25,Agência,1,1,0,0,0,1,44,3716.22,26827.84,7,0,6,9,3,2,Ativo,3,0.33,0.67
A01030,Associado 1030,40,F,SP,São Paulo,Pessoa Física,2024-08-23,Campanha,1,1,0,0,0,0,25,2264.83,0.0,8,40,9,4,3,1,Ativo,2,0.75,0.33
A01031,Associado 1031,23,F,RS,Caxias do Sul,Pessoa Física,2018-12-07,Digital,0,0,0,0,0,0,7,0.0,542.34,9,10,5,5,1,0,Ativo,0,0.2,0.0
A01032,Associado 1032,49,M,PR,Londrina,Pessoa Física,2023-06-07,Agência,1,0,0,0,1,0,3,15114.68,0.0,6,76,1,5,1,0,Inativo,2,0.2,0.0
A01033,Associado 1033,47,F,RS,Porto Alegre,Pessoa Física,2025-06-11,Campanha,1,1,1,0,1,0,54,4460.98,1728.63,6,6,9,4,1,0,Ativo,4,0.25,0.0
A01034,Associado 1034,42,M,RS,Caxias do Sul,Pessoa Jurídica,2018-05-03,Digital,1,0,0,1,1,0,70,2871.12,5503.84,8,14,15,3,1,0,Ativo,3,0.33,0.0
A01035,Associado 1035,36,F,RS,Porto Alegre,Pessoa Jurídica,2020-05-21,Indicação,1,1,0,0,0,0,15,10484.91,5436.6,7,157,7,5,4,1,Inativo,2,0.8,0.25
A01036,Associado 1036,54,F,PR,Curitiba,Agro,2019-03-10,Digital,1,1,0,0,1,1,28,13094.9,14364.22,9,26,11,3,2,0,Ativo,4,0.67,0.0
A01037,Associado 1037,35,M,RS,Porto Alegre,Pessoa Jurídica,2024-02-14,Digital,1,1,1,1,1,0,94,7370.71,2699.83,7,8,33,9,9,1,Ativo,5,1.0,0.11
A01038,Associado 1038,48,M,SP,São Paulo,Pessoa Física,2020-11-03,Indicação,1,0,0,0,0,1,1,3345.27,4104.15,9,244,0,3,1,1,Churned,2,0.33,1.0
A01039,Associado 1039,31,M,RS,Caxias do Sul,Agro,2018-03-11,Digital,1,1,0,0,0,0,36,10462.38,48705.94,7,19,18,8,7,2,Ativo,2,0.88,0.29
A01040,Associado 1040,22,M,RS,Porto Alegre,Pessoa Jurídica,2019-10-13,Digital,1,1,0,0,0,1,35,27410.68,15983.15,8,17,8,8,4,1,Ativo,3,0.5,0.25
A01041,Associado 1041,52,F,SC,Joinville,Pessoa Física,2025-03-23,Agência,0,0,1,1,1,0,0,0.0,5777.39,5,230,0,4,1,1,Churned,3,0.25,1.0
A01042,Associado 1042,39,F,SP,São Paulo,Pessoa Jurídica,2024-06-23,Campanha,1,1,1,0,1,0,46,3121.43,0.0,7,8,9,10,7,2,Ativo,4,0.7,0.29
A01043,Associado 1043,56,M,RS,Porto Alegre,Agro,2024-10-20,Agência,1,1,0,0,0,1,54,12485.48,0.0,8,33,15,9,4,0,Ativo,3,0.44,0.0
A01044,Associado 1044,48,F,PR,Londrina,Pessoa Jurídica,2022-06-04,Campanha,1,1,0,0,0,0,61,78275.96,17396.1,10,3,2,6,2,0,Ativo,2,0.33,0.0
A01045,Associado 1045,28,M,MG,Belo Horizonte,Pessoa Física,2023-03-24,Digital,1,0,0,0,0,0,23,4061.67,1731.46,7,11,12,8,6,2,Ativo,1,0.75,0.33
A01046,Associado 1046,23,M,PR,Curitiba,Pessoa Jurídica,2018-08-15,Digital,1,0,1,0,0,0,38,6552.93,0.0,9,26,11,6,2,0,Ativo,2,0.33,0.0
A01047,Associado 1047,62,M,RS,Porto Alegre,Pessoa Física,2021-11-06,Campanha,1,1,1,0,1,0,33,5976.93,32703.77,10,20,6,4,2,0,Ativo,4,0.5,0.0
A01048,Associado 1048,50,M,RS,Porto Alegre,Pessoa Física,2023-08-01,Agência,1,1,1,1,1,0,47,1677.71,0.0,10,16,18,2,2,0,Ativo,5,1.0,0.0
A01049,Associado 1049,25,M,MG,Belo Horizonte,Pessoa Física,2024-02-06,Digital,1,1,1,0,0,0,35,2671.91,0.0,8,18,10,3,2,0,Ativo,3,0.67,0.0
A01050,Associado 1050,47,F,RS,Porto Alegre,Pessoa Física,2019-06-20,Indicação,1,1,0,0,0,0,25,2605.99,36720.84,6,11,6,5,4,1,Ativo,2,0.8,0.25
A01051,Associado 1051,42,M,MG,Belo Horizonte,Pessoa Física,2021-01-27,Indicação,1,0,0,0,0,0,13,4593.72,5602.97,8,3,3,4,1,0,Ativo,1,0.25,0.0
A01052,Associado 1052,18,M,SC,Florianópolis,Pessoa Física,2018-09-27,Digital,1,0,0,0,0,0,17,1086.82,5817.71,5,1,14,5,2,0,Ativo,1,0.4,0.0
A01053,Associado 1053,46,F,MG,Belo Horizonte,Pessoa Jurídica,2021-01-22,Digital,1,1,1,1,0,0,13,19472.32,9874.09,9,212,3,5,2,1,Churned,4,0.4,0.5
A01054,Associado 1054,38,M,SP,São Paulo,Pessoa Jurídica,2022-12-21,Indicação,1,1,1,1,1,0,89,14637.07,0.0,9,11,8,7,2,1,Ativo,5,0.29,0.5
A01055,Associado 1055,48,M,RJ,Rio de Janeiro,Agro,2019-10-21,Indicação,1,1,0,0,0,0,11,7892.11,23582.28,10,129,3,8,1,0,Inativo,2,0.12,0.0
A01056,Associado 1056,47,F,SC,Florianópolis,Pessoa Física,2024-05-21,Indicação,1,1,1,0,1,0,56,1995.5,0.0,8,2,13,2,1,0,Ativo,4,0.5,0.0
A01057,Associado 1057,24,F,SP,São Paulo,Pessoa Física,2023-08-12,Digital,1,1,0,0,1,0,5,2995.42,22861.99,8,125,4,5,1,1,Inativo,3,0.2,1.0
A01058,Associado 1058,41,F,SC,Joinville,Agro,2023-11-21,Campanha,1,1,0,0,0,0,38,5148.53,5998.87,10,2,5,7,4,1,Ativo,2,0.57,0.25
A01059,Associado 1059,38,F,SC,Florianópolis,Pessoa Física,2023-06-20,Digital,1,1,0,0,0,0,1,1844.73,4203.15,6,160,1,9,1,1,Churned,2,0.11,1.0
A01060,Associado 1060,42,F,PR,Curitiba,Pessoa Jurídica,2023-01-04,Agência,1,1,1,0,1,0,65,11594.93,0.0,9,3,5,5,0,0,Ativo,4,0.0,0.0
A01061,Associado 1061,50,M,MG,Belo Horizonte,Pessoa Jurídica,2024-05-10,Digital,1,1,1,1,1,0,170,18297.21,6174.21,10,9,39,7,7,1,Ativo,5,1.0,0.14
A01062,Associado 1062,51,M,RJ,Rio de Janeiro,Pessoa Física,2021-03-12,Agência,1,1,1,0,0,0,8,1938.84,0.0,8,58,2,5,1,1,Inativo,3,0.2,1.0
A01063,Associado 1063,26,M,SP,São Paulo,Agro,2020-06-14,Agência,1,0,0,1,0,1,16,5763.31,0.0,8,10,4,6,0,0,Ativo,3,0.0,0.0
A01064,Associado 1064,34,F,SC,Florianópolis,Pessoa Jurídica,2022-02-15,Agência,1,1,0,0,0,0,31,2594.58,0.0,10,15,2,7,2,1,Ativo,2,0.29,0.5
A01065,Associado 1065,42,F,SC,Joinville,Pessoa Física,2023-05-26,Agência,1,1,0,0,0,0,20,1128.28,33408.44,10,1,5,7,2,0,Ativo,2,0.29,0.0
A01066,Associado 1066,65,F,SP,São Paulo,Pessoa Física,2018-01-17,Indicação,0,0,0,0,0,0,5,0.0,0.0,10,12,4,7,3,1,Ativo,0,0.43,0.33
A01067,Associado 1067,33,F,RS,Caxias do Sul,Pessoa Física,2023-03-19,Agência,1,0,0,0,0,0,0,585.02,2308.64,4,186,0,9,2,1,Churned,1,0.22,0.5
A01068,Associado 1068,46,F,RS,Porto Alegre,Pessoa Física,2022-06-01,Agência,0,1,1,0,0,0,12,0.0,7154.47,10,22,7,8,3,1,Ativo,2,0.38,0.33
A01069,Associado 1069,53,F,SC,Florianópolis,Pessoa Física,2021-07-25,Agência,1,0,0,1,0,0,15,7728.01,10734.12,7,7,6,5,3,1,Ativo,2,0.6,0.33
A01070,Associado 1070,64,M,RS,Porto Alegre,Pessoa Física,2019-03-12,Agência,1,1,0,1,1,0,20,8783.53,5746.22,10,34,0,3,2,0,Ativo,4,0.67,0.0
A01071,Associado 1071,55,F,RS,Caxias do Sul,Pessoa Física,2023-06-28,Agência,1,1,0,1,1,0,45,2961.8,3903.53,10,7,7,4,0,0,Ativo,4,0.0,0.0
A01072,Associado 1072,45,M,RS,Porto Alegre,Agro,2020-05-07,Digital,1,1,1,0,0,0,31,31113.15,5515.84,9,2,11,9,4,0,Ativo,3,0.44,0.0
A01073,Associado 1073,56,M,RS,Caxias do Sul,Pessoa Física,2025-06-26,Campanha,1,0,0,0,0,0,32,3001.01,6377.72,8,24,5,9,4,1,Ativo,1,0.44,0.25
A01074,Associado 1074,31,M,RS,Porto Alegre,Pessoa Física,2021-03-01,Campanha,1,1,0,1,1,0,24,1339.14,5155.26,8,7,9,3,1,0,Ativo,4,0.33,0.0
A01075,Associado 1075,50,F,RJ,Rio de Janeiro,Pessoa Física,2018-09-20,Campanha,1,1,0,0,1,0,24,2248.02,14343.68,9,4,6,5,1,1,Ativo,3,0.2,1.0
A01076,Associado 1076,56,F,SC,Joinville,Pessoa Física,2024-09-07,Agência,1,1,0,0,0,0,3,5569.0,13128.64,7,267,0,4,0,0,Churned,2,0.0,0.0
A01077,Associado 1077,35,F,SC,Joinville,Pessoa Física,2023-04-30,Agência,1,0,1,0,0,0,2,3924.24,9472.51,5,246,0,5,1,0,Churned,2,0.2,0.0
A01078,Associado 1078,39,F,PR,Londrina,Pessoa Física,2024-03-05,Agência,1,0,1,0,0,0,6,5031.05,10154.63,8,38,3,9,3,0,Inativo,2,0.33,0.0
A01079,Associado 1079,36,F,RS,Porto Alegre,Pessoa Física,2020-03-18,Indicação,0,1,0,0,0,0,1,0.0,16745.88,6,267,1,7,1,0,Churned,1,0.14,0.0
A01080,Associado 1080,55,M,MG,Belo Horizonte,Pessoa Jurídica,2024-11-17,Agência,1,1,1,0,1,0,16,20463.72,6010.81,10,214,2,8,3,0,Inativo,4,0.38,0.0
A01081,Associado 1081,31,M,SP,São Paulo,Agro,2018-12-24,Digital,0,0,0,0,0,1,10,0.0,0.0,10,8,7,7,3,0,Ativo,1,0.43,0.0
A01082,Associado 1082,42,F,RS,Caxias do Sul,Pessoa Física,2024-07-29,Agência,1,0,0,0,0,0,0,2575.48,11153.64,5,166,0,8,0,0,Churned,1,0.0,0.0
A01083,Associado 1083,31,M,SC,Joinville,Pessoa Física,2021-06-28,Agência,1,0,0,0,0,0,11,1401.49,0.0,10,12,3,4,2,0,Ativo,1,0.5,0.0
A01084,Associado 1084,45,M,MG,Belo Horizonte,Pessoa Jurídica,2019-01-11,Campanha,1,1,0,0,0,0,27,13681.88,18268.24,6,35,3,6,5,0,Ativo,2,0.83,0.0
A01085,Associado 1085,39,F,MG,Belo Horizonte,Pessoa Jurídica,2020-09-15,Indicação,1,0,0,0,0,0,18,27524.25,0.0,6,23,6,5,2,1,Ativo,1,0.4,0.5
A01086,Associado 1086,49,M,SC,Florianópolis,Pessoa Física,2018-01-18,Indicação,1,1,1,0,0,0,37,709.43,0.0,8,1,10,3,2,1,Ativo,3,0.67,0.5
A01087,Associado 1087,43,M,PR,Curitiba,Agro,2022-10-05,Digital,1,1,1,1,0,1,31,7579.48,56080.09,10,38,12,2,2,0,Ativo,5,1.0,0.0
A01088,Associado 1088,48,F,RS,Porto Alegre,Pessoa Física,2025-07-26,Campanha,1,0,0,0,0,0,26,3763.25,5605.04,9,11,6,12,4,1,Ativo,1,0.33,0.25
A01089,Associado 1089,29,M,RJ,Rio de Janeiro,Pessoa Física,2024-12-07,Digital,1,0,1,0,0,0,32,1978.89,0.0,2,5,11,7,3,0,Ativo,2,0.43,0.0
A01090,Associado 1090,31,F,RS,Caxias do Sul,Pessoa Jurídica,2020-10-22,Campanha,1,0,0,0,0,0,22,11245.3,10636.21,7,24,2,10,3,1,Ativo,1,0.3,0.33
A01091,Associado 1091,30,F,MG,Belo Horizonte,Agro,2024-08-20,Agência,1,0,0,0,0,0,12,2272.32,0.0,8,103,1,10,3,0,Inativo,1,0.3,0.0
A01092,Associado 1092,37,F,PR,Curitiba,Pessoa Jurídica,2020-07-02,Digital,1,1,0,0,0,0,54,36980.52,0.0,7,2,15,4,3,0,Ativo,2,0.75,0.0
A01093,Associado 1093,44,M,PR,Curitiba,Pessoa Física,2019-07-20,Indicação,0,0,0,0,0,0,3,0.0,59166.03,9,284,0,3,1,0,Churned,0,0.33,0.0
A01094,Associado 1094,34,M,SC,Florianópolis,Pessoa Física,2021-09-14,Digital,1,0,0,0,0,0,21,5349.29,0.0,6,23,12,6,3,0,Ativo,1,0.5,0.0
A01095,Associado 1095,49,M,RS,Porto Alegre,Pessoa Física,2022-01-11,Campanha,0,0,0,0,0,0,1,0.0,2890.32,5,112,0,8,0,0,Churned,0,0.0,0.0
A01096,Associado 1096,50,F,RS,Porto Alegre,Pessoa Física,2021-06-29,Campanha,0,1,1,0,1,0,23,0.0,13556.09,7,4,6,10,4,1,Ativo,3,0.4,0.25
A01097,Associado 1097,23,M,RS,Porto Alegre,Pessoa Jurídica,2019-09-04,Digital,1,1,0,0,0,0,41,1971.04,0.0,8,5,8,9,2,1,Ativo,2,0.22,0.5
A01098,Associado 1098,39,M,RS,Porto Alegre,Pessoa Jurídica,2020-11-28,Digital,1,1,1,0,0,0,87,24324.86,480.59,8,11,9,4,0,0,Ativo,3,0.0,0.0
A01099,Associado 1099,27,F,SP,São Paulo,Pessoa Jurídica,2019-03-12,Digital,1,1,0,1,0,0,76,21947.19,2356.64,9,10,32,5,5,3,Ativo,3,1.0,0.6
A01100,Associado 1100,51,F,SC,Joinville,Agro,2019-10-10,Campanha,1,1,0,0,1,1,48,9965.95,16250.44,10,13,9,6,2,0,Ativo,4,0.33,0.0
A01101,Associado 1101,32,F,RS,Caxias do Sul,Pessoa Física,2024-08-06,Digital,1,1,0,0,0,0,22,4786.18,0.0,8,13,19,5,4,3,Ativo,2,0.8,0.75
A01102,Associado 1102,51,M,RJ,Rio de Janeiro,Agro,2025-02-22,Agência,1,1,0,0,0,1,26,10068.48,15151.3,9,3,6,7,3,1,Ativo,3,0.43,0.33
A01103,Associado 1103,32,F,MG,Belo Horizonte,Pessoa Jurídica,2018-03-24,Digital,1,0,0,1,0,0,39,11208.66,0.0,9,13,8,6,4,0,Ativo,2,0.67,0.0
A01104,Associado 1104,51,M,MG,Belo Horizonte,Pessoa Física,2022-11-25,Agência,1,1,0,1,0,0,30,7168.93,47382.72,10,3,9,3,0,0,Ativo,3,0.0,0.0
A01105,Associado 1105,46,F,RJ,Rio de Janeiro,Pessoa Jurídica,2022-09-28,Indicação,1,1,1,1,0,0,83,26681.25,0.0,9,1,9,11,6,0,Ativo,4,0.55,0.0
A01106,Associado 1106,30,F,RS,Porto Alegre,Pessoa Física,2020-11-16,Digital,1,0,0,0,0,0,4,12019.39,22197.19,10,165,3,4,0,0,Churned,1,0.0,0.0
A01107,Associado 1107,31,F,SC,Joinville,Pessoa Jurídica,2022-06-01,Digital,1,0,0,0,0,0,0,9103.03,3428.9,10,236,0,8,3,0,Churned,1,0.38,0.0
A01108,Associado 1108,25,F,SP,São Paulo,Pessoa Física,2018-01-21,Indicação,1,0,0,0,0,0,9,1989.41,817.84,10,1,8,4,3,0,Ativo,1,0.75,0.0
A01109,Associado 1109,34,M,PR,Curitiba,Pessoa Física,2021-05-26,Agência,1,1,0,0,0,0,10,4352.82,0.0,10,174,1,1,1,0,Inativo,2,1.0,0.0
A01110,Associado 1110,59,M,RS,Caxias do Sul,Pessoa Jurídica,2020-12-04,Agência,1,1,1,0,1,0,70,5255.01,0.0,9,4,12,3,1,0,Ativo,4,0.33,0.0
A01111,Associado 1111,47,M,SP,São Paulo,Pessoa Jurídica,2020-08-11,Digital,1,1,0,1,0,0,126,16552.98,14097.95,10,20,24,11,9,3,Ativo,3,0.82,0.33
A01112,Associado 1112,47,F,RS,Caxias do Sul,Pessoa Física,2021-12-01,Agência,1,0,1,0,1,0,14,4637.51,2003.28,5,10,5,7,2,0,Ativo,3,0.29,0.0
A01113,Associado 1113,44,M,RS,Porto Alegre,Pessoa Física,2025-07-04,Digital,1,1,1,0,0,0,33,9987.45,0.0,10,23,15,3,1,0,Ativo,3,0.33,0.0
A01114,Associado 1114,47,F,SC,Joinville,Pessoa Física,2020-03-08,Campanha,1,0,0,0,0,0,2,1165.78,0.0,7,215,1,5,2,0,Churned,1,0.4,0.0
A01115,Associado 1115,34,F,PR,Curitiba,Pessoa Física,2024-12-01,Indicação,0,0,0,0,0,0,2,0.0,0.0,7,201,2,7,0,0,Churned,0,0.0,0.0
A01116,Associado 1116,35,M,PR,Londrina,Agro,2019-10-18,Campanha,1,1,0,0,0,0,6,4006.78,12239.52,6,233,2,9,3,0,Churned,2,0.33,0.0
A01117,Associado 1117,41,F,RS,Porto Alegre,Agro,2020-02-02,Campanha,1,0,0,0,0,1,15,5873.09,0.0,7,8,2,2,0,0,Ativo,2,0.0,0.0
A01118,Associado 1118,31,F,MG,Belo Horizonte,Pessoa Física,2019-09-10,Digital,1,1,0,0,1,0,36,3506.64,3996.08,9,6,9,8,4,1,Ativo,3,0.5,0.25
A01119,Associado 1119,53,M,RS,Caxias do Sul,Pessoa Jurídica,2019-12-12,Agência,1,0,1,0,0,0,4,34859.91,5123.83,6,227,1,5,2,0,Churned,2,0.4,0.0
A01120,Associado 1120,53,M,RS,Caxias do Sul,Pessoa Física,2018-12-03,Agência,1,1,1,1,0,0,12,5260.68,1783.24,8,140,1,6,1,0,Inativo,4,0.17,0.0
A01121,Associado 1121,27,F,MG,Belo Horizonte,Pessoa Jurídica,2021-12-05,Indicação,1,0,0,0,0,0,31,5827.23,0.0,7,15,6,4,2,0,Ativo,1,0.5,0.0
A01122,Associado 1122,46,M,RJ,Rio de Janeiro,Pessoa Física,2020-02-07,Indicação,1,1,0,0,0,0,7,3743.23,0.0,8,199,1,1,0,0,Churned,2,0.0,0.0
A01123,Associado 1123,44,F,MG,Belo Horizonte,Pessoa Física,2024-08-29,Agência,1,1,1,1,1,0,40,1704.39,8363.72,9,6,7,4,2,0,Ativo,5,0.5,0.0
A01124,Associado 1124,47,M,SP,São Paulo,Pessoa Jurídica,2022-02-14,Digital,1,1,1,1,0,0,63,19133.53,16672.69,6,10,10,6,3,0,Ativo,4,0.5,0.0
A01125,Associado 1125,22,F,PR,Curitiba,Pessoa Física,2022-06-15,Digital,1,1,0,0,1,0,38,2525.47,13162.42,8,2,8,3,2,0,Ativo,3,0.67,0.0
A01126,Associado 1126,45,F,PR,Curitiba,Pessoa Jurídica,2020-10-17,Digital,1,1,1,0,0,0,59,14422.68,0.0,7,17,21,4,4,1,Ativo,3,1.0,0.25
A01127,Associado 1127,52,F,RS,Porto Alegre,Pessoa Jurídica,2020-12-13,Campanha,1,1,0,1,0,0,17,5493.39,7439.58,7,45,2,2,1,0,Inativo,3,0.5,0.0
A01128,Associado 1128,21,M,SC,Joinville,Pessoa Física,2022-11-11,Digital,1,1,0,0,0,0,14,2247.24,0.0,9,18,12,4,2,0,Ativo,2,0.5,0.0
A01129,Associado 1129,39,M,SC,Florianópolis,Pessoa Física,2025-03-24,Campanha,1,1,0,0,0,0,46,20339.31,1737.6,8,14,10,2,2,1,Ativo,2,1.0,0.5
A01130,Associado 1130,45,F,RS,Porto Alegre,Agro,2021-04-28,Digital,1,1,0,0,1,0,31,12970.51,0.0,10,4,7,6,1,0,Ativo,3,0.17,0.0
A01131,Associado 1131,19,M,SP,São Paulo,Pessoa Jurídica,2023-03-06,Indicação,1,1,0,0,0,0,66,8222.11,0.0,7,3,8,4,3,0,Ativo,2,0.75,0.0
A01132,Associado 1132,45,M,SC,Florianópolis,Pessoa Física,2022-06-15,Campanha,1,1,1,0,1,0,28,964.43,23184.28,6,3,6,5,0,0,Ativo,4,0.0,0.0
A01133,Associado 1133,25,M,RS,Porto Alegre,Pessoa Física,2024-12-25,Campanha,1,0,0,0,0,0,6,3637.74,2924.24,9,101,3,7,5,1,Inativo,1,0.71,0.2
A01134,Associado 1134,35,F,RS,Caxias do Sul,Pessoa Jurídica,2018-07-08,Agência,1,1,0,1,0,0,31,9275.43,11303.83,7,3,4,8,4,0,Ativo,3,0.5,0.0
A01135,Associado 1135,52,M,PR,Curitiba,Pessoa Física,2022-11-24,Agência,0,1,0,0,0,0,17,0.0,0.0,5,2,8,5,1,0,Ativo,1,0.2,0.0
A01136,Associado 1136,30,M,RS,Porto Alegre,Pessoa Física,2022-04-21,Digital,1,1,0,1,0,0,29,5749.7,6738.24,7,1,12,3,1,0,Ativo,3,0.33,0.0
A01137,Associado 1137,54,M,MG,Belo Horizonte,Pessoa Física,2020-05-19,Digital,1,0,1,0,0,0,23,5144.03,16100.37,9,26,2,8,1,0,Ativo,2,0.12,0.0
A01138,Associado 1138,61,F,SC,Florianópolis,Agro,2022-05-11,Digital,0,1,0,0,1,1,9,0.0,0.0,8,17,9,5,0,0,Ativo,3,0.0,0.0
A01139,Associado 1139,30,F,SC,Florianópolis,Pessoa Jurídica,2025-03-11,Campanha,1,1,1,1,1,0,88,39371.24,3723.22,10,5,15,4,3,0,Ativo,5,0.75,0.0
A01140,Associado 1140,66,F,PR,Londrina,Agro,2021-08-29,Agência,1,1,1,0,0,1,40,11517.06,0.0,10,11,8,5,1,0,Ativo,4,0.2,0.0
A01141,Associado 1141,31,M,SP,São Paulo,Pessoa Jurídica,2021-04-07,Digital,1,1,0,0,0,0,63,15170.58,33667.98,7,43,20,3,2,1,Ativo,2,0.67,0.5
A01142,Associado 1142,40,F,RS,Caxias do Sul,Agro,2023-12-19,Agência,1,0,0,0,0,0,3,3894.43,10459.95,6,132,0,6,2,0,Churned,1,0.33,0.0
A01143,Associado 1143,53,M,PR,Londrina,Pessoa Física,2019-11-09,Campanha,1,1,0,0,0,0,39,1445.45,0.0,9,37,7,6,3,0,Ativo,2,0.5,0.0
A01144,Associado 1144,62,M,PR,Curitiba,Pessoa Jurídica,2020-08-06,Campanha,1,0,0,0,0,0,7,26134.34,28353.61,9,34,2,7,2,0,Inativo,1,0.29,0.0
A01145,Associado 1145,56,F,RS,Porto Alegre,Pessoa Física,2022-05-07,Digital,1,0,0,0,0,0,16,5762.94,34660.93,9,5,10,3,2,0,Ativo,1,0.67,0.0
A01146,Associado 1146,40,M,MG,Belo Horizonte,Pessoa Jurídica,2018-06-01,Agência,1,0,0,0,1,0,13,4590.1,11416.54,9,89,2,9,2,0,Inativo,2,0.22,0.0
A01147,Associado 1147,56,F,SP,São Paulo,Pessoa Física,2020-07-10,Indicação,1,1,0,0,1,0,24,3254.82,0.0,10,10,6,5,3,1,Ativo,3,0.6,0.33
A01148,Associado 1148,49,M,PR,Curitiba,Pessoa Física,2021-02-02,Indicação,1,0,0,0,1,0,17,1325.42,7816.32,5,6,4,7,0,0,Ativo,2,0.0,0.0
A01149,Associado 1149,43,M,MG,Belo Horizonte,Agro,2021-01-20,Digital,0,0,0,0,1,1,16,0.0,0.0,8,16,7,1,1,0,Ativo,2,1.0,0.0
A01150,Associado 1150,52,M,MG,Belo Horizonte,Agro,2019-12-14,Campanha,1,0,0,0,0,1,8,6754.77,3431.44,9,96,2,4,0,0,Inativo,2,0.0,0.0
A01151,Associado 1151,68,M,SP,São Paulo,Pessoa Física,2020-03-15,Campanha,0,0,0,0,1,0,6,0.0,0.0,9,6,7,6,1,1,Ativo,1,0.17,1.0
A01152,Associado 1152,37,M,SP,São Paulo,Pessoa Jurídica,2023-03-24,Digital,1,1,0,0,0,0,38,16778.47,8508.01,6,15,8,7,4,2,Ativo,2,0.57,0.5
A01153,Associado 1153,26,F,PR,Londrina,Pessoa Física,2019-03-08,Digital,1,0,0,0,0,0,15,3430.92,0.0,7,10,11,10,4,0,Ativo,1,0.4,0.0
A01154,Associado 1154,50,F,PR,Curitiba,Pessoa Física,2022-05-22,Agência,1,1,0,0,0,0,32,1956.78,3107.85,9,19,7,3,1,0,Ativo,2,0.33,0.0
A01155,Associado 1155,31,F,PR,Londrina,Pessoa Jurídica,2021-08-21,Digital,1,0,1,0,1,0,44,24872.75,0.0,6,5,13,3,2,0,Ativo,3,0.67,0.0
A01156,Associado 1156,29,F,SP,São Paulo,Pessoa Física,2018-01-28,Digital,1,0,0,0,0,0,40,5099.44,6038.94,9,5,20,1,1,1,Ativo,1,1.0,1.0
A01157,Associado 1157,34,M,RS,Porto Alegre,Agro,2021-08-04,Digital,1,1,1,1,0,0,89,2108.37,0.0,10,7,25,4,4,1,Ativo,4,1.0,0.25
A01158,Associado 1158,55,M,MG,Belo Horizonte,Pessoa Física,2018-12-21,Agência,1,1,1,0,0,0,11,1455.29,57158.01,5,100,4,3,1,0,Inativo,3,0.33,0.0
A01159,Associado 1159,57,F,MG,Belo Horizonte,Pessoa Jurídica,2023-02-06,Agência,1,0,0,0,0,0,6,14088.53,5805.14,9,248,0,5,0,0,Churned,1,0.0,0.0
A01160,Associado 1160,51,F,RS,Porto Alegre,Pessoa Jurídica,2023-06-28,Agência,1,1,1,0,0,0,56,64625.83,54795.15,10,16,4,8,4,1,Ativo,3,0.5,0.25
A01161,Associado 1161,24,M,SP,São Paulo,Pessoa Física,2025-06-18,Digital,1,1,0,0,0,0,34,9010.14,0.0,7,10,19,4,3,1,Ativo,2,0.75,0.33
A01162,Associado 1162,24,F,RS,Porto Alegre,Pessoa Física,2023-12-24,Digital,1,0,0,0,0,1,16,1705.87,3692.43,8,3,9,3,2,0,Ativo,2,0.67,0.0
A01163,Associado 1163,31,M,RS,Porto Alegre,Pessoa Jurídica,2018-06-03,Digital,1,0,0,0,0,0,66,1270.64,7154.29,5,12,14,7,2,1,Ativo,1,0.29,0.5
A01164,Associado 1164,33,M,SP,São Paulo,Pessoa Jurídica,2022-01-26,Digital,1,1,0,0,0,0,72,4385.93,3790.02,9,23,25,11,10,2,Ativo,2,0.91,0.2
A01165,Associado 1165,49,F,RS,Porto Alegre,Pessoa Física,2024-07-01,Digital,1,1,0,0,1,0,20,2074.69,8654.52,9,12,8,9,6,0,Ativo,3,0.67,0.0
A01166,Associado 1166,23,M,SP,São Paulo,Pessoa Física,2020-03-26,Indicação,1,1,0,0,0,0,31,2660.57,8213.88,8,3,12,6,4,0,Ativo,2,0.67,0.0
A01167,Associado 1167,40,M,SP,São Paulo,Pessoa Física,2021-01-24,Digital,1,1,1,0,0,0,61,2045.91,8976.15,7,13,31,8,7,0,Ativo,3,0.88,0.0
A01168,Associado 1168,46,F,SC,Florianópolis,Pessoa Física,2023-11-26,Campanha,1,0,0,0,0,0,22,6623.96,72701.01,7,4,6,9,3,2,Ativo,1,0.33,0.67
A01169,Associado 1169,36,F,RS,Porto Alegre,Pessoa Física,2020-12-05,Digital,1,0,0,0,0,0,24,1341.73,0.0,7,10,5,6,2,2,Ativo,1,0.33,1.0
A01170,Associado 1170,37,M,RS,Porto Alegre,Pessoa Física,2021-04-24,Digital,1,1,0,0,1,0,27,2610.79,4019.58,8,9,18,2,2,0,Ativo,3,1.0,0.0
A01171,Associado 1171,52,F,PR,Londrina,Pessoa Jurídica,2019-03-30,Agência,1,1,0,0,0,0,23,37376.65,117078.32,6,5,5,3,1,0,Ativo,2,0.33,0.0
A01172,Associado 1172,65,M,RJ,Rio de Janeiro,Pessoa Jurídica,2024-06-28,Indicação,1,1,0,0,1,0,4,47004.32,1742.68,6,291,2,6,0,0,Churned,3,0.0,0.0
A01173,Associado 1173,22,F,PR,Londrina,Agro,2024-05-21,Campanha,1,1,0,0,0,0,15,2979.41,0.0,10,0,4,4,0,0,Ativo,2,0.0,0.0
A01174,Associado 1174,44,M,RS,Porto Alegre,Pessoa Jurídica,2021-01-11,Campanha,1,0,0,0,0,0,5,4005.64,4784.71,5,141,0,5,0,0,Inativo,1,0.0,0.0
A01175,Associado 1175,52,M,PR,Curitiba,Agro,2025-05-21,Campanha,1,0,0,0,1,1,33,7950.39,7191.72,7,19,11,5,2,1,Ativo,3,0.4,0.5
A01176,Associado 1176,55,M,SC,Joinville,Pessoa Física,2021-09-12,Agência,0,0,0,0,0,0,2,0.0,10884.95,8,135,0,5,1,0,Inativo,0,0.2,0.0
A01177,Associado 1177,28,M,SP,São Paulo,Pessoa Jurídica,2025-08-28,Digital,0,1,0,0,0,0,0,0.0,0.0,9,166,2,6,2,1,Churned,1,0.33,0.5
A01178,Associado 1178,54,M,RS,Caxias do Sul,Agro,2019-03-25,Digital,1,0,0,0,1,1,66,1879.01,0.0,7,14,14,8,6,0,Ativo,3,0.75,0.0
A01179,Associado 1179,20,M,SP,São Paulo,Pessoa Jurídica,2018-11-17,Digital,1,0,1,1,0,0,48,11062.03,4755.23,10,11,11,3,2,0,Ativo,3,0.67,0.0
A01180,Associado 1180,62,M,SC,Florianópolis,Pessoa Física,2021-03-14,Agência,1,0,0,0,0,0,22,1487.65,15648.7,8,4,5,2,2,0,Ativo,1,1.0,0.0
A01181,Associado 1181,38,M,RJ,Rio de Janeiro,Pessoa Jurídica,2018-10-05,Campanha,1,0,0,0,0,0,11,20575.27,0.0,5,109,7,4,2,1,Inativo,1,0.5,0.5
A01182,Associado 1182,47,M,RS,Porto Alegre,Agro,2025-04-13,Campanha,1,1,0,0,0,1,65,6225.3,0.0,10,30,11,3,1,0,Ativo,3,0.33,0.0
A01183,Associado 1183,34,F,PR,Londrina,Pessoa Jurídica,2020-11-03,Digital,1,1,1,0,1,0,145,11178.98,0.0,10,1,29,10,10,1,Ativo,4,1.0,0.1
A01184,Associado 1184,57,M,MG,Belo Horizonte,Pessoa Física,2019-02-18,Agência,1,1,1,0,0,0,31,5699.08,25667.8,9,3,5,7,2,0,Ativo,3,0.29,0.0
A01185,Associado 1185,45,F,RS,Porto Alegre,Pessoa Jurídica,2024-12-16,Agência,0,0,0,0,0,0,0,0.0,0.0,7,200,0,7,0,0,Churned,0,0.0,0.0
A01186,Associado 1186,50,F,MG,Belo Horizonte,Agro,2018-02-16,Indicação,0,1,1,0,0,1,17,0.0,15461.7,7,7,5,3,2,0,Ativo,3,0.67,0.0
A01187,Associado 1187,34,F,PR,Londrina,Pessoa Física,2023-04-24,Digital,1,0,0,0,0,0,21,2462.98,32844.58,10,5,13,14,10,3,Ativo,1,0.71,0.3
A01188,Associado 1188,53,M,RS,Porto Alegre,Pessoa Jurídica,2019-10-18,Campanha,1,0,0,0,1,1,34,9468.77,155384.18,6,26,8,4,3,2,Ativo,3,0.75,0.67
A01189,Associado 1189,51,M,RS,Caxias do Sul,Pessoa Física,2025-09-17,Indicação,1,1,0,0,0,0,29,4042.56,0.0,8,4,8,5,3,0,Ativo,2,0.6,0.0
A01190,Associado 1190,21,F,SP,São Paulo,Pessoa Jurídica,2024-10-15,Digital,1,0,0,0,0,0,35,16164.17,4143.23,6,17,13,8,5,1,Ativo,1,0.62,0.2
A01191,Associado 1191,42,M,RS,Porto Alegre,Pessoa Jurídica,2022-03-24,Digital,1,0,0,0,0,0,26,14677.42,0.0,8,2,12,4,1,0,Ativo,1,0.25,0.0
A01192,Associado 1192,46,M,PR,Curitiba,Pessoa Física,2021-09-09,Agência,0,0,1,0,0,0,0,0.0,0.0,5,344,1,3,1,1,Churned,1,0.33,1.0
A01193,Associado 1193,54,M,RS,Caxias do Sul,Pessoa Física,2022-12-31,Campanha,1,1,1,0,1,0,48,1965.41,6497.29,10,8,8,10,2,1,Ativo,4,0.2,0.5
A01194,Associado 1194,37,M,PR,Curitiba,Pessoa Jurídica,2021-08-09,Digital,1,1,1,1,1,0,76,6211.68,13956.31,9,10,32,6,6,0,Ativo,5,1.0,0.0
A01195,Associado 1195,50,M,RS,Caxias do Sul,Pessoa Física,2024-08-21,Campanha,1,0,0,1,1,0,14,622.2,3945.25,10,103,6,4,2,0,Inativo,3,0.5,0.0
A01196,Associado 1196,28,M,MG,Belo Horizonte,Pessoa Física,2021-01-12,Digital,1,0,0,0,0,0,16,2159.8,0.0,8,0,7,6,2,0,Ativo,1,0.33,0.0
A01197,Associado 1197,27,F,RJ,Rio de Janeiro,Pessoa Jurídica,2021-10-28,Indicação,1,1,0,0,0,0,43,5854.55,0.0,9,27,5,10,5,4,Ativo,2,0.5,0.8
A01198,Associado 1198,70,F,RJ,Rio de Janeiro,Pessoa Física,2020-06-27,Agência,1,0,1,0,1,0,21,3168.61,112950.77,10,26,0,4,1,1,Ativo,3,0.25,1.0
A01199,Associado 1199,29,F,SP,São Paulo,Pessoa Física,2024-06-30,Digital,1,1,0,0,0,1,28,1177.44,10268.37,9,3,15,5,2,0,Ativo,3,0.4,0.0
A01200,Associado 1200,45,F,RS,Caxias do Sul,Agro,2018-11-12,Indicação,1,1,0,0,0,0,33,6416.39,0.0,5,3,10,0,0,0,Ativo,2,0.0,0.0
A01201,Associado 1201,44,F,SP,São Paulo,Pessoa Física,2023-05-22,Indicação,0,0,0,0,0,0,0,0.0,48666.32,6,209,0,8,0,0,Churned,0,0.0,0.0
A01202,Associado 1202,33,M,RS,Porto Alegre,Pessoa Física,2018-08-09,Indicação,1,1,1,0,1,0,40,1381.83,13745.98,7,15,6,10,3,0,Ativo,4,0.3,0.0
A01203,Associado 1203,36,M,RS,Caxias do Sul,Pessoa Jurídica,2023-04-30,Agência,1,1,1,0,0,1,35,2997.82,5283.1,8,11,4,6,3,1,Ativo,4,0.5,0.33
A01204,Associado 1204,69,M,RS,Porto Alegre,Pessoa Jurídica,2024-03-11,Campanha,1,1,1,0,0,0,76,26396.06,15949.96,8,15,7,8,4,0,Ativo,3,0.5,0.0
A01205,Associado 1205,34,F,SC,Florianópolis,Agro,2020-04-24,Campanha,0,0,0,0,0,0,0,0.0,0.0,8,214,1,5,3,0,Churned,0,0.6,0.0
A01206,Associado 1206,34,F,SP,São Paulo,Agro,2022-02-23,Agência,1,1,1,1,0,0,34,12917.01,7868.87,9,1,9,6,2,1,Ativo,4,0.33,0.5
A01207,Associado 1207,38,M,PR,Curitiba,Pessoa Jurídica,2021-01-13,Campanha,1,0,0,0,0,0,1,32086.37,22105.38,10,233,0,3,1,0,Churned,1,0.33,0.0
A01208,Associado 1208,32,F,SC,Florianópolis,Pessoa Física,2024-08-29,Agência,1,0,0,0,0,0,24,3670.79,36848.32,7,3,3,8,1,0,Ativo,1,0.12,0.0
A01209,Associado 1209,46,M,RS,Porto Alegre,Pessoa Física,2020-10-24,Indicação,1,1,0,0,0,0,46,3345.18,0.0,8,12,13,4,2,1,Ativo,2,0.5,0.5
A01210,Associado 1210,21,M,RJ,Rio de Janeiro,Pessoa Física,2022-09-27,Digital,0,0,0,0,0,0,0,0.0,0.0,3,264,2,11,6,0,Churned,0,0.55,0.0
A01211,Associado 1211,39,M,SC,Joinville,Pessoa Física,2021-05-23,Campanha,1,0,0,0,0,0,24,1590.56,3028.89,6,2,10,3,2,0,Ativo,1,0.67,0.0
A01212,Associado 1212,30,F,SC,Joinville,Pessoa Jurídica,2021-09-21,Agência,1,1,0,1,0,0,25,40251.67,10187.76,7,1,1,6,1,0,Ativo,3,0.17,0.0
A01213,Associado 1213,34,F,RS,Caxias do Sul,Pessoa Jurídica,2025-05-24,Digital,0,0,0,0,0,0,8,0.0,90864.35,4,6,12,8,5,1,Ativo,0,0.62,0.2
A01214,Associado 1214,37,M,SP,São Paulo,Pessoa Física,2021-04-05,Digital,1,1,1,1,0,0,49,7100.19,4063.19,8,26,19,8,6,1,Ativo,4,0.75,0.17
A01215,Associado 1215,25,M,PR,Curitiba,Pessoa Jurídica,2018-10-14,Digital,0,0,0,0,0,0,30,0.0,0.0,5,25,13,4,2,0,Ativo,0,0.5,0.0
A01216,Associado 1216,56,F,RS,Porto Alegre,Pessoa Física,2023-04-28,Digital,0,0,0,1,0,0,1,0.0,0.0,3,306,1,4,1,0,Churned,1,0.25,0.0
A01217,Associado 1217,43,F,RS,Caxias do Sul,Pessoa Física,2024-08-28,Agência,1,1,1,0,0,0,12,2166.01,5532.45,8,17,5,5,2,0,Ativo,3,0.4,0.0
A01218,Associado 1218,44,F,PR,Curitiba,Pessoa Jurídica,2025-01-08,Indicação,1,1,0,0,0,0,21,21122.33,8589.16,8,26,2,8,2,0,Ativo,2,0.25,0.0
A01219,Associado 1219,47,F,PR,Curitiba,Pessoa Física,2023-12-15,Campanha,1,1,0,0,1,0,35,3825.27,3557.66,10,1,4,4,2,0,Ativo,3,0.5,0.0
A01220,Associado 1220,41,M,RS,Porto Alegre,Pessoa Física,2021-12-27,Indicação,1,1,0,1,0,1,46,886.46,2578.18,7,10,13,3,1,0,Ativo,4,0.33,0.0
A01221,Associado 1221,39,M,RJ,Rio de Janeiro,Pessoa Física,2021-01-14,Campanha,1,1,1,0,1,0,28,8756.2,4366.08,10,10,8,2,1,0,Ativo,4,0.5,0.0
A01222,Associado 1222,31,F,RS,Caxias do Sul,Pessoa Física,2022-06-10,Digital,1,1,0,0,0,0,33,1297.25,0.0,10,4,16,2,2,0,Ativo,2,1.0,0.0
A01223,Associado 1223,31,F,SC,Joinville,Pessoa Jurídica,2023-04-15,Digital,1,1,0,0,1,0,53,24289.73,6301.21,8,5,7,8,4,1,Ativo,3,0.5,0.25
A01224,Associado 1224,38,F,MG,Belo Horizonte,Agro,2023-06-17,Digital,1,1,0,1,0,1,40,2201.64,40041.75,7,5,18,2,1,0,Ativo,4,0.5,0.0
A01225,Associado 1225,56,F,SC,Joinville,Pessoa Física,2019-09-15,Agência,1,1,0,1,1,0,51,2360.3,0.0,7,4,9,11,6,1,Ativo,4,0.55,0.17
A01226,Associado 1226,40,M,PR,Curitiba,Pessoa Física,2024-05-26,Campanha,1,0,0,0,0,0,5,747.41,0.0,7,113,1,14,4,0,Inativo,1,0.29,0.0
A01227,Associado 1227,62,F,SC,Florianópolis,Pessoa Jurídica,2023-04-15,Agência,1,1,0,0,0,0,55,7083.69,24650.71,8,17,11,9,3,1,Ativo,2,0.33,0.33
A01228,Associado 1228,46,F,RS,Porto Alegre,Agro,2025-07-07,Campanha,1,1,1,1,0,1,56,1761.61,10105.55,10,14,13,5,2,0,Ativo,5,0.4,0.0
A01229,Associado 1229,30,M,RJ,Rio de Janeiro,Pessoa Física,2021-06-12,Agência,1,1,1,0,0,0,49,9315.2,0.0,9,1,27,6,6,0,Ativo,3,1.0,0.0
A01230,Associado 1230,26,F,SC,Joinville,Pessoa Física,2024-01-14,Indicação,1,1,0,0,0,0,5,6189.0,0.0,7,81,0,4,0,0,Inativo,2,0.0,0.0
A01231,Associado 1231,61,M,MG,Belo Horizonte,Pessoa Jurídica,2019-02-10,Agência,1,1,1,0,1,0,59,15965.23,32877.78,10,11,6,8,3,1,Ativo,4,0.38,0.33
A01232,Associado 1232,42,M,RS,Porto Alegre,Pessoa Jurídica,2022-03-09,Agência,1,0,1,0,1,0,38,10054.63,8622.46,9,17,6,11,4,1,Ativo,3,0.36,0.25
A01233,Associado 1233,31,M,RS,Porto Alegre,Pessoa Física,2022-10-02,Indicação,1,1,1,1,0,0,30,2099.85,3508.8,10,25,7,0,0,0,Ativo,4,0.0,0.0
A01234,Associado 1234,19,F,RS,Caxias do Sul,Pessoa Jurídica,2023-05-23,Agência,1,0,0,0,0,0,3,10486.56,5074.34,6,274,0,3,1,0,Churned,1,0.33,0.0
A01235,Associado 1235,41,M,PR,Curitiba,Pessoa Física,2023-07-17,Indicação,1,1,0,0,0,0,39,3001.25,4198.33,10,24,10,8,3,1,Ativo,2,0.38,0.33
A01236,Associado 1236,23,F,SC,Florianópolis,Pessoa Física,2020-05-26,Digital,1,1,1,0,0,0,51,3201.27,0.0,9,10,29,9,7,1,Ativo,3,0.78,0.14
A01237,Associado 1237,38,F,MG,Belo Horizonte,Pessoa Física,2024-02-23,Agência,1,1,0,0,0,0,14,2238.15,0.0,8,7,3,5,2,2,Ativo,2,0.4,1.0
A01238,Associado 1238,33,M,SC,Florianópolis,Agro,2024-12-01,Campanha,1,0,0,0,0,1,27,6841.19,0.0,10,20,5,6,4,3,Ativo,2,0.67,0.75
A01239,Associado 1239,40,M,RJ,Rio de Janeiro,Pessoa Física,2024-05-21,Digital,1,0,0,1,0,0,21,2089.88,34300.37,10,1,8,5,1,0,Ativo,2,0.2,0.0
A01240,Associado 1240,61,M,RS,Porto Alegre,Pessoa Física,2018-11-04,Indicação,1,0,0,0,1,0,23,2716.09,0.0,10,1,4,7,1,0,Ativo,2,0.14,0.0
A01241,Associado 1241,42,F,MG,Belo Horizonte,Pessoa Física,2018-12-11,Digital,1,0,0,0,0,0,1,12603.8,0.0,6,242,0,8,1,0,Churned,1,0.12,0.0
A01242,Associado 1242,24,F,SP,São Paulo,Agro,2023-03-29,Digital,1,0,0,0,0,1,21,5138.7,0.0,7,3,17,5,4,0,Ativo,2,0.8,0.0
A01243,Associado 1243,34,M,SP,São Paulo,Pessoa Física,2024-09-11,Digital,1,1,1,0,0,0,30,3951.63,0.0,7,55,21,7,5,1,Ativo,3,0.71,0.2
A01244,Associado 1244,52,F,SP,São Paulo,Pessoa Física,2020-02-24,Agência,1,0,0,0,0,0,16,5679.79,0.0,5,11,8,3,1,0,Ativo,1,0.33,0.0
A01245,Associado 1245,20,M,SP,São Paulo,Pessoa Física,2022-01-27,Digital,1,1,0,1,0,0,30,1460.15,0.0,7,11,21,4,3,0,Ativo,3,0.75,0.0
A01246,Associado 1246,19,F,PR,Curitiba,Pessoa Jurídica,2020-03-06,Digital,1,1,1,0,0,0,52,21364.33,23511.99,7,2,8,6,2,0,Ativo,3,0.33,0.0
A01247,Associado 1247,35,F,RS,Porto Alegre,Pessoa Física,2021-02-12,Digital,1,1,0,0,0,0,8,3859.64,0.0,6,20,9,4,1,0,Ativo,2,0.25,0.0
A01248,Associado 1248,40,F,RS,Porto Alegre,Pessoa Física,2025-05-07,Indicação,1,0,0,0,0,0,11,2638.03,3403.59,9,23,6,5,1,0,Ativo,1,0.2,0.0
A01249,Associado 1249,36,F,MG,Belo Horizonte,Pessoa Física,2019-03-26,Indicação,1,1,0,0,0,0,32,4124.64,0.0,10,12,8,7,1,0,Ativo,2,0.14,0.0
A01250,Associado 1250,33,M,PR,Londrina,Agro,2025-09-20,Agência,1,0,0,0,0,1,23,9563.5,6135.88,8,12,3,4,1,0,Ativo,2,0.25,0.0
A01251,Associado 1251,29,M,SP,São Paulo,Pessoa Física,2021-11-28,Digital,1,1,0,1,0,0,40,2021.39,24313.65,10,8,27,4,4,1,Ativo,3,1.0,0.25
A01252,Associado 1252,25,M,SC,Joinville,Pessoa Jurídica,2025-06-21,Digital,0,0,0,0,0,0,0,0.0,4347.93,5,254,0,7,2,0,Churned,0,0.29,0.0
A01253,Associado 1253,50,F,RS,Caxias do Sul,Agro,2025-02-08,Agência,1,0,0,0,0,1,11,4168.76,1970.9,10,126,2,4,0,0,Inativo,2,0.0,0.0
A01254,Associado 1254,48,F,RS,Porto Alegre,Agro,2024-03-26,Agência,1,1,0,0,0,1,24,16876.56,3070.76,7,40,5,9,2,1,Ativo,3,0.22,0.5
A01255,Associado 1255,51,M,PR,Londrina,Pessoa Física,2022-07-28,Agência,1,1,0,0,0,0,5,7810.15,0.0,8,133,0,5,1,0,Inativo,2,0.2,0.0
A01256,Associado 1256,43,M,SC,Joinville,Agro,2018-09-01,Campanha,1,1,0,0,1,1,56,4281.24,8133.14,7,4,9,6,3,0,Ativo,4,0.5,0.0
A01257,Associado 1257,40,M,RS,Porto Alegre,Pessoa Física,2023-10-14,Indicação,1,1,1,0,0,0,23,7963.4,3264.89,9,19,6,13,5,0,Ativo,3,0.38,0.0
A01258,Associado 1258,36,F,SC,Florianópolis,Pessoa Física,2020-08-03,Agência,1,0,0,0,0,0,26,2100.97,0.0,8,20,7,6,3,0,Ativo,1,0.5,0.0
A01259,Associado 1259,29,M,RS,Porto Alegre,Agro,2023-06-07,Agência,1,0,0,0,1,1,24,7669.29,0.0,10,23,6,8,4,1,Ativo,3,0.5,0.25
A01260,Associado 1260,33,M,PR,Curitiba,Pessoa Física,2020-10-23,Indicação,1,0,0,0,0,0,15,4843.4,39242.56,7,1,8,5,3,0,Ativo,1,0.6,0.0
A01261,Associado 1261,47,M,RS,Porto Alegre,Pessoa Física,2022-03-04,Digital,1,0,0,0,1,0,4,21382.92,22716.59,7,83,4,3,2,0,Inativo,2,0.67,0.0
A01262,Associado 1262,27,M,SP,São Paulo,Pessoa Física,2023-08-13,Indicação,0,0,1,0,0,0,11,0.0,0.0,9,32,7,4,2,0,Ativo,1,0.5,0.0
A01263,Associado 1263,29,M,RS,Porto Alegre,Pessoa Jurídica,2018-05-23,Campanha,1,0,0,0,0,0,22,5379.88,21333.24,7,45,2,4,0,0,Ativo,1,0.0,0.0
A01264,Associado 1264,30,M,SC,Florianópolis,Pessoa Física,2022-11-19,Digital,1,1,0,0,0,0,6,2402.17,0.0,8,186,3,6,0,0,Inativo,2,0.0,0.0
A01265,Associado 1265,49,M,RS,Porto Alegre,Pessoa Jurídica,2020-12-15,Agência,1,0,0,0,0,0,45,15209.37,24333.04,7,37,8,5,2,0,Ativo,1,0.4,0.0
A01266,Associado 1266,41,M,RS,Caxias do Sul,Agro,2018-03-02,Indicação,0,0,0,0,0,1,7,0.0,64502.43,10,1,7,6,1,0,Ativo,1,0.17,0.0
A01267,Associado 1267,73,M,SC,Joinville,Pessoa Jurídica,2023-10-17,Campanha,1,1,1,0,1,0,88,23553.93,2498.04,9,1,4,8,2,0,Ativo,4,0.25,0.0
A01268,Associado 1268,41,F,SC,Florianópolis,Pessoa Física,2018-03-20,Digital,1,1,1,0,0,0,36,4376.31,0.0,10,29,16,2,0,0,Ativo,3,0.0,0.0
A01269,Associado 1269,58,M,PR,Curitiba,Agro,2024-08-11,Indicação,1,0,0,0,1,1,2,7234.1,0.0,9,227,1,7,1,0,Churned,3,0.14,0.0
A01270,Associado 1270,34,M,RS,Porto Alegre,Pessoa Física,2020-08-15,Digital,1,1,0,1,1,0,33,11430.67,0.0,8,20,16,3,2,0,Ativo,4,0.67,0.0
A01271,Associado 1271,27,M,PR,Curitiba,Pessoa Física,2025-01-17,Digital,1,1,0,0,0,0,2,2959.62,0.0,8,250,2,6,2,0,Churned,2,0.33,0.0
A01272,Associado 1272,47,F,MG,Belo Horizonte,Pessoa Física,2019-01-25,Indicação,0,0,0,0,0,0,13,0.0,19204.09,5,4,4,3,0,0,Ativo,0,0.0,0.0
A01273,Associado 1273,24,F,SP,São Paulo,Pessoa Física,2019-06-05,Campanha,1,1,1,0,0,0,41,2003.52,0.0,10,4,8,6,2,0,Ativo,3,0.33,0.0
A01274,Associado 1274,27,M,RS,Porto Alegre,Pessoa Física,2022-08-03,Digital,1,0,0,0,0,0,4,1642.8,0.0,4,86,3,10,3,1,Inativo,1,0.3,0.33
A01275,Associado 1275,50,F,SC,Florianópolis,Pessoa Física,2022-11-13,Indicação,1,1,0,0,0,0,42,3696.7,29374.22,7,13,11,6,3,1,Ativo,2,0.5,0.33
A01276,Associado 1276,20,F,RS,Porto Alegre,Pessoa Física,2018-09-10,Agência,1,1,0,0,0,0,27,6345.87,0.0,5,6,10,1,0,0,Ativo,2,0.0,0.0
A01277,Associado 1277,69,M,RS,Caxias do Sul,Pessoa Física,2022-09-11,Agência,1,1,1,0,0,0,9,14320.73,30856.44,7,56,0,6,4,0,Inativo,3,0.67,0.0
A01278,Associado 1278,30,F,RJ,Rio de Janeiro,Pessoa Jurídica,2023-08-13,Digital,1,1,1,0,0,0,76,6790.5,0.0,10,11,17,5,3,1,Ativo,3,0.6,0.33
A01279,Associado 1279,54,F,RS,Caxias do Sul,Pessoa Jurídica,2019-11-27,Agência,1,1,0,0,0,0,41,27516.89,19529.67,10,22,3,3,0,0,Ativo,2,0.0,0.0
A01280,Associado 1280,30,M,SC,Florianópolis,Pessoa Jurídica,2023-09-25,Digital,1,1,0,0,0,0,38,48343.88,0.0,7,1,8,7,1,0,Ativo,2,0.14,0.0
A01281,Associado 1281,54,M,PR,Londrina,Pessoa Física,2023-01-02,Agência,1,1,0,0,0,0,4,1216.58,0.0,9,171,2,5,0,0,Churned,2,0.0,0.0
A01282,Associado 1282,59,F,SP,São Paulo,Pessoa Física,2019-10-15,Indicação,1,1,1,1,1,0,69,3311.91,88068.27,10,6,26,12,10,1,Ativo,5,0.83,0.1
A01283,Associado 1283,49,M,PR,Londrina,Agro,2025-01-16,Indicação,1,0,0,0,0,1,9,5362.28,28055.92,10,64,0,4,1,1,Inativo,2,0.25,1.0
A01284,Associado 1284,20,M,RS,Caxias do Sul,Pessoa Física,2022-02-14,Digital,1,0,0,0,0,0,1,2157.71,37018.38,5,167,0,8,1,0,Churned,1,0.12,0.0
A01285,Associado 1285,35,M,RS,Porto Alegre,Agro,2019-02-22,Agência,1,1,0,0,1,1,58,11849.86,60234.08,10,12,17,5,1,0,Ativo,4,0.2,0.0
A01286,Associado 1286,52,F,SC,Florianópolis,Pessoa Física,2020-09-28,Digital,0,0,0,0,1,0,7,0.0,16467.87,9,2,8,5,3,1,Ativo,1,0.6,0.33
A01287,Associado 1287,40,M,RS,Porto Alegre,Agro,2025-07-06,Campanha,1,0,0,0,0,1,9,15169.26,0.0,9,78,0,6,1,1,Inativo,2,0.17,1.0
A01288,Associado 1288,42,F,SC,Joinville,Pessoa Física,2019-07-13,Digital,1,1,0,0,0,0,25,2334.06,0.0,8,1,7,6,2,0,Ativo,2,0.33,0.0
A01289,Associado 1289,36,F,RS,Porto Alegre,Pessoa Física,2020-07-19,Agência,1,1,0,0,0,0,30,10239.38,3106.07,9,11,11,3,1,1,Ativo,2,0.33,1.0
A01290,Associado 1290,53,M,RS,Porto Alegre,Pessoa Jurídica,2021-07-22,Agência,1,1,0,1,1,0,39,856.75,0.0,7,34,1,7,3,0,Ativo,4,0.43,0.0
A01291,Associado 1291,25,F,SC,Florianópolis,Pessoa Física,2019-08-18,Digital,1,0,0,0,0,0,18,2712.76,16178.32,6,9,8,7,4,0,Ativo,1,0.57,0.0
A01292,Associado 1292,43,M,RS,Porto Alegre,Pessoa Física,2021-01-25,Agência,1,1,1,1,0,0,33,5690.48,11580.64,9,30,10,7,1,0,Ativo,4,0.14,0.0
A01293,Associado 1293,53,M,PR,Londrina,Pessoa Física,2024-08-28,Indicação,1,1,0,0,0,0,1,3758.07,5639.7,8,107,0,5,2,1,Inativo,2,0.4,0.5
A01294,Associado 1294,38,M,PR,Curitiba,Pessoa Jurídica,2020-12-31,Indicação,1,0,0,0,0,0,49,20228.48,0.0,8,11,5,7,1,1,Ativo,1,0.14,1.0
A01295,Associado 1295,54,M,SP,São Paulo,Pessoa Física,2024-03-14,Agência,1,1,0,0,0,1,16,2432.43,17887.56,7,33,6,6,4,0,Ativo,3,0.67,0.0
A01296,Associado 1296,29,M,RS,Caxias do Sul,Pessoa Física,2025-09-29,Digital,1,1,1,0,0,0,40,2695.75,1611.59,8,23,23,5,4,0,Ativo,3,0.8,0.0
A01297,Associado 1297,43,F,RS,Caxias do Sul,Pessoa Física,2018-08-04,Agência,1,0,0,0,0,0,3,2379.9,7900.97,6,206,2,5,0,0,Churned,1,0.0,0.0
A01298,Associado 1298,60,F,RS,Caxias do Sul,Pessoa Física,2023-05-18,Campanha,1,0,0,0,0,0,11,5014.23,0.0,9,67,1,9,1,0,Ativo,1,0.11,0.0
A01299,Associado 1299,36,M,PR,Londrina,Pessoa Jurídica,2023-11-19,Digital,1,0,0,0,0,0,30,54768.39,0.0,5,2,4,7,0,0,Ativo,1,0.0,0.0
A01300,Associado 1300,59,F,SP,São Paulo,Pessoa Física,2019-04-15,Indicação,1,1,1,0,0,0,3,3826.38,11787.44,4,275,1,6,4,1,Churned,3,0.67,0.25
A01301,Associado 1301,26,F,RS,Porto Alegre,Pessoa Física,2018-06-29,Digital,1,1,0,0,0,0,8,1237.59,0.0,9,58,8,6,2,1,Inativo,2,0.33,0.5
A01302,Associado 1302,42,F,MG,Belo Horizonte,Pessoa Física,2025-05-10,Digital,1,1,0,0,1,0,34,4245.19,11872.57,8,13,16,5,4,0,Ativo,3,0.8,0.0
A01303,Associado 1303,39,F,RS,Caxias do Sul,Pessoa Física,2022-01-23,Digital,1,1,0,0,0,0,22,3740.52,10128.31,3,7,8,4,2,1,Ativo,2,0.5,0.5
A01304,Associado 1304,34,M,SC,Florianópolis,Pessoa Física,2019-01-12,Digital,1,1,1,0,1,0,25,784.73,0.0,10,22,21,4,3,1,Ativo,4,0.75,0.33
A01305,Associado 1305,24,M,SP,São Paulo,Pessoa Física,2025-06-21,Digital,1,1,0,0,0,0,40,2622.65,7768.71,9,24,26,11,11,0,Ativo,2,1.0,0.0
A01306,Associado 1306,27,M,MG,Belo Horizonte,Pessoa Física,2023-01-02,Digital,1,1,0,1,0,0,6,883.0,0.0,8,68,2,4,1,0,Inativo,3,0.25,0.0
A01307,Associado 1307,30,F,SP,São Paulo,Agro,2022-10-23,Agência,1,1,0,0,0,0,4,3629.34,0.0,8,248,1,7,4,0,Churned,2,0.57,0.0
A01308,Associado 1308,35,F,SP,São Paulo,Pessoa Física,2024-05-16,Agência,0,0,1,0,0,0,3,0.0,0.0,10,79,3,9,3,1,Inativo,1,0.33,0.33
A01309,Associado 1309,35,M,RS,Porto Alegre,Pessoa Jurídica,2022-02-11,Digital,1,0,0,0,1,0,52,36266.03,0.0,7,21,11,5,3,0,Ativo,2,0.6,0.0
A01310,Associado 1310,39,M,SP,São Paulo,Pessoa Física,2021-05-07,Digital,0,1,0,0,0,0,0,0.0,0.0,10,275,0,8,5,1,Churned,1,0.62,0.2
A01311,Associado 1311,44,F,RS,Porto Alegre,Pessoa Física,2020-04-28,Digital,1,0,0,0,0,0,23,1729.78,0.0,6,15,7,2,0,0,Ativo,1,0.0,0.0
A01312,Associado 1312,50,M,MG,Belo Horizonte,Pessoa Física,2020-01-23,Campanha,1,0,0,0,0,1,18,2216.13,0.0,6,8,7,6,5,1,Ativo,2,0.83,0.2
A01313,Associado 1313,68,F,SC,Joinville,Pessoa Física,2018-09-07,Agência,1,1,0,0,1,0,1,2059.08,3696.1,9,261,0,9,1,0,Churned,3,0.11,0.0
A01314,Associado 1314,52,M,SP,São Paulo,Agro,2025-09-21,Agência,1,0,0,0,0,0,22,4100.0,13816.1,10,11,4,8,3,1,Ativo,1,0.38,0.33
A01315,Associado 1315,59,M,SC,Joinville,Agro,2019-10-03,Agência,0,0,0,0,0,0,16,0.0,5730.37,9,2,2,9,2,0,Ativo,0,0.22,0.0
A01316,Associado 1316,24,F,PR,Curitiba,Pessoa Jurídica,2024-07-02,Digital,1,1,0,0,0,0,80,3322.51,0.0,8,6,32,4,3,1,Ativo,2,0.75,0.33
A01317,Associado 1317,31,M,SC,Florianópolis,Pessoa Jurídica,2020-06-08,Digital,1,0,0,0,0,0,49,6523.2,5858.27,8,26,14,14,7,0,Ativo,1,0.5,0.0
A01318,Associado 1318,60,M,SP,São Paulo,Pessoa Física,2022-02-14,Indicação,1,1,0,0,0,0,40,4097.21,5868.69,10,23,9,12,6,2,Ativo,2,0.5,0.33
A01319,Associado 1319,54,M,RS,Caxias do Sul,Pessoa Física,2020-02-10,Agência,0,1,0,0,0,0,12,0.0,0.0,9,2,5,4,3,1,Ativo,1,0.75,0.33
A01320,Associado 1320,34,M,RS,Porto Alegre,Agro,2023-01-02,Digital,1,1,0,0,1,0,33,5751.69,0.0,7,10,10,8,2,1,Ativo,3,0.25,0.5
A01321,Associado 1321,48,M,RS,Porto Alegre,Pessoa Jurídica,2023-05-25,Campanha,1,1,1,0,0,0,53,52495.65,5278.29,10,42,6,4,0,0,Ativo,3,0.0,0.0
A01322,Associado 1322,52,M,RS,Porto Alegre,Pessoa Física,2024-08-21,Campanha,1,0,1,0,0,0,25,2665.5,0.0,8,12,5,6,4,0,Ativo,2,0.67,0.0
A01323,Associado 1323,38,F,MG,Belo Horizonte,Pessoa Física,2025-07-06,Campanha,0,1,0,0,0,0,2,0.0,0.0,5,229,1,3,1,1,Churned,1,0.33,1.0
A01324,Associado 1324,37,F,RS,Caxias do Sul,Pessoa Física,2019-04-26,Indicação,1,1,0,1,0,0,56,2200.13,0.0,9,1,17,5,4,0,Ativo,3,0.8,0.0
A01325,Associado 1325,63,F,RJ,Rio de Janeiro,Agro,2022-10-23,Campanha,1,1,1,0,0,1,61,1551.18,0.0,8,9,4,5,0,0,Ativo,4,0.0,0.0
A01326,Associado 1326,68,F,RS,Caxias do Sul,Pessoa Física,2025-03-07,Agência,1,0,0,0,1,0,31,5100.24,0.0,8,2,5,8,2,0,Ativo,2,0.25,0.0
A01327,Associado 1327,35,F,RS,Porto Alegre,Pessoa Física,2022-11-12,Agência,1,0,0,0,0,0,31,8150.7,0.0,10,40,6,9,3,0,Ativo,1,0.33,0.0
A01328,Associado 1328,38,M,SP,São Paulo,Pessoa Física,2019-04-30,Agência,1,0,0,0,0,0,15,3416.83,0.0,5,119,3,3,1,0,Inativo,1,0.33,0.0
A01329,Associado 1329,60,M,PR,Londrina,Pessoa Jurídica,2024-04-23,Indicação,0,0,0,0,0,0,9,0.0,20962.25,6,64,1,9,3,2,Inativo,0,0.33,0.67
A01330,Associado 1330,52,F,SC,Florianópolis,Pessoa Física,2023-09-06,Campanha,0,0,0,1,1,0,8,0.0,20045.16,10,17,5,8,3,1,Ativo,2,0.38,0.33
A01331,Associado 1331,54,M,PR,Curitiba,Pessoa Jurídica,2020-12-21,Agência,0,0,0,0,0,0,13,0.0,0.0,7,14,1,4,0,0,Ativo,0,0.0,0.0
A01332,Associado 1332,36,M,SP,São Paulo,Pessoa Física,2023-07-11,Digital,1,1,0,0,0,0,2,3739.44,5951.11,10,244,0,9,2,0,Churned,2,0.22,0.0
A01333,Associado 1333,43,M,RS,Caxias do Sul,Agro,2018-08-21,Indicação,1,1,0,0,0,0,49,4472.5,5134.48,6,3,12,7,5,1,Ativo,2,0.71,0.2
A01334,Associado 1334,50,M,RJ,Rio de Janeiro,Pessoa Jurídica,2022-01-27,Campanha,1,0,0,0,0,0,40,13220.6,31420.46,8,10,4,7,2,0,Ativo,1,0.29,0.0
A01335,Associado 1335,31,M,RJ,Rio de Janeiro,Pessoa Física,2018-12-15,Digital,1,1,1,0,1,0,61,994.94,69226.27,8,18,32,7,7,0,Ativo,4,1.0,0.0
A01336,Associado 1336,36,F,PR,Londrina,Pessoa Física,2019-02-18,Campanha,0,0,1,0,0,0,0,0.0,6879.21,7,188,0,3,1,0,Churned,1,0.33,0.0
A01337,Associado 1337,19,F,RS,Porto Alegre,Pessoa Física,2022-09-07,Digital,0,1,1,1,1,0,16,0.0,0.0,8,3,17,6,2,0,Ativo,4,0.33,0.0
A01338,Associado 1338,39,M,PR,Curitiba,Pessoa Física,2024-09-19,Digital,1,1,0,0,0,0,11,1056.15,0.0,7,83,6,4,1,0,Inativo,2,0.25,0.0
A01339,Associado 1339,37,F,RS,Porto Alegre,Agro,2021-08-06,Digital,1,0,0,0,0,0,3,4192.64,6505.21,6,82,3,5,1,1,Inativo,1,0.2,1.0
A01340,Associado 1340,22,F,RS,Caxias do Sul,Pessoa Física,2025-01-07,Digital,1,1,0,0,0,0,1,3535.46,1471.95,4,265,0,4,1,0,Churned,2,0.25,0.0
A01341,Associado 1341,48,F,RS,Caxias do Sul,Pessoa Física,2020-10-06,Agência,1,1,0,0,1,0,6,5782.29,0.0,7,140,2,6,2,0,Inativo,3,0.33,0.0
A01342,Associado 1342,43,F,SC,Florianópolis,Pessoa Física,2018-10-14,Indicação,1,1,0,0,0,0,36,10638.16,0.0,7,24,6,12,2,0,Ativo,2,0.17,0.0
A01343,Associado 1343,54,M,MG,Belo Horizonte,Pessoa Física,2024-06-12,Indicação,1,1,0,0,0,0,30,9957.62,8806.01,9,9,14,4,2,0,Ativo,2,0.5,0.0
A01344,Associado 1344,38,F,SP,São Paulo,Agro,2025-02-22,Indicação,1,0,1,1,1,1,33,13676.8,5308.35,10,2,7,12,5,3,Ativo,5,0.42,0.6
A01345,Associado 1345,32,M,SP,São Paulo,Pessoa Física,2020-02-21,Digital,1,1,0,0,0,0,9,1725.63,2171.1,5,142,8,6,1,0,Inativo,2,0.17,0.0
A01346,Associado 1346,39,F,SC,Joinville,Agro,2018-12-23,Digital,1,1,0,0,0,1,38,1905.28,40137.45,7,51,14,5,0,0,Ativo,3,0.0,0.0
A01347,Associado 1347,25,F,RS,Caxias do Sul,Agro,2025-03-13,Digital,1,1,0,0,0,1,53,1960.83,0.0,8,18,20,7,6,0,Ativo,3,0.86,0.0
A01348,Associado 1348,66,M,SC,Joinville,Pessoa Física,2023-12-27,Agência,1,1,1,1,1,0,56,2559.93,29416.97,9,37,12,5,3,0,Ativo,5,0.6,0.0
A01349,Associado 1349,36,M,RJ,Rio de Janeiro,Pessoa Física,2022-03-15,Digital,0,0,1,0,0,0,6,0.0,0.0,4,130,7,8,3,0,Inativo,1,0.38,0.0
A01350,Associado 1350,37,F,RS,Porto Alegre,Agro,2022-04-14,Agência,1,0,0,0,0,0,27,5662.63,0.0,9,4,7,8,3,0,Ativo,1,0.38,0.0
A01351,Associado 1351,59,F,MG,Belo Horizonte,Pessoa Física,2021-04-21,Agência,1,1,1,1,1,0,47,4605.67,12358.57,10,10,10,5,2,0,Ativo,5,0.4,0.0
A01352,Associado 1352,52,M,PR,Londrina,Pessoa Física,2019-02-27,Indicação,1,1,0,0,0,0,7,8811.62,35183.89,4,93,3,6,3,1,Inativo,2,0.5,0.33
A01353,Associado 1353,25,F,SC,Joinville,Pessoa Física,2019-02-01,Agência,1,1,0,0,0,0,39,3466.93,0.0,9,10,16,2,2,0,Ativo,2,1.0,0.0
A01354,Associado 1354,40,M,SP,São Paulo,Pessoa Física,2018-11-01,Campanha,1,0,1,0,0,0,14,11553.71,33700.11,6,10,3,8,2,0,Ativo,2,0.25,0.0
A01355,Associado 1355,28,M,SC,Joinville,Pessoa Jurídica,2020-11-08,Digital,1,1,0,0,0,1,53,20970.37,0.0,10,8,15,3,1,0,Ativo,3,0.33,0.0
A01356,Associado 1356,20,M,MG,Belo Horizonte,Pessoa Física,2023-06-10,Campanha,1,1,0,0,0,0,28,1345.68,14675.84,7,2,6,14,6,0,Ativo,2,0.43,0.0
A01357,Associado 1357,47,F,MG,Belo Horizonte,Pessoa Física,2024-03-23,Agência,1,1,0,0,1,0,14,927.85,5492.88,10,2,5,3,1,0,Ativo,3,0.33,0.0
A01358,Associado 1358,36,M,SC,Joinville,Agro,2021-06-07,Digital,1,0,0,0,0,1,36,8072.49,0.0,9,9,14,7,3,0,Ativo,2,0.43,0.0
A01359,Associado 1359,45,M,RS,Caxias do Sul,Pessoa Jurídica,2020-04-30,Digital,1,0,1,0,0,0,23,9027.64,24455.28,6,91,1,6,3,0,Inativo,2,0.5,0.0
A01360,Associado 1360,49,F,PR,Londrina,Pessoa Física,2022-06-20,Indicação,0,1,0,0,0,0,14,0.0,27996.83,8,0,7,5,3,0,Ativo,1,0.6,0.0
A01361,Associado 1361,35,M,MG,Belo Horizonte,Pessoa Jurídica,2019-05-10,Digital,0,1,0,0,0,0,10,0.0,0.0,6,112,2,8,2,0,Inativo,1,0.25,0.0
A01362,Associado 1362,32,F,RS,Caxias do Sul,Pessoa Física,2025-04-28,Agência,1,0,0,0,0,0,14,25248.64,19385.23,5,3,6,8,2,0,Ativo,1,0.25,0.0
A01363,Associado 1363,57,F,PR,Curitiba,Pessoa Jurídica,2024-07-02,Campanha,1,1,1,0,0,0,59,15888.18,0.0,8,19,8,3,2,0,Ativo,3,0.67,0.0
A01364,Associado 1364,20,M,PR,Curitiba,Pessoa Física,2021-04-20,Digital,1,0,0,0,0,0,20,584.91,0.0,7,14,12,5,5,1,Ativo,1,1.0,0.2
A01365,Associado 1365,43,F,SP,São Paulo,Pessoa Física,2019-05-20,Agência,0,0,0,0,0,0,0,0.0,0.0,9,287,1,8,2,1,Churned,0,0.25,0.5
A01366,Associado 1366,33,F,RS,Caxias do Sul,Pessoa Jurídica,2019-08-30,Digital,1,0,0,0,0,0,5,7307.8,0.0,7,203,0,6,1,0,Churned,1,0.17,0.0
A01367,Associado 1367,55,F,SP,São Paulo,Pessoa Física,2021-11-13,Indicação,1,1,0,0,1,0,25,7534.09,8093.43,5,5,6,5,4,1,Ativo,3,0.8,0.25
A01368,Associado 1368,44,M,MG,Belo Horizonte,Agro,2025-04-08,Agência,1,0,1,0,0,1,46,9097.91,0.0,10,1,7,6,2,0,Ativo,3,0.33,0.0
A01369,Associado 1369,38,M,RS,Porto Alegre,Pessoa Física,2024-12-31,Digital,1,0,0,0,0,1,8,8545.51,19985.63,8,111,2,5,1,0,Inativo,2,0.2,0.0
A01370,Associado 1370,52,M,RS,Caxias do Sul,Agro,2025-05-28,Agência,1,1,1,0,0,1,9,3091.28,58050.65,10,106,0,7,0,0,Inativo,4,0.0,0.0
A01371,Associado 1371,51,F,RJ,Rio de Janeiro,Agro,2021-08-09,Digital,1,0,0,0,0,0,27,2833.67,0.0,8,7,10,3,1,0,Ativo,1,0.33,0.0
A01372,Associado 1372,41,M,RS,Porto Alegre,Pessoa Física,2025-01-22,Indicação,0,1,0,0,0,0,13,0.0,0.0,9,0,9,3,1,0,Ativo,1,0.33,0.0
A01373,Associado 1373,25,M,MG,Belo Horizonte,Pessoa Jurídica,2021-03-07,Digital,1,1,0,0,0,0,2,2411.61,2535.99,7,194,0,5,0,0,Churned,2,0.0,0.0
A01374,Associado 1374,33,F,SC,Joinville,Pessoa Física,2022-04-29,Digital,1,0,0,0,0,0,6,11748.38,0.0,6,135,3,8,0,0,Inativo,1,0.0,0.0
A01375,Associado 1375,46,M,RS,Porto Alegre,Agro,2022-10-28,Agência,1,1,0,0,0,0,1,17565.07,0.0,4,255,0,3,0,0,Churned,2,0.0,0.0
A01376,Associado 1376,52,F,MG,Belo Horizonte,Pessoa Física,2021-09-30,Agência,0,0,1,0,0,0,0,0.0,0.0,7,161,0,3,0,0,Churned,1,0.0,0.0
A01377,Associado 1377,52,M,SC,Florianópolis,Pessoa Jurídica,2018-02-06,Agência,1,0,0,0,0,0,42,22159.73,0.0,5,18,3,3,0,0,Ativo,1,0.0,0.0
A01378,Associado 1378,55,F,SC,Florianópolis,Pessoa Física,2018-11-10,Digital,1,1,0,0,0,0,21,3978.37,45119.36,3,6,10,5,2,0,Ativo,2,0.4,0.0
A01379,Associado 1379,29,F,SC,Joinville,Pessoa Física,2018-08-08,Digital,1,0,0,0,0,0,21,3038.94,0.0,9,7,10,8,6,0,Ativo,1,0.75,0.0
A01380,Associado 1380,46,F,PR,Londrina,Pessoa Física,2025-05-11,Campanha,1,1,0,0,0,0,28,3520.86,8664.6,10,7,6,8,3,0,Ativo,2,0.38,0.0
A01381,Associado 1381,49,F,RS,Porto Alegre,Pessoa Física,2021-11-28,Agência,1,1,0,0,0,0,21,1801.07,0.0,7,3,3,7,0,0,Ativo,2,0.0,0.0
A01382,Associado 1382,28,M,SC,Florianópolis,Pessoa Jurídica,2022-09-15,Digital,1,1,0,0,0,0,4,10037.98,0.0,9,102,1,5,1,0,Churned,2,0.2,0.0
A01383,Associado 1383,35,F,RJ,Rio de Janeiro,Pessoa Jurídica,2023-04-17,Digital,1,1,0,0,1,1,18,33525.7,9087.21,7,104,3,2,1,0,Inativo,4,0.5,0.0
A01384,Associado 1384,25,F,RS,Porto Alegre,Pessoa Jurídica,2019-02-08,Digital,1,1,0,0,0,0,5,19383.3,3662.24,6,73,4,4,2,1,Inativo,2,0.5,0.5
A01385,Associado 1385,58,F,PR,Curitiba,Pessoa Física,2019-04-24,Campanha,1,1,1,1,1,0,76,932.23,19777.11,9,8,14,6,5,1,Ativo,5,0.83,0.2
A01386,Associado 1386,60,F,RS,Porto Alegre,Pessoa Física,2025-08-01,Agência,1,0,1,0,1,0,1,2973.87,5512.06,9,360,1,7,2,0,Churned,3,0.29,0.0
A01387,Associado 1387,52,F,SP,São Paulo,Pessoa Física,2020-04-03,Agência,1,1,1,0,0,0,20,10332.35,0.0,7,78,1,9,0,0,Inativo,3,0.0,0.0
A01388,Associado 1388,38,F,RS,Caxias do Sul,Pessoa Jurídica,2018-08-08,Indicação,1,1,1,0,0,0,62,4801.64,0.0,5,25,9,5,3,0,Ativo,3,0.6,0.0
A01389,Associado 1389,25,M,RJ,Rio de Janeiro,Agro,2024-08-11,Digital,1,1,1,0,0,0,46,5109.53,0.0,9,1,14,4,2,0,Ativo,3,0.5,0.0
A01390,Associado 1390,20,F,SC,Florianópolis,Pessoa Física,2021-05-04,Agência,1,1,1,0,0,0,26,3557.71,17762.28,9,2,10,1,1,0,Ativo,3,1.0,0.0
A01391,Associado 1391,38,M,RS,Porto Alegre,Pessoa Física,2020-09-10,Agência,1,1,0,0,0,0,27,4373.98,15673.27,6,7,12,4,2,0,Ativo,2,0.5,0.0
A01392,Associado 1392,44,F,RS,Caxias do Sul,Pessoa Física,2019-11-15,Digital,0,1,0,0,0,0,16,0.0,4539.97,6,4,8,9,6,0,Ativo,1,0.67,0.0
A01393,Associado 1393,23,F,RS,Porto Alegre,Pessoa Jurídica,2022-09-07,Digital,1,1,1,0,1,1,114,23484.81,6268.62,7,9,34,9,9,0,Ativo,5,1.0,0.0
A01394,Associado 1394,65,M,SC,Joinville,Pessoa Jurídica,2023-05-24,Agência,1,1,0,0,1,0,69,12509.38,18707.15,10,24,7,8,2,0,Ativo,3,0.25,0.0
A01395,Associado 1395,42,F,RS,Porto Alegre,Pessoa Jurídica,2022-10-26,Digital,1,0,0,0,0,0,3,11717.96,0.0,5,239,0,3,1,0,Churned,1,0.33,0.0
A01396,Associado 1396,30,F,SP,São Paulo,Pessoa Física,2024-10-06,Digital,1,1,1,0,0,0,43,9877.12,34027.56,10,1,22,6,6,0,Ativo,3,1.0,0.0
A01397,Associado 1397,21,M,SC,Florianópolis,Pessoa Jurídica,2020-09-30,Digital,0,0,0,0,0,0,3,0.0,0.0,6,176,1,10,1,0,Churned,0,0.1,0.0
A01398,Associado 1398,51,M,RS,Porto Alegre,Pessoa Jurídica,2024-03-31,Campanha,1,1,1,0,1,0,99,15047.39,20600.29,10,19,12,6,4,1,Ativo,4,0.67,0.25
A01399,Associado 1399,43,M,PR,Curitiba,Pessoa Física,2020-04-08,Agência,1,0,1,0,0,0,27,2045.45,0.0,10,8,6,5,1,0,Ativo,2,0.2,0.0
A01400,Associado 1400,40,M,SP,São Paulo,Pessoa Física,2020-01-13,Campanha,0,0,0,0,0,0,0,0.0,14929.7,7,290,1,4,2,0,Churned,0,0.5,0.0
A01401,Associado 1401,30,F,RS,Porto Alegre,Pessoa Física,2021-02-07,Digital,1,0,0,0,0,0,8,3944.33,0.0,10,149,3,2,0,0,Inativo,1,0.0,0.0
A01402,Associado 1402,64,M,RS,Porto Alegre,Pessoa Física,2021-01-28,Indicação,0,0,0,0,0,0,6,0.0,47065.64,8,0,3,7,3,3,Ativo,0,0.43,1.0
A01403,Associado 1403,30,M,RS,Porto Alegre,Agro,2022-10-02,Digital,1,0,0,0,0,1,20,3290.54,0.0,10,7,11,6,2,0,Ativo,2,0.33,0.0
A01404,Associado 1404,29,M,SP,São Paulo,Pessoa Física,2021-05-19,Digital,1,1,0,0,0,0,14,2144.15,0.0,8,22,8,7,4,1,Ativo,2,0.57,0.25
A01405,Associado 1405,20,F,PR,Curitiba,Pessoa Jurídica,2025-08-12,Campanha,1,1,1,0,0,0,50,7138.31,4334.15,7,2,7,3,1,1,Ativo,3,0.33,1.0
A01406,Associado 1406,49,M,SC,Joinville,Pessoa Física,2023-02-04,Campanha,1,0,0,0,0,0,8,3334.07,13663.82,5,149,0,4,2,0,Inativo,1,0.5,0.0
A01407,Associado 1407,54,F,SP,São Paulo,Pessoa Física,2019-11-06,Agência,1,0,0,0,0,0,28,1306.19,0.0,8,3,6,3,0,0,Ativo,1,0.0,0.0
A01408,Associado 1408,47,F,SP,São Paulo,Pessoa Física,2021-11-18,Agência,1,1,0,0,0,0,8,5031.46,0.0,8,138,1,5,1,0,Inativo,2,0.2,0.0
A01409,Associado 1409,35,F,PR,Curitiba,Pessoa Física,2025-05-26,Digital,1,1,1,1,0,0,50,8286.89,33404.74,10,28,20,7,4,0,Ativo,4,0.57,0.0
A01410,Associado 1410,36,F,MG,Belo Horizonte,Pessoa Física,2024-04-24,Campanha,1,1,0,0,0,0,31,3123.25,0.0,8,15,4,8,3,0,Ativo,2,0.38,0.0
A01411,Associado 1411,44,M,RS,Porto Alegre,Pessoa Física,2021-06-22,Digital,1,1,0,0,0,0,11,1959.33,17944.06,9,68,6,9,3,1,Inativo,2,0.33,0.33
A01412,Associado 1412,66,M,RS,Porto Alegre,Pessoa Física,2020-09-28,Indicação,0,1,0,0,0,0,14,0.0,53422.48,8,13,3,3,1,0,Ativo,1,0.33,0.0
A01413,Associado 1413,19,F,RS,Porto Alegre,Pessoa Física,2019-09-16,Indicação,1,1,0,0,0,0,2,2029.1,2077.69,9,289,0,7,0,0,Churned,2,0.0,0.0
A01414,Associado 1414,45,M,RS,Porto Alegre,Pessoa Física,2018-04-09,Indicação,0,0,0,0,0,0,6,0.0,1555.67,8,13,2,6,0,0,Ativo,0,0.0,0.0
A01415,Associado 1415,40,M,SC,Joinville,Pessoa Física,2021-01-31,Digital,1,1,0,0,0,0,27,5733.84,34501.02,5,1,13,2,2,0,Ativo,2,1.0,0.0
A01416,Associado 1416,27,M,MG,Belo Horizonte,Pessoa Física,2023-08-22,Digital,1,0,0,0,0,0,9,1552.56,0.0,5,59,2,9,2,0,Inativo,1,0.22,0.0
A01417,Associado 1417,32,M,RS,Porto Alegre,Agro,2023-04-01,Campanha,1,1,1,1,0,1,46,11279.54,0.0,10,8,5,7,1,0,Ativo,5,0.14,0.0
A01418,Associado 1418,36,F,RS,Caxias do Sul,Pessoa Física,2021-06-03,Digital,1,1,0,0,1,0,28,2969.94,1844.79,7,11,19,6,6,1,Ativo,3,1.0,0.17
A01419,Associado 1419,51,M,SC,Florianópolis,Pessoa Jurídica,2018-06-28,Indicação,1,1,0,1,1,0,70,14474.99,36983.78,10,14,9,12,6,1,Ativo,4,0.5,0.17
A01420,Associado 1420,25,M,MG,Belo Horizonte,Pessoa Física,2024-01-09,Digital,0,0,0,0,0,0,0,0.0,0.0,7,313,0,7,3,1,Churned,0,0.43,0.33
A01421,Associado 1421,46,F,RS,Caxias do Sul,Pessoa Jurídica,2020-04-14,Indicação,1,1,0,0,0,0,36,10298.33,0.0,7,24,5,2,1,0,Ativo,2,0.5,0.0
A01422,Associado 1422,25,M,SC,Joinville,Pessoa Física,2019-08-05,Agência,1,1,0,0,0,0,25,1255.26,0.0,10,10,10,5,3,0,Ativo,2,0.6,0.0
A01423,Associado 1423,43,M,RS,Caxias do Sul,Agro,2021-10-08,Agência,1,1,0,1,0,1,5,3150.22,37996.31,5,130,0,8,2,0,Inativo,4,0.25,0.0
A01424,Associado 1424,29,M,RS,Porto Alegre,Pessoa Física,2025-02-25,Indicação,1,1,0,0,0,0,32,1136.44,2684.35,8,30,12,9,6,2,Ativo,2,0.67,0.33
A01425,Associado 1425,39,F,RJ,Rio de Janeiro,Pessoa Jurídica,2021-12-11,Digital,1,1,1,1,1,0,71,9465.58,6273.68,10,4,23,4,3,0,Ativo,5,0.75,0.0
A01426,Associado 1426,53,M,RJ,Rio de Janeiro,Pessoa Física,2022-06-17,Indicação,1,1,0,0,1,0,26,5279.91,0.0,10,1,4,4,0,0,Ativo,3,0.0,0.0
A01427,Associado 1427,48,M,RS,Caxias do Sul,Pessoa Física,2022-05-13,Agência,1,0,0,0,0,0,18,2709.89,20431.86,10,19,0,12,5,0,Ativo,1,0.42,0.0
A01428,Associado 1428,36,F,RJ,Rio de Janeiro,Pessoa Jurídica,2018-07-15,Digital,1,0,0,0,0,0,6,23224.45,0.0,9,141,0,4,1,1,Inativo,1,0.25,1.0
A01429,Associado 1429,33,M,PR,Curitiba,Pessoa Física,2024-06-30,Digital,1,0,0,0,1,0,18,1558.76,5246.81,8,59,8,5,0,0,Ativo,2,0.0,0.0
A01430,Associado 1430,41,F,MG,Belo Horizonte,Pessoa Física,2024-12-04,Digital,1,0,0,0,0,0,15,2672.38,0.0,9,4,6,5,1,0,Ativo,1,0.2,0.0
A01431,Associado 1431,41,F,SC,Florianópolis,Pessoa Física,2024-03-05,Agência,1,1,1,1,0,0,33,1095.29,19494.5,10,19,9,8,3,0,Ativo,4,0.38,0.0
A01432,Associado 1432,59,F,SC,Florianópolis,Pessoa Jurídica,2020-07-24,Indicação,1,1,0,0,1,0,46,15713.66,10421.0,10,2,2,6,1,0,Ativo,3,0.17,0.0
A01433,Associado 1433,50,M,SC,Joinville,Agro,2021-08-15,Indicação,1,1,0,0,0,1,33,4398.94,0.0,9,1,2,4,1,1,Ativo,3,0.25,1.0
A01434,Associado 1434,44,M,PR,Curitiba,Pessoa Física,2020-08-14,Agência,1,1,0,0,0,0,33,3306.87,11140.81,9,3,8,6,1,0,Ativo,2,0.17,0.0
A01435,Associado 1435,34,M,RS,Caxias do Sul,Pessoa Jurídica,2024-10-09,Digital,1,1,0,0,0,1,77,9270.82,0.0,8,36,20,14,13,0,Ativo,3,0.93,0.0
A01436,Associado 1436,46,M,RS,Caxias do Sul,Pessoa Física,2020-12-21,Indicação,1,0,1,0,0,0,22,1717.88,0.0,8,15,4,8,1,0,Ativo,2,0.12,0.0
A01437,Associado 1437,65,M,RS,Porto Alegre,Pessoa Física,2019-07-21,Indicação,1,1,1,0,1,0,38,10323.71,3310.84,10,2,6,5,2,0,Ativo,4,0.4,0.0
A01438,Associado 1438,49,F,SP,São Paulo,Agro,2025-04-19,Indicação,1,1,1,0,0,0,9,17829.74,92150.26,6,61,3,5,3,1,Inativo,3,0.6,0.33
A01439,Associado 1439,46,F,RS,Caxias do Sul,Agro,2021-01-06,Indicação,1,1,0,0,0,0,12,7488.46,0.0,8,4,6,6,4,0,Ativo,2,0.67,0.0
A01440,Associado 1440,34,F,PR,Curitiba,Pessoa Jurídica,2020-06-05,Digital,1,0,0,0,0,0,6,70364.57,0.0,8,104,4,4,1,0,Inativo,1,0.25,0.0
A01441,Associado 1441,22,F,RJ,Rio de Janeiro,Pessoa Física,2018-10-11,Digital,1,0,0,0,0,0,2,5708.18,0.0,3,232,0,9,1,0,Churned,1,0.11,0.0
A01442,Associado 1442,54,M,RS,Caxias do Sul,Pessoa Física,2020-12-16,Agência,1,1,0,0,0,0,1,2219.96,14437.04,8,232,0,4,0,0,Churned,2,0.0,0.0
A01443,Associado 1443,43,F,PR,Curitiba,Pessoa Física,2025-06-21,Agência,0,0,0,0,0,0,4,0.0,2452.72,8,221,1,5,0,0,Churned,0,0.0,0.0
A01444,Associado 1444,32,F,SC,Joinville,Pessoa Física,2019-01-11,Indicação,1,1,0,0,0,0,11,2439.94,474.04,9,89,3,5,4,1,Inativo,2,0.8,0.25
A01445,Associado 1445,35,M,MG,Belo Horizonte,Pessoa Física,2024-08-20,Agência,1,0,0,0,0,0,7,7466.09,0.0,9,8,5,3,2,0,Ativo,1,0.67,0.0
A01446,Associado 1446,44,F,RS,Porto Alegre,Pessoa Jurídica,2025-09-20,Campanha,1,1,0,0,0,0,18,11243.95,0.0,10,102,3,5,1,0,Inativo,2,0.2,0.0
A01447,Associado 1447,62,M,PR,Londrina,Agro,2020-02-27,Indicação,0,0,0,0,0,1,2,0.0,218571.82,6,270,0,6,1,0,Churned,1,0.17,0.0
A01448,Associado 1448,43,M,SP,São Paulo,Pessoa Física,2019-01-08,Campanha,1,0,0,0,0,0,2,6788.96,14221.8,8,218,0,8,3,0,Churned,1,0.38,0.0
A01449,Associado 1449,39,M,MG,Belo Horizonte,Pessoa Física,2020-05-06,Campanha,1,0,0,0,0,0,26,3463.59,16647.88,7,5,3,4,2,1,Ativo,1,0.5,0.5
A01450,Associado 1450,27,F,PR,Londrina,Agro,2022-08-26,Digital,0,1,0,0,0,0,20,0.0,3243.79,8,50,17,9,5,0,Ativo,1,0.56,0.0
A01451,Associado 1451,64,F,SC,Joinville,Pessoa Física,2024-04-10,Indicação,1,0,1,0,0,0,21,3451.67,13107.15,9,2,3,5,2,0,Ativo,2,0.4,0.0
A01452,Associado 1452,53,F,PR,Londrina,Pessoa Jurídica,2025-09-10,Agência,1,1,1,0,0,0,20,20846.26,3151.87,7,150,1,7,1,0,Inativo,3,0.14,0.0
A01453,Associado 1453,56,F,MG,Belo Horizonte,Pessoa Física,2025-05-04,Agência,1,0,0,0,1,0,13,2600.43,27893.35,9,5,5,5,2,0,Ativo,2,0.4,0.0
A01454,Associado 1454,58,F,PR,Curitiba,Pessoa Física,2023-11-04,Indicação,1,0,1,0,0,0,15,6366.32,0.0,8,4,7,6,1,0,Ativo,2,0.17,0.0
A01455,Associado 1455,44,F,RS,Caxias do Sul,Agro,2018-04-09,Agência,1,1,1,0,0,1,12,7264.0,10413.9,10,9,3,6,2,0,Ativo,4,0.33,0.0
A01456,Associado 1456,47,M,MG,Belo Horizonte,Pessoa Física,2024-08-18,Campanha,0,0,1,1,0,0,1,0.0,18230.17,5,185,1,4,1,0,Churned,2,0.25,0.0
A01457,Associado 1457,64,M,PR,Londrina,Pessoa Física,2025-09-06,Indicação,1,0,0,0,0,1,11,3193.42,20148.72,8,119,0,6,2,0,Inativo,2,0.33,0.0
A01458,Associado 1458,48,F,PR,Curitiba,Pessoa Física,2022-02-27,Indicação,1,0,1,0,0,0,7,4480.63,0.0,9,136,2,7,2,1,Inativo,2,0.29,0.5
A01459,Associado 1459,53,F,RS,Porto Alegre,Agro,2023-04-14,Agência,1,0,0,0,0,1,30,7560.78,10598.2,6,54,3,10,3,0,Ativo,2,0.3,0.0
A01460,Associado 1460,56,M,PR,Curitiba,Agro,2021-05-16,Indicação,1,1,0,0,1,1,31,4082.82,13923.73,10,7,10,4,2,2,Ativo,4,0.5,1.0
A01461,Associado 1461,54,M,SC,Florianópolis,Pessoa Física,2019-09-17,Agência,1,0,0,0,0,0,3,2781.5,0.0,5,196,0,10,2,0,Churned,1,0.2,0.0
A01462,Associado 1462,44,M,PR,Londrina,Pessoa Física,2018-03-24,Indicação,1,0,0,0,0,0,20,4755.8,0.0,10,17,4,7,4,0,Ativo,1,0.57,0.0
A01463,Associado 1463,46,F,RS,Porto Alegre,Pessoa Jurídica,2022-05-20,Agência,1,1,0,0,0,0,79,22991.3,29088.67,9,38,10,4,1,0,Ativo,2,0.25,0.0
A01464,Associado 1464,55,F,PR,Londrina,Pessoa Física,2018-01-01,Indicação,1,1,1,1,0,0,30,820.43,0.0,10,8,8,5,2,1,Ativo,4,0.4,0.5
A01465,Associado 1465,55,F,RJ,Rio de Janeiro,Pessoa Jurídica,2024-10-20,Agência,1,1,0,0,1,0,62,6015.83,19810.36,8,15,5,7,1,1,Ativo,3,0.14,1.0
A01466,Associado 1466,60,M,RS,Porto Alegre,Pessoa Física,2019-11-17,Agência,1,0,0,0,1,0,11,11230.75,9655.72,7,73,1,3,1,0,Inativo,2,0.33,0.0
A01467,Associado 1467,45,F,RJ,Rio de Janeiro,Pessoa Física,2018-09-07,Digital,0,0,0,0,0,0,2,0.0,0.0,6,286,0,6,2,0,Churned,0,0.33,0.0
A01468,Associado 1468,53,F,SC,Joinville,Pessoa Jurídica,2019-02-14,Agência,1,1,0,0,0,0,38,7051.1,98242.2,10,16,4,7,2,0,Ativo,2,0.29,0.0
A01469,Associado 1469,41,F,MG,Belo Horizonte,Pessoa Física,2025-08-17,Indicação,1,0,1,0,0,1,31,30731.84,28578.81,10,19,9,5,2,1,Ativo,3,0.4,0.5
A01470,Associado 1470,39,F,SP,São Paulo,Agro,2021-11-10,Agência,1,0,0,0,0,0,3,1404.45,0.0,8,172,0,7,3,0,Churned,1,0.43,0.0
A01471,Associado 1471,19,F,PR,Londrina,Pessoa Física,2021-01-12,Digital,0,1,1,0,0,0,15,0.0,0.0,7,12,15,5,4,0,Ativo,2,0.8,0.0
A01472,Associado 1472,36,F,SP,São Paulo,Pessoa Física,2019-05-05,Digital,1,1,1,0,0,0,26,6231.68,18258.61,10,15,10,2,1,0,Ativo,3,0.5,0.0
A01473,Associado 1473,46,M,MG,Belo Horizonte,Agro,2024-04-05,Agência,1,0,0,0,0,1,45,2465.09,0.0,7,22,7,6,3,1,Ativo,2,0.5,0.33
A01474,Associado 1474,25,F,SC,Florianópolis,Pessoa Física,2025-01-31,Digital,1,1,0,0,0,0,17,3244.93,28207.74,7,11,12,6,4,1,Ativo,2,0.67,0.25
A01475,Associado 1475,61,M,RS,Caxias do Sul,Pessoa Jurídica,2024-08-24,Indicação,1,0,0,0,0,0,44,13723.57,2092.87,5,8,3,4,0,0,Ativo,1,0.0,0.0
A01476,Associado 1476,50,M,PR,Londrina,Pessoa Física,2020-03-09,Agência,1,0,0,0,0,0,22,1320.95,21865.24,9,2,5,8,5,0,Ativo,1,0.62,0.0
A01477,Associado 1477,42,M,SP,São Paulo,Pessoa Jurídica,2020-07-31,Agência,1,1,0,0,0,0,55,25937.95,2833.98,10,6,7,1,0,0,Ativo,2,0.0,0.0
A01478,Associado 1478,55,F,SP,São Paulo,Pessoa Jurídica,2022-02-12,Digital,1,1,1,0,0,0,59,22750.11,20963.96,9,13,9,6,3,0,Ativo,3,0.5,0.0
A01479,Associado 1479,49,F,SP,São Paulo,Pessoa Física,2023-06-18,Digital,1,0,0,0,0,0,17,646.97,0.0,9,26,9,5,2,0,Ativo,1,0.4,0.0
A01480,Associado 1480,29,F,SC,Joinville,Pessoa Jurídica,2021-08-20,Digital,1,1,0,0,0,0,56,25513.28,2805.78,8,1,16,7,4,0,Ativo,2,0.57,0.0
A01481,Associado 1481,19,F,SP,São Paulo,Pessoa Jurídica,2019-11-26,Digital,1,1,0,0,0,0,44,14234.17,0.0,8,0,13,5,3,0,Ativo,2,0.6,0.0
A01482,Associado 1482,61,M,RS,Porto Alegre,Pessoa Física,2018-05-15,Indicação,0,0,1,0,1,0,7,0.0,4637.69,1,145,1,7,0,0,Inativo,2,0.0,0.0
A01483,Associado 1483,48,F,SC,Florianópolis,Pessoa Física,2022-01-31,Agência,0,0,0,0,0,0,0,0.0,9256.78,7,177,0,6,2,0,Churned,0,0.33,0.0
A01484,Associado 1484,37,M,RS,Porto Alegre,Pessoa Física,2024-08-05,Digital,1,0,1,1,0,0,57,1895.59,5235.59,8,4,34,9,8,0,Ativo,3,0.89,0.0
A01485,Associado 1485,37,F,RS,Porto Alegre,Pessoa Física,2025-03-01,Digital,1,1,0,0,0,0,0,867.62,0.0,7,117,1,2,0,0,Churned,2,0.0,0.0
A01486,Associado 1486,27,F,SC,Joinville,Pessoa Física,2018-07-05,Digital,1,0,0,0,0,0,7,3079.91,0.0,8,131,1,7,0,0,Inativo,1,0.0,0.0
A01487,Associado 1487,34,M,SC,Florianópolis,Pessoa Física,2019-04-23,Campanha,1,1,0,0,0,0,16,3530.65,0.0,10,10,0,7,1,0,Ativo,2,0.14,0.0
A01488,Associado 1488,49,M,PR,Curitiba,Pessoa Física,2018-01-01,Digital,1,0,0,0,0,0,5,1039.8,0.0,6,145,2,6,1,0,Inativo,1,0.17,0.0
A01489,Associado 1489,43,M,SC,Florianópolis,Pessoa Jurídica,2025-02-01,Campanha,0,1,1,0,0,0,27,0.0,0.0,9,17,8,4,0,0,Ativo,2,0.0,0.0
A01490,Associado 1490,23,F,SC,Florianópolis,Pessoa Física,2022-08-13,Digital,1,1,0,0,0,0,6,21199.48,3327.64,10,82,6,7,2,0,Inativo,2,0.29,0.0
A01491,Associado 1491,54,M,RS,Porto Alegre,Agro,2020-09-18,Agência,1,1,0,0,0,1,49,7163.08,0.0,6,1,7,6,3,0,Ativo,3,0.5,0.0
A01492,Associado 1492,39,M,SC,Joinville,Pessoa Física,2025-07-12,Agência,1,1,0,0,0,1,26,2798.08,2948.26,10,21,3,7,5,3,Ativo,3,0.71,0.6
A01493,Associado 1493,31,M,RS,Porto Alegre,Pessoa Física,2018-09-27,Digital,1,0,0,0,0,0,17,694.79,7820.26,6,12,13,4,3,0,Ativo,1,0.75,0.0
A01494,Associado 1494,35,F,RS,Caxias do Sul,Pessoa Jurídica,2024-10-02,Digital,0,1,1,0,0,0,28,0.0,1360.83,7,24,5,11,2,0,Ativo,2,0.18,0.0
A01495,Associado 1495,33,M,PR,Curitiba,Pessoa Física,2018-07-14,Agência,1,1,0,0,0,0,32,4442.53,0.0,6,12,13,4,2,1,Ativo,2,0.5,0.5
A01496,Associado 1496,42,M,PR,Londrina,Pessoa Física,2024-04-21,Digital,1,1,0,0,0,0,43,3363.45,0.0,7,1,18,6,4,1,Ativo,2,0.67,0.25
A01497,Associado 1497,24,F,PR,Curitiba,Pessoa Física,2018-03-20,Digital,1,1,1,0,1,0,52,673.39,1916.0,10,1,28,4,4,2,Ativo,4,1.0,0.5
A01498,Associado 1498,48,M,SC,Joinville,Pessoa Física,2021-01-26,Agência,1,1,0,0,0,0,10,2453.58,0.0,5,129,1,5,1,0,Inativo,2,0.2,0.0
A01499,Associado 1499,66,M,SC,Joinville,Pessoa Física,2020-02-25,Agência,1,1,0,0,1,0,38,7616.01,0.0,8,6,6,2,1,1,Ativo,3,0.5,1.0
A01500,Associado 1500,48,M,MG,Belo Horizonte,Agro,2019-03-23,Campanha,1,0,0,0,0,1,21,14501.86,15573.31,10,5,5,5,1,0,Ativo,2,0.2,0.0
A01501,Associado 1501,50,F,SC,Florianópolis,Pessoa Física,2018-05-03,Digital,0,0,0,0,0,0,10,0.0,0.0,7,10,1,8,2,1,Ativo,0,0.25,0.5
A01502,Associado 1502,58,M,SC,Florianópolis,Agro,2022-06-22,Indicação,1,1,0,0,0,1,12,5556.82,0.0,7,1,5,3,2,0,Ativo,3,0.67,0.0
A01503,Associado 1503,31,M,RS,Caxias do Sul,Pessoa Jurídica,2025-06-16,Digital,1,1,0,0,0,0,37,14626.24,0.0,9,23,11,10,3,0,Ativo,2,0.3,0.0
A01504,Associado 1504,19,M,RS,Porto Alegre,Pessoa Física,2022-05-01,Digital,1,1,1,0,0,0,21,2010.99,0.0,10,63,8,6,3,0,Inativo,3,0.5,0.0
A01505,Associado 1505,57,M,SC,Florianópolis,Pessoa Física,2018-12-25,Agência,0,0,0,0,0,0,0,0.0,8475.99,10,288,0,2,1,0,Churned,0,0.5,0.0
A01506,Associado 1506,48,M,SC,Joinville,Pessoa Jurídica,2024-04-05,Digital,1,1,0,0,1,0,56,38900.23,140264.23,10,16,13,12,8,0,Ativo,3,0.67,0.0
A01507,Associado 1507,27,M,PR,Curitiba,Agro,2022-11-01,Digital,1,0,1,0,0,1,34,3255.56,0.0,7,19,9,4,2,0,Ativo,3,0.5,0.0
A01508,Associado 1508,43,M,SC,Florianópolis,Pessoa Física,2020-03-15,Digital,1,0,1,0,0,0,30,5041.23,12324.12,7,3,19,5,5,0,Ativo,2,1.0,0.0
A01509,Associado 1509,57,F,PR,Londrina,Pessoa Física,2022-11-15,Agência,0,1,1,0,0,0,0,0.0,1852.68,6,236,0,1,0,0,Churned,2,0.0,0.0
A01510,Associado 1510,47,F,SP,São Paulo,Pessoa Física,2022-04-03,Agência,1,1,1,0,0,0,21,2710.36,20407.37,8,14,6,8,4,0,Ativo,3,0.5,0.0
A01511,Associado 1511,43,F,SP,São Paulo,Pessoa Física,2025-06-23,Campanha,1,1,1,1,0,0,42,6299.63,1246.02,8,31,9,9,2,1,Ativo,4,0.22,0.5
A01512,Associado 1512,54,M,SP,São Paulo,Pessoa Física,2023-03-11,Digital,1,1,1,0,0,0,28,1388.23,40053.31,9,12,10,3,0,0,Ativo,3,0.0,0.0
A01513,Associado 1513,42,F,RJ,Rio de Janeiro,Agro,2019-10-31,Digital,0,1,0,0,1,1,19,0.0,34550.66,10,26,8,5,2,0,Ativo,3,0.4,0.0
A01514,Associado 1514,52,M,RS,Porto Alegre,Pessoa Física,2024-03-01,Digital,0,0,0,0,0,0,13,0.0,0.0,8,18,11,0,0,0,Ativo,0,0.0,0.0
A01515,Associado 1515,32,M,RS,Porto Alegre,Pessoa Jurídica,2018-05-23,Campanha,1,1,0,0,0,0,40,4302.68,4881.74,9,31,2,7,1,0,Ativo,2,0.14,0.0
A01516,Associado 1516,38,M,RS,Caxias do Sul,Pessoa Jurídica,2024-02-13,Digital,0,0,0,0,0,0,0,0.0,12843.16,5,268,0,8,0,0,Churned,0,0.0,0.0
A01517,Associado 1517,24,F,PR,Londrina,Pessoa Física,2023-12-10,Digital,1,0,0,0,0,0,33,12306.57,8689.19,6,9,18,11,8,1,Ativo,1,0.73,0.12
A01518,Associado 1518,28,F,MG,Belo Horizonte,Pessoa Física,2021-01-28,Campanha,1,1,0,1,0,0,27,1574.21,6771.57,4,118,8,5,2,2,Inativo,3,0.4,1.0
A01519,Associado 1519,48,M,RS,Porto Alegre,Pessoa Jurídica,2018-10-11,Indicação,1,1,1,0,1,1,82,8068.55,25442.84,10,23,8,6,3,1,Ativo,5,0.5,0.33
A01520,Associado 1520,36,M,MG,Belo Horizonte,Agro,2025-01-18,Agência,0,1,0,0,1,0,26,0.0,25644.54,8,3,12,9,3,0,Ativo,2,0.33,0.0
A01521,Associado 1521,27,F,RS,Porto Alegre,Pessoa Jurídica,2019-01-19,Agência,1,1,0,0,0,0,56,8868.9,0.0,6,10,8,8,5,2,Ativo,2,0.62,0.4
A01522,Associado 1522,37,F,MG,Belo Horizonte,Pessoa Física,2022-04-28,Indicação,1,0,0,0,0,0,29,3752.92,0.0,9,14,5,9,3,0,Ativo,1,0.33,0.0
A01523,Associado 1523,34,F,SC,Joinville,Pessoa Física,2018-07-06,Indicação,1,0,0,0,0,0,17,3206.96,38238.99,6,50,1,4,1,0,Ativo,1,0.25,0.0
A01524,Associado 1524,39,F,RS,Porto Alegre,Pessoa Física,2019-09-16,Digital,1,0,0,0,1,0,22,5878.04,0.0,10,2,6,4,3,0,Ativo,2,0.75,0.0
A01525,Associado 1525,30,F,SC,Joinville,Pessoa Física,2019-06-29,Digital,1,0,1,0,0,0,24,1025.3,0.0,8,0,11,7,4,1,Ativo,2,0.57,0.25
A01526,Associado 1526,35,F,RS,Caxias do Sul,Pessoa Jurídica,2020-07-02,Digital,1,1,1,0,0,0,60,38342.0,17430.37,8,18,19,8,6,1,Ativo,3,0.75,0.17
A01527,Associado 1527,36,F,RS,Caxias do Sul,Pessoa Física,2023-11-08,Digital,1,1,0,0,1,0,49,1083.74,0.0,9,41,19,4,3,0,Ativo,3,0.75,0.0
A01528,Associado 1528,51,M,RS,Caxias do Sul,Pessoa Jurídica,2024-12-18,Indicação,1,0,0,0,1,0,33,22442.53,3731.1,7,14,4,5,1,0,Ativo,2,0.2,0.0
A01529,Associado 1529,53,M,SP,São Paulo,Pessoa Física,2020-08-17,Agência,1,1,0,0,0,0,32,1891.69,42870.24,6,10,8,5,2,0,Ativo,2,0.4,0.0
A01530,Associado 1530,49,F,SC,Joinville,Pessoa Jurídica,2022-10-14,Campanha,1,0,0,0,0,0,5,26771.26,0.0,6,89,0,7,3,1,Inativo,1,0.43,0.33
A01531,Associado 1531,43,F,RS,Caxias do Sul,Agro,2023-12-04,Indicação,1,0,1,0,1,1,30,19920.79,100070.35,10,15,3,11,2,0,Ativo,4,0.18,0.0
A01532,Associado 1532,45,M,PR,Curitiba,Pessoa Física,2025-06-25,Digital,1,0,1,0,0,0,20,5881.59,21102.43,10,2,12,5,3,0,Ativo,2,0.6,0.0
A01533,Associado 1533,36,F,SP,São Paulo,Agro,2020-11-09,Digital,1,1,1,0,1,1,60,15555.31,0.0,10,32,25,1,1,0,Ativo,5,1.0,0.0
A01534,Associado 1534,36,M,RS,Porto Alegre,Pessoa Física,2023-12-20,Agência,1,0,0,0,0,0,3,970.35,0.0,5,259,0,11,2,1,Churned,1,0.18,0.5
A01535,Associado 1535,19,M,SC,Joinville,Pessoa Física,2021-08-08,Digital,1,1,0,0,1,0,22,5400.0,0.0,7,1,14,9,2,1,Ativo,3,0.22,0.5
A01536,Associado 1536,25,F,RS,Porto Alegre,Agro,2023-07-31,Indicação,0,0,1,0,0,1,21,0.0,0.0,7,7,19,4,2,0,Ativo,2,0.5,0.0
A01537,Associado 1537,39,M,RS,Porto Alegre,Agro,2021-10-09,Digital,1,0,0,0,0,1,28,11600.36,3728.01,9,1,8,6,5,1,Ativo,2,0.83,0.2
A01538,Associado 1538,30,F,PR,Londrina,Pessoa Física,2022-06-01,Digital,1,1,1,0,0,0,7,5973.45,0.0,8,205,5,6,1,0,Inativo,3,0.17,0.0
A01539,Associado 1539,55,F,RS,Porto Alegre,Pessoa Física,2018-08-11,Digital,0,0,0,0,0,0,1,0.0,0.0,9,158,2,5,1,0,Inativo,0,0.2,0.0
A01540,Associado 1540,29,M,SC,Joinville,Pessoa Jurídica,2019-03-12,Indicação,1,1,0,0,1,0,53,5407.99,3582.56,10,33,5,4,2,1,Ativo,3,0.5,0.5
A01541,Associado 1541,46,M,SP,São Paulo,Pessoa Jurídica,2022-07-20,Agência,1,0,1,0,0,0,30,9099.28,0.0,7,4,4,10,2,1,Ativo,2,0.2,0.5
A01542,Associado 1542,41,M,RS,Porto Alegre,Pessoa Física,2018-11-23,Digital,1,1,0,0,0,0,31,3818.27,6231.96,10,1,16,4,3,0,Ativo,2,0.75,0.0
A01543,Associado 1543,23,F,PR,Londrina,Pessoa Jurídica,2021-05-17,Indicação,1,0,0,0,0,0,5,11464.42,0.0,4,254,1,8,1,1,Churned,1,0.12,1.0
A01544,Associado 1544,36,F,RS,Porto Alegre,Pessoa Física,2023-11-24,Digital,1,0,0,0,0,0,16,1895.54,4550.18,8,7,11,6,2,1,Ativo,1,0.33,0.5
A01545,Associado 1545,45,F,RJ,Rio de Janeiro,Pessoa Física,2025-05-23,Indicação,1,1,0,0,0,0,18,2184.01,0.0,10,6,4,7,0,0,Ativo,2,0.0,0.0
A01546,Associado 1546,43,F,SC,Joinville,Pessoa Física,2019-07-21,Digital,1,1,1,0,0,0,23,2450.01,0.0,9,23,14,4,2,0,Ativo,3,0.5,0.0
A01547,Associado 1547,48,F,SP,São Paulo,Pessoa Física,2023-08-05,Campanha,1,1,0,1,1,0,42,7435.74,0.0,10,2,11,5,2,0,Ativo,4,0.4,0.0
A01548,Associado 1548,53,F,PR,Londrina,Agro,2019-09-22,Agência,1,1,0,0,0,1,5,3796.35,2996.43,10,135,1,5,0,0,Inativo,3,0.0,0.0
A01549,Associado 1549,32,F,RS,Porto Alegre,Pessoa Física,2025-06-28,Digital,1,0,1,0,0,0,22,1848.14,3260.34,10,12,7,7,4,0,Ativo,2,0.57,0.0
A01550,Associado 1550,27,M,PR,Curitiba,Agro,2021-10-09,Agência,1,1,0,0,0,1,35,40231.42,0.0,9,15,4,4,2,0,Ativo,3,0.5,0.0
A01551,Associado 1551,47,F,RJ,Rio de Janeiro,Pessoa Física,2024-11-22,Agência,1,1,1,0,0,0,11,2563.17,8687.91,9,135,0,5,2,0,Inativo,3,0.4,0.0
A01552,Associado 1552,28,M,PR,Curitiba,Pessoa Jurídica,2019-12-26,Digital,1,1,0,0,0,0,60,6421.76,17417.62,6,28,16,6,5,1,Ativo,2,0.83,0.2
A01553,Associado 1553,36,M,SP,São Paulo,Pessoa Jurídica,2018-09-22,Agência,1,0,0,0,0,0,20,29108.71,10709.01,10,16,0,7,2,1,Ativo,1,0.29,0.5
A01554,Associado 1554,57,F,MG,Belo Horizonte,Pessoa Jurídica,2022-01-27,Campanha,1,0,1,0,0,0,51,5138.82,8897.46,9,0,8,7,4,0,Ativo,2,0.57,0.0
A01555,Associado 1555,48,M,RS,Caxias do Sul,Pessoa Jurídica,2022-01-04,Campanha,1,0,0,0,1,0,66,32506.79,5746.96,10,16,10,5,1,0,Ativo,2,0.2,0.0
A01556,Associado 1556,44,M,RS,Caxias do Sul,Pessoa Física,2021-07-31,Digital,1,0,0,0,0,0,9,23345.45,0.0,5,35,1,7,3,0,Inativo,1,0.43,0.0
A01557,Associado 1557,36,M,PR,Curitiba,Agro,2025-01-25,Digital,1,1,0,0,1,1,30,3651.94,3726.23,9,12,12,6,4,0,Ativo,4,0.67,0.0
A01558,Associado 1558,48,F,SC,Florianópolis,Pessoa Jurídica,2023-05-09,Digital,1,0,0,0,0,0,35,20704.88,15587.17,6,3,12,6,4,1,Ativo,1,0.67,0.25
A01559,Associado 1559,49,M,SP,São Paulo,Pessoa Física,2024-08-13,Indicação,1,1,0,0,0,0,30,1151.52,22428.59,7,14,10,3,1,0,Ativo,2,0.33,0.0
A01560,Associado 1560,43,F,MG,Belo Horizonte,Pessoa Jurídica,2019-11-30,Digital,1,1,0,1,1,0,103,17480.56,10373.91,10,7,16,7,6,0,Ativo,4,0.86,0.0
A01561,Associado 1561,23,F,SC,Joinville,Pessoa Física,2022-10-09,Agência,1,0,1,1,0,0,10,12890.93,1000.14,9,11,5,4,2,0,Ativo,3,0.5,0.0
A01562,Associado 1562,69,F,RS,Caxias do Sul,Pessoa Física,2022-02-27,Indicação,1,1,0,1,1,0,23,2941.9,0.0,10,4,3,4,1,0,Ativo,4,0.25,0.0
A01563,Associado 1563,31,M,SP,São Paulo,Agro,2018-06-03,Indicação,1,1,0,0,1,1,40,4757.56,8189.74,10,1,11,7,4,0,Ativo,4,0.57,0.0
A01564,Associado 1564,41,M,RS,Caxias do Sul,Pessoa Física,2025-04-21,Digital,1,1,1,0,0,0,27,12941.2,7503.23,10,26,8,7,2,0,Ativo,3,0.29,0.0
A01565,Associado 1565,64,F,SP,São Paulo,Pessoa Jurídica,2024-06-21,Campanha,1,1,0,0,1,0,49,38265.5,0.0,9,2,6,5,1,1,Ativo,3,0.2,1.0
A01566,Associado 1566,48,F,SC,Florianópolis,Pessoa Física,2021-08-16,Campanha,1,1,0,0,0,0,18,778.09,4890.43,10,16,5,2,1,0,Ativo,2,0.5,0.0
A01567,Associado 1567,37,F,PR,Curitiba,Pessoa Física,2020-03-21,Digital,0,0,0,0,0,0,8,0.0,0.0,8,5,6,4,2,0,Ativo,0,0.5,0.0
A01568,Associado 1568,31,M,RS,Porto Alegre,Pessoa Física,2018-05-31,Digital,1,0,0,0,0,0,2,1839.68,0.0,8,103,0,4,1,0,Churned,1,0.25,0.0
A01569,Associado 1569,29,M,PR,Curitiba,Pessoa Física,2024-02-01,Campanha,1,0,0,0,0,0,31,2406.68,0.0,6,7,13,10,5,1,Ativo,1,0.5,0.2
A01570,Associado 1570,51,M,SC,Florianópolis,Pessoa Jurídica,2020-12-14,Agência,1,1,0,0,1,0,69,30345.97,41783.82,8,1,14,2,0,0,Ativo,3,0.0,0.0
A01571,Associado 1571,24,M,PR,Curitiba,Pessoa Física,2020-02-18,Digital,0,1,0,0,0,0,6,0.0,13768.44,7,144,5,7,3,0,Inativo,1,0.43,0.0
A01572,Associado 1572,41,M,RS,Caxias do Sul,Pessoa Física,2021-08-27,Agência,1,1,0,0,0,0,4,2573.06,0.0,8,118,1,9,1,1,Inativo,2,0.11,1.0
A01573,Associado 1573,39,M,SP,São Paulo,Pessoa Física,2018-06-03,Campanha,1,0,0,0,0,0,15,2067.58,15328.99,10,1,4,7,2,1,Ativo,1,0.29,0.5
A01574,Associado 1574,54,M,MG,Belo Horizonte,Pessoa Física,2023-07-13,Indicação,1,0,0,0,0,0,22,1869.5,0.0,8,0,2,8,2,0,Ativo,1,0.25,0.0
A01575,Associado 1575,38,F,RS,Porto Alegre,Pessoa Jurídica,2019-05-16,Agência,1,0,0,0,0,0,22,16617.07,2118.91,10,3,2,8,1,0,Ativo,1,0.12,0.0
A01576,Associado 1576,49,M,RS,Caxias do Sul,Pessoa Física,2024-12-28,Campanha,1,0,0,0,0,0,2,2807.05,0.0,6,223,0,6,1,0,Churned,1,0.17,0.0
A01577,Associado 1577,47,F,RS,Porto Alegre,Pessoa Jurídica,2018-05-29,Indicação,1,0,0,0,0,0,3,4762.18,4427.19,7,176,0,5,2,1,Churned,1,0.4,0.5
A01578,Associado 1578,41,M,PR,Curitiba,Agro,2018-01-08,Campanha,0,1,1,0,0,1,0,0.0,5022.44,8,345,4,7,5,0,Churned,3,0.71,0.0
A01579,Associado 1579,46,F,PR,Londrina,Pessoa Jurídica,2022-08-11,Agência,1,0,0,0,0,0,14,20781.73,5491.04,6,129,1,4,2,0,Inativo,1,0.5,0.0
A01580,Associado 1580,29,M,SC,Florianópolis,Pessoa Jurídica,2022-09-05,Digital,1,1,0,0,0,0,48,6992.28,0.0,7,46,17,5,3,0,Ativo,2,0.6,0.0
A01581,Associado 1581,53,M,RS,Caxias do Sul,Pessoa Física,2019-08-16,Indicação,0,0,1,0,0,0,6,0.0,20117.2,10,5,5,5,3,0,Ativo,1,0.6,0.0
A01582,Associado 1582,29,M,SC,Florianópolis,Pessoa Física,2025-03-23,Digital,1,1,0,0,0,0,49,11962.24,4676.32,10,14,18,5,3,2,Ativo,2,0.6,0.67
A01583,Associado 1583,35,F,PR,Curitiba,Agro,2019-04-14,Indicação,1,1,0,0,0,1,29,19098.45,9059.7,10,5,7,8,6,1,Ativo,3,0.75,0.17
A01584,Associado 1584,59,M,SC,Florianópolis,Pessoa Jurídica,2024-06-26,Indicação,1,0,0,0,0,0,36,54002.48,0.0,7,3,7,4,2,0,Ativo,1,0.5,0.0
A01585,Associado 1585,31,M,RJ,Rio de Janeiro,Pessoa Jurídica,2025-03-04,Digital,1,1,0,0,0,0,37,6768.42,0.0,8,35,8,9,2,0,Ativo,2,0.22,0.0
A01586,Associado 1586,28,F,RS,Porto Alegre,Pessoa Jurídica,2019-03-27,Indicação,1,0,0,0,0,0,9,13478.37,7629.43,9,142,1,9,3,1,Inativo,1,0.33,0.33
A01587,Associado 1587,52,M,PR,Londrina,Pessoa Física,2023-01-22,Agência,1,1,0,0,1,0,16,3562.75,26054.2,6,24,3,7,3,1,Ativo,3,0.43,0.33
A01588,Associado 1588,40,M,SC,Florianópolis,Pessoa Física,2018-05-08,Agência,1,0,0,0,0,0,16,1722.97,0.0,8,15,9,6,2,0,Ativo,1,0.33,0.0
A01589,Associado 1589,27,F,SC,Joinville,Pessoa Jurídica,2020-05-02,Agência,1,0,1,0,0,0,48,47132.63,0.0,10,3,7,9,5,0,Ativo,2,0.56,0.0
A01590,Associado 1590,23,M,SP,São Paulo,Pessoa Jurídica,2018-03-28,Digital,1,0,0,0,0,1,28,11878.52,0.0,9,5,7,8,0,0,Ativo,2,0.0,0.0
A01591,Associado 1591,29,F,PR,Londrina,Pessoa Física,2021-01-09,Digital,1,1,0,0,0,0,32,3810.97,0.0,8,17,15,2,2,1,Ativo,2,1.0,0.5
A01592,Associado 1592,48,F,RJ,Rio de Janeiro,Agro,2019-06-18,Indicação,0,0,0,0,0,1,1,0.0,0.0,5,234,0,5,1,0,Churned,1,0.2,0.0
A01593,Associado 1593,45,F,RS,Porto Alegre,Pessoa Física,2024-02-16,Indicação,1,1,0,0,0,0,20,1350.3,74189.55,9,14,2,9,2,0,Ativo,2,0.22,0.0
A01594,Associado 1594,50,M,RS,Caxias do Sul,Pessoa Física,2020-04-03,Digital,1,1,0,0,0,0,17,1762.67,61555.68,7,30,9,5,3,0,Ativo,2,0.6,0.0
A01595,Associado 1595,52,M,SP,São Paulo,Agro,2022-02-16,Indicação,1,1,0,1,1,1,40,5443.04,0.0,10,4,10,4,3,0,Ativo,5,0.75,0.0
A01596,Associado 1596,32,F,PR,Curitiba,Pessoa Jurídica,2019-01-14,Agência,1,0,0,0,0,0,2,2461.99,0.0,6,163,1,6,2,0,Churned,1,0.33,0.0
A01597,Associado 1597,56,F,RS,Porto Alegre,Pessoa Física,2019-04-01,Agência,1,1,0,0,1,0,12,3936.62,0.0,10,53,0,4,2,0,Inativo,3,0.5,0.0
A01598,Associado 1598,20,M,RS,Caxias do Sul,Pessoa Física,2023-03-18,Digital,1,0,0,0,0,0,5,1795.2,0.0,8,49,1,9,3,1,Inativo,1,0.33,0.33
A01599,Associado 1599,49,M,RS,Caxias do Sul,Pessoa Física,2018-11-14,Digital,1,1,0,1,0,0,42,1217.6,3336.2,7,13,11,2,1,0,Ativo,3,0.5,0.0
A01600,Associado 1600,45,M,MG,Belo Horizonte,Pessoa Jurídica,2024-07-09,Indicação,1,0,0,1,0,0,10,14590.7,0.0,8,268,2,4,2,0,Churned,2,0.5,0.0
A01601,Associado 1601,26,F,RS,Caxias do Sul,Pessoa Física,2018-08-18,Digital,1,1,1,0,0,0,12,7274.21,13047.3,7,162,3,8,1,0,Inativo,3,0.12,0.0
A01602,Associado 1602,39,M,RS,Caxias do Sul,Pessoa Jurídica,2025-06-04,Indicação,1,1,0,0,0,0,50,36280.75,0.0,10,33,8,5,1,1,Ativo,2,0.2,1.0
A01603,Associado 1603,45,F,RS,Caxias do Sul,Agro,2019-05-23,Indicação,0,0,0,0,1,1,8,0.0,0.0,10,102,4,0,0,0,Inativo,2,0.0,0.0
A01604,Associado 1604,27,F,SC,Florianópolis,Pessoa Jurídica,2020-02-29,Campanha,1,1,0,0,0,0,28,15706.66,0.0,8,5,3,8,1,0,Ativo,2,0.12,0.0
A01605,Associado 1605,52,M,RS,Porto Alegre,Pessoa Física,2022-03-31,Agência,1,1,0,0,0,0,19,6374.46,0.0,8,18,2,5,0,0,Ativo,2,0.0,0.0
A01606,Associado 1606,31,M,SC,Joinville,Pessoa Jurídica,2022-02-07,Digital,1,0,0,0,0,0,41,15071.04,0.0,10,2,15,4,2,0,Ativo,1,0.5,0.0
A01607,Associado 1607,31,F,RS,Caxias do Sul,Pessoa Física,2020-07-12,Digital,1,1,0,0,0,0,9,1489.66,17849.24,5,85,7,4,2,1,Inativo,2,0.5,0.5
A01608,Associado 1608,33,F,SP,São Paulo,Pessoa Física,2020-01-30,Campanha,0,1,1,0,0,0,0,0.0,7121.62,9,250,1,6,1,0,Churned,2,0.17,0.0
A01609,Associado 1609,72,M,RS,Caxias do Sul,Pessoa Física,2022-11-26,Agência,0,0,1,1,1,0,22,0.0,12985.18,7,8,11,3,1,0,Ativo,3,0.33,0.0
A01610,Associado 1610,43,F,SC,Florianópolis,Pessoa Física,2019-03-22,Digital,1,1,1,1,1,0,78,1587.1,0.0,7,7,36,6,6,1,Ativo,5,1.0,0.17
A01611,Associado 1611,42,M,MG,Belo Horizonte,Agro,2021-09-28,Digital,1,1,1,0,0,1,73,3602.1,50648.6,10,14,28,5,5,1,Ativo,4,1.0,0.2
A01612,Associado 1612,40,M,PR,Londrina,Pessoa Física,2018-11-21,Digital,1,1,0,0,0,0,22,2199.56,0.0,10,3,14,4,4,0,Ativo,2,1.0,0.0
A01613,Associado 1613,42,F,SC,Joinville,Pessoa Física,2020-05-26,Agência,0,0,0,0,0,0,1,0.0,0.0,5,218,0,7,3,0,Churned,0,0.43,0.0
A01614,Associado 1614,53,F,RS,Caxias do Sul,Agro,2018-06-16,Agência,1,1,0,0,1,1,54,4915.29,0.0,10,23,3,4,0,0,Ativo,4,0.0,0.0
A01615,Associado 1615,33,M,RS,Porto Alegre,Pessoa Física,2019-08-04,Digital,1,1,0,0,1,0,39,2778.19,0.0,9,8,13,3,1,0,Ativo,3,0.33,0.0
A01616,Associado 1616,36,F,PR,Curitiba,Pessoa Jurídica,2020-04-18,Digital,1,1,1,0,0,0,58,17651.84,7490.36,9,1,18,9,6,0,Ativo,3,0.67,0.0
A01617,Associado 1617,30,F,RJ,Rio de Janeiro,Pessoa Física,2022-05-19,Agência,1,1,1,1,1,0,49,2783.45,310.9,9,2,11,6,3,0,Ativo,5,0.5,0.0
A01618,Associado 1618,21,M,PR,Curitiba,Pessoa Física,2022-12-05,Digital,1,0,0,0,0,0,26,3880.07,4388.96,9,17,13,10,5,1,Ativo,1,0.5,0.2
A01619,Associado 1619,53,F,PR,Londrina,Agro,2023-02-06,Agência,1,1,1,0,1,0,35,3258.8,0.0,9,3,3,8,2,1,Ativo,4,0.25,0.5
A01620,Associado 1620,43,M,SP,São Paulo,Pessoa Física,2021-01-14,Campanha,0,1,0,0,1,0,18,0.0,31105.91,8,0,5,7,2,0,Ativo,2,0.29,0.0
A01621,Associado 1621,40,F,SC,Joinville,Pessoa Física,2021-03-18,Digital,0,1,1,0,0,0,20,0.0,18292.23,6,3,13,9,4,1,Ativo,2,0.44,0.25
A01622,Associado 1622,41,M,RS,Caxias do Sul,Pessoa Física,2020-02-11,Indicação,1,1,0,1,0,0,22,752.44,12666.46,7,12,3,5,0,0,Ativo,3,0.0,0.0
A01623,Associado 1623,48,F,PR,Curitiba,Pessoa Física,2020-07-16,Digital,0,0,0,0,0,1,3,0.0,14342.04,5,72,4,1,1,0,Inativo,1,1.0,0.0
A01624,Associado 1624,46,F,RJ,Rio de Janeiro,Pessoa Física,2020-08-13,Campanha,1,0,0,0,0,0,1,6689.83,0.0,4,159,0,5,0,0,Churned,1,0.0,0.0
A01625,Associado 1625,37,F,RS,Caxias do Sul,Pessoa Física,2023-10-08,Digital,1,1,0,0,0,0,38,3432.26,4631.67,6,1,14,4,3,0,Ativo,2,0.75,0.0
A01626,Associado 1626,32,F,PR,Londrina,Pessoa Física,2019-08-29,Digital,1,1,0,1,0,0,23,27935.02,13859.46,8,77,11,8,4,1,Inativo,3,0.5,0.25
A01627,Associado 1627,43,F,RS,Caxias do Sul,Pessoa Jurídica,2018-01-05,Digital,1,1,0,0,0,0,35,31715.73,8456.49,7,1,11,7,4,0,Ativo,2,0.57,0.0
A01628,Associado 1628,37,F,SC,Joinville,Pessoa Física,2023-11-01,Indicação,0,0,1,0,0,0,12,0.0,5017.26,9,1,9,2,2,1,Ativo,1,1.0,0.5
A01629,Associado 1629,36,F,RS,Porto Alegre,Pessoa Física,2025-02-09,Digital,1,1,0,0,0,0,41,2630.13,1112.87,5,1,19,9,5,0,Ativo,2,0.56,0.0
A01630,Associado 1630,42,F,SC,Joinville,Pessoa Física,2022-02-11,Agência,0,1,0,0,0,0,1,0.0,0.0,5,134,1,6,2,0,Churned,1,0.33,0.0
A01631,Associado 1631,45,M,SP,São Paulo,Agro,2025-01-16,Agência,1,0,0,0,0,1,15,5746.7,0.0,7,6,2,7,2,1,Ativo,2,0.29,0.5
A01632,Associado 1632,21,F,RS,Porto Alegre,Agro,2020-09-28,Digital,1,0,0,0,0,0,10,8949.42,416.27,8,87,3,4,2,0,Inativo,1,0.5,0.0
A01633,Associado 1633,23,F,PR,Curitiba,Pessoa Jurídica,2019-02-18,Digital,1,0,0,0,1,0,56,12096.74,0.0,7,14,11,6,3,0,Ativo,2,0.5,0.0
A01634,Associado 1634,52,F,SP,São Paulo,Agro,2019-12-16,Agência,1,1,1,0,0,0,46,11179.94,7630.23,7,29,9,4,2,0,Ativo,3,0.5,0.0
A01635,Associado 1635,19,F,MG,Belo Horizonte,Pessoa Física,2024-02-06,Digital,1,1,0,0,0,0,54,2924.77,0.0,8,11,21,5,4,1,Ativo,2,0.8,0.25
A01636,Associado 1636,33,F,RS,Porto Alegre,Pessoa Física,2023-01-07,Digital,1,1,0,0,0,0,33,5325.93,0.0,10,0,17,7,2,1,Ativo,2,0.29,0.5
A01637,Associado 1637,52,M,SC,Florianópolis,Pessoa Jurídica,2023-07-08,Indicação,1,0,0,0,1,0,62,44515.6,10314.84,8,31,7,5,2,0,Ativo,2,0.4,0.0
A01638,Associado 1638,49,M,RS,Caxias do Sul,Pessoa Jurídica,2022-01-27,Agência,1,1,0,1,0,0,7,10381.17,6219.47,7,105,0,5,2,0,Churned,3,0.4,0.0
A01639,Associado 1639,29,F,RJ,Rio de Janeiro,Pessoa Física,2020-02-22,Digital,1,0,0,0,0,0,18,3789.92,35324.08,8,1,8,5,3,0,Ativo,1,0.6,0.0
A01640,Associado 1640,38,F,MG,Belo Horizonte,Pessoa Física,2019-06-11,Indicação,1,0,0,0,0,0,35,2544.49,0.0,5,38,5,4,2,0,Ativo,1,0.5,0.0
A01641,Associado 1641,35,F,SC,Joinville,Agro,2018-01-01,Digital,1,1,0,0,0,0,52,3619.35,12975.14,10,3,13,5,3,1,Ativo,2,0.6,0.33
A01642,Associado 1642,57,F,SP,São Paulo,Pessoa Jurídica,2018-09-28,Agência,1,0,1,0,0,0,49,9644.93,104998.55,10,13,4,7,4,2,Ativo,2,0.57,0.5
A01643,Associado 1643,33,M,SC,Florianópolis,Pessoa Física,2024-12-06,Indicação,0,1,0,0,0,0,1,0.0,0.0,7,141,2,5,2,1,Inativo,1,0.4,0.5
A01644,Associado 1644,33,F,PR,Londrina,Pessoa Jurídica,2020-12-07,Digital,1,1,1,0,0,0,42,7695.79,0.0,10,24,11,4,2,0,Ativo,3,0.5,0.0
A01645,Associado 1645,55,M,RS,Caxias do Sul,Pessoa Física,2019-11-25,Digital,1,0,0,0,0,1,26,3217.7,0.0,10,12,8,3,0,0,Ativo,2,0.0,0.0
A01646,Associado 1646,33,F,SP,São Paulo,Pessoa Física,2023-07-16,Campanha,0,1,0,0,0,0,12,0.0,12655.68,7,100,9,7,1,0,Ativo,1,0.14,0.0
A01647,Associado 1647,52,M,RS,Porto Alegre,Pessoa Física,2024-08-17,Campanha,0,0,0,0,0,0,13,0.0,0.0,7,28,2,3,0,0,Ativo,0,0.0,0.0
A01648,Associado 1648,24,M,SP,São Paulo,Pessoa Física,2025-01-30,Digital,1,1,0,1,0,0,26,3271.16,7137.06,8,2,11,4,3,0,Ativo,3,0.75,0.0
A01649,Associado 1649,54,M,SP,São Paulo,Pessoa Física,2025-06-10,Agência,1,1,1,1,0,0,30,2167.11,0.0,9,9,8,4,2,0,Ativo,4,0.5,0.0
A01650,Associado 1650,28,F,SP,São Paulo,Pessoa Jurídica,2023-06-19,Digital,1,1,0,0,0,0,2,34132.78,11569.01,3,308,2,5,2,0,Churned,2,0.4,0.0
A01651,Associado 1651,49,F,RS,Porto Alegre,Pessoa Física,2025-03-04,Agência,1,1,0,1,1,0,30,1952.27,0.0,10,5,8,3,3,1,Ativo,4,1.0,0.33
A01652,Associado 1652,45,F,RS,Porto Alegre,Pessoa Física,2023-10-15,Agência,0,1,0,0,0,0,10,0.0,22506.91,8,27,6,7,2,0,Ativo,1,0.29,0.0
A01653,Associado 1653,37,F,RS,Porto Alegre,Pessoa Física,2022-09-06,Digital,1,0,0,0,0,0,21,6696.58,0.0,10,4,8,6,1,0,Ativo,1,0.17,0.0
A01654,Associado 1654,51,F,SC,Florianópolis,Pessoa Física,2023-07-28,Campanha,1,0,0,0,0,0,0,808.55,7648.99,5,209,0,6,1,1,Churned,1,0.17,1.0
A01655,Associado 1655,48,M,RS,Caxias do Sul,Agro,2023-10-01,Campanha,1,0,0,0,0,1,22,14808.35,0.0,8,20,3,3,1,0,Ativo,2,0.33,0.0
A01656,Associado 1656,27,M,MG,Belo Horizonte,Pessoa Jurídica,2023-07-15,Digital,1,1,0,0,0,0,34,7038.76,8733.7,10,17,4,5,0,0,Ativo,2,0.0,0.0
A01657,Associado 1657,51,M,PR,Curitiba,Agro,2019-04-15,Digital,1,1,1,0,1,1,50,4299.7,11135.58,10,2,14,4,2,1,Ativo,5,0.5,0.5
A01658,Associado 1658,57,F,RS,Caxias do Sul,Agro,2024-04-09,Agência,1,1,1,0,1,0,45,6603.56,0.0,10,9,8,10,3,0,Ativo,4,0.3,0.0
A01659,Associado 1659,50,M,SC,Joinville,Pessoa Física,2018-12-03,Agência,1,1,0,0,0,0,25,654.63,0.0,9,3,5,9,2,0,Ativo,2,0.22,0.0
A01660,Associado 1660,50,F,SC,Florianópolis,Pessoa Física,2020-01-26,Agência,1,1,0,0,0,0,22,13058.9,0.0,9,6,6,6,4,1,Ativo,2,0.67,0.25
A01661,Associado 1661,39,M,PR,Londrina,Agro,2025-02-14,Indicação,1,1,1,0,1,1,18,5993.41,0.0,9,21,2,4,1,0,Ativo,5,0.25,0.0
A01662,Associado 1662,27,F,SC,Joinville,Agro,2022-09-16,Agência,1,1,0,1,0,1,46,3267.59,3526.46,9,7,6,6,1,0,Ativo,4,0.17,0.0
A01663,Associado 1663,40,M,MG,Belo Horizonte,Pessoa Jurídica,2023-10-01,Campanha,1,0,0,0,0,0,20,10434.29,3015.5,6,92,1,4,3,1,Inativo,1,0.75,0.33
A01664,Associado 1664,21,F,SC,Joinville,Pessoa Jurídica,2019-02-17,Digital,1,1,0,0,0,0,66,13510.49,2712.1,10,2,22,11,8,0,Ativo,2,0.73,0.0
A01665,Associado 1665,41,M,RJ,Rio de Janeiro,Pessoa Jurídica,2025-03-01,Agência,1,1,0,0,0,0,4,31517.72,3119.95,9,365,0,5,1,0,Churned,2,0.2,0.0
A01666,Associado 1666,50,M,MG,Belo Horizonte,Pessoa Física,2018-01-08,Agência,1,1,0,0,0,0,16,2326.15,0.0,8,156,6,7,0,0,Inativo,2,0.0,0.0
A01667,Associado 1667,44,M,RS,Porto Alegre,Pessoa Física,2018-09-04,Digital,1,0,0,0,0,0,2,842.83,0.0,8,187,0,5,1,0,Churned,1,0.2,0.0
A01668,Associado 1668,51,F,MG,Belo Horizonte,Pessoa Jurídica,2019-02-16,Campanha,1,1,0,0,0,0,31,12317.65,9756.63,7,0,4,5,3,0,Ativo,2,0.6,0.0
A01669,Associado 1669,34,M,RS,Porto Alegre,Pessoa Jurídica,2022-04-13,Indicação,1,0,0,0,0,0,3,14148.06,15185.35,3,161,1,6,0,0,Churned,1,0.0,0.0
A01670,Associado 1670,23,M,SP,São Paulo,Pessoa Física,2021-09-30,Digital,0,0,1,0,0,0,16,0.0,0.0,9,7,15,7,1,0,Ativo,1,0.14,0.0
A01671,Associado 1671,31,M,SC,Florianópolis,Pessoa Física,2018-08-23,Digital,1,0,0,0,0,0,1,4130.95,6529.86,3,252,1,2,1,0,Churned,1,0.5,0.0
A01672,Associado 1672,38,F,MG,Belo Horizonte,Pessoa Física,2025-05-13,Digital,1,1,0,0,0,0,15,2950.78,4511.19,9,12,8,6,3,1,Ativo,2,0.5,0.33
A01673,Associado 1673,44,M,MG,Belo Horizonte,Pessoa Física,2019-08-11,Campanha,1,1,0,1,0,0,28,1281.83,0.0,9,3,4,5,1,0,Ativo,3,0.2,0.0
A01674,Associado 1674,64,F,SP,São Paulo,Agro,2022-01-08,Indicação,1,1,0,0,0,0,22,10083.41,0.0,7,129,4,3,0,0,Inativo,2,0.0,0.0
A01675,Associado 1675,22,M,SP,São Paulo,Pessoa Física,2018-08-21,Digital,1,0,0,0,0,0,2,950.02,30244.99,4,165,3,9,2,0,Inativo,1,0.22,0.0
A01676,Associado 1676,30,M,RS,Porto Alegre,Pessoa Física,2025-08-21,Digital,1,1,0,1,0,0,32,1182.73,15037.74,10,15,18,8,6,2,Ativo,3,0.75,0.33
A01677,Associado 1677,42,F,RS,Caxias do Sul,Pessoa Física,2023-03-21,Digital,1,1,0,0,0,0,29,8205.76,0.0,6,3,17,8,4,0,Ativo,2,0.5,0.0
A01678,Associado 1678,36,F,SC,Florianópolis,Pessoa Jurídica,2023-04-29,Digital,1,1,0,0,0,0,34,12648.74,13646.72,7,5,11,5,1,0,Ativo,2,0.2,0.0
A01679,Associado 1679,40,M,RS,Porto Alegre,Pessoa Física,2023-03-02,Agência,1,0,0,0,0,0,19,3924.52,4069.81,8,9,1,3,1,0,Ativo,1,0.33,0.0
A01680,Associado 1680,30,F,PR,Curitiba,Pessoa Física,2018-11-06,Digital,1,0,0,1,0,0,35,5313.08,9693.9,7,3,10,5,2,1,Ativo,2,0.4,0.5
A01681,Associado 1681,32,F,RS,Porto Alegre,Pessoa Física,2020-08-01,Campanha,1,1,1,1,0,0,43,5085.12,0.0,10,12,11,10,7,0,Ativo,4,0.7,0.0
A01682,Associado 1682,34,F,RJ,Rio de Janeiro,Pessoa Física,2020-06-26,Digital,1,1,0,1,0,0,45,3513.59,0.0,7,57,24,7,5,2,Ativo,3,0.71,0.4
A01683,Associado 1683,36,M,PR,Londrina,Pessoa Física,2025-07-11,Agência,1,1,0,0,0,0,20,2481.29,37071.03,10,15,7,5,3,0,Ativo,2,0.6,0.0
A01684,Associado 1684,42,M,SP,São Paulo,Pessoa Física,2024-11-30,Campanha,0,0,0,0,0,0,1,0.0,0.0,5,179,0,8,4,0,Churned,0,0.5,0.0
A01685,Associado 1685,24,M,RS,Porto Alegre,Agro,2024-07-11,Agência,1,1,1,1,0,0,27,4602.03,0.0,10,10,10,4,3,0,Inativo,4,0.75,0.0
A01686,Associado 1686,57,F,MG,Belo Horizonte,Pessoa Física,2022-05-20,Agência,1,0,0,0,0,0,10,2244.23,11776.11,6,93,1,6,0,0,Inativo,1,0.0,0.0
A01687,Associado 1687,60,F,MG,Belo Horizonte,Pessoa Física,2023-10-01,Agência,1,0,0,0,0,0,5,1302.13,14069.16,8,115,2,7,2,0,Inativo,1,0.29,0.0
A01688,Associado 1688,33,F,SC,Florianópolis,Pessoa Jurídica,2019-06-30,Digital,1,1,0,0,0,0,46,19143.82,0.0,8,3,6,3,0,0,Ativo,2,0.0,0.0
A01689,Associado 1689,46,F,PR,Londrina,Pessoa Física,2024-06-06,Digital,1,0,0,0,0,0,0,3063.73,2954.35,6,283,0,11,4,0,Churned,1,0.36,0.0
A01690,Associado 1690,36,M,SP,São Paulo,Pessoa Jurídica,2025-05-12,Digital,0,0,1,0,0,0,10,0.0,0.0,6,11,10,7,3,0,Ativo,1,0.43,0.0
A01691,Associado 1691,26,F,RS,Caxias do Sul,Pessoa Física,2018-12-22,Indicação,1,1,0,0,0,0,27,520.83,4007.15,8,1,10,4,1,0,Ativo,2,0.25,0.0
A01692,Associado 1692,21,M,SC,Joinville,Pessoa Física,2020-04-14,Digital,1,1,1,1,0,0,80,2101.93,0.0,10,9,41,3,3,0,Ativo,4,1.0,0.0
A01693,Associado 1693,48,F,SC,Joinville,Pessoa Jurídica,2022-06-22,Indicação,1,1,1,0,1,1,50,17190.53,30450.23,8,18,13,10,5,0,Ativo,5,0.5,0.0
A01694,Associado 1694,50,M,RS,Caxias do Sul,Agro,2025-03-20,Agência,1,1,0,1,0,0,49,5465.98,0.0,10,15,6,2,1,0,Ativo,3,0.5,0.0
A01695,Associado 1695,52,M,SC,Florianópolis,Pessoa Física,2022-01-05,Indicação,1,1,0,0,1,0,30,1001.89,0.0,9,5,0,7,1,1,Ativo,3,0.14,1.0
A01696,Associado 1696,46,F,RS,Caxias do Sul,Pessoa Física,2020-05-26,Indicação,1,0,1,0,1,0,30,4800.08,11655.22,7,5,7,6,2,1,Ativo,3,0.33,0.5
A01697,Associado 1697,22,F,RS,Porto Alegre,Pessoa Física,2025-08-10,Indicação,0,0,0,0,0,0,10,0.0,0.0,9,8,5,4,1,0,Ativo,0,0.25,0.0
A01698,Associado 1698,34,F,RS,Porto Alegre,Agro,2023-01-16,Digital,1,1,0,0,0,1,21,12229.22,0.0,9,18,3,16,6,0,Ativo,3,0.38,0.0
A01699,Associado 1699,47,M,RJ,Rio de Janeiro,Agro,2022-06-25,Indicação,0,0,0,1,0,1,21,0.0,6794.29,8,4,13,4,2,0,Ativo,2,0.5,0.0
A01700,Associado 1700,35,F,SC,Florianópolis,Pessoa Física,2021-02-16,Agência,1,1,0,0,0,0,36,10004.96,0.0,10,18,10,6,4,1,Ativo,2,0.67,0.25
A01701,Associado 1701,27,M,RJ,Rio de Janeiro,Pessoa Física,2022-08-03,Campanha,1,1,0,0,0,0,31,14437.21,34729.96,9,22,11,4,3,0,Ativo,2,0.75,0.0
A01702,Associado 1702,64,F,SC,Joinville,Pessoa Física,2021-10-26,Agência,0,0,0,0,1,0,2,0.0,96372.42,5,144,2,4,0,0,Inativo,1,0.0,0.0
A01703,Associado 1703,61,M,RS,Porto Alegre,Pessoa Física,2020-01-07,Agência,0,1,1,0,1,0,27,0.0,9603.89,10,10,11,5,4,1,Ativo,3,0.8,0.25
A01704,Associado 1704,34,F,SC,Joinville,Pessoa Física,2022-11-26,Digital,1,1,1,0,0,0,30,6607.69,16269.07,10,17,13,7,5,2,Ativo,3,0.71,0.4
A01705,Associado 1705,38,M,SC,Florianópolis,Pessoa Física,2023-01-16,Indicação,1,0,0,0,0,0,0,1310.42,0.0,5,241,1,5,2,0,Churned,1,0.4,0.0
A01706,Associado 1706,49,M,RS,Caxias do Sul,Pessoa Jurídica,2022-02-03,Agência,0,1,0,0,0,0,4,0.0,9760.42,7,181,0,5,0,0,Inativo,1,0.0,0.0
A01707,Associado 1707,55,M,PR,Curitiba,Agro,2018-06-05,Campanha,1,0,0,0,0,0,41,15149.33,0.0,10,33,6,5,2,0,Ativo,1,0.4,0.0
A01708,Associado 1708,50,F,RS,Porto Alegre,Agro,2025-09-19,Campanha,0,1,0,0,0,0,5,0.0,0.0,6,75,1,12,3,0,Inativo,1,0.25,0.0
A01709,Associado 1709,40,M,PR,Londrina,Pessoa Física,2020-07-22,Digital,1,1,0,0,0,0,27,505.38,4283.77,3,0,8,7,2,1,Ativo,2,0.29,0.5
A01710,Associado 1710,34,F,PR,Curitiba,Pessoa Física,2019-07-30,Digital,0,1,0,1,0,0,10,0.0,0.0,9,11,17,8,8,0,Ativo,2,1.0,0.0
A01711,Associado 1711,56,M,RS,Porto Alegre,Agro,2021-08-26,Indicação,1,0,0,0,0,0,2,10601.52,0.0,9,204,0,8,1,0,Churned,1,0.12,0.0
A01712,Associado 1712,43,F,RS,Caxias do Sul,Pessoa Física,2018-09-05,Digital,1,0,0,0,0,0,17,1858.33,0.0,7,11,7,6,2,0,Ativo,1,0.33,0.0
A01713,Associado 1713,56,F,SP,São Paulo,Pessoa Jurídica,2021-12-22,Digital,1,1,0,0,0,0,19,37345.31,0.0,5,140,1,8,1,0,Inativo,2,0.12,0.0
A01714,Associado 1714,47,M,SC,Florianópolis,Pessoa Física,2020-12-03,Campanha,1,1,0,0,1,0,28,5807.34,14532.23,10,14,5,5,1,0,Ativo,3,0.2,0.0
A01715,Associado 1715,54,M,RS,Caxias do Sul,Pessoa Física,2019-03-29,Campanha,1,0,0,0,0,0,3,703.58,90756.82,8,278,0,7,0,0,Churned,1,0.0,0.0
A01716,Associado 1716,36,F,RJ,Rio de Janeiro,Pessoa Física,2021-02-16,Campanha,1,1,0,0,0,0,20,1840.86,39056.15,7,4,12,10,5,1,Ativo,2,0.5,0.2
A01717,Associado 1717,51,M,RS,Porto Alegre,Pessoa Física,2025-07-03,Agência,1,1,0,1,1,0,14,2108.91,0.0,9,104,2,6,2,0,Inativo,4,0.33,0.0
A01718,Associado 1718,35,F,PR,Londrina,Pessoa Jurídica,2020-06-27,Agência,1,0,0,0,0,0,23,14584.96,0.0,10,26,1,3,0,0,Ativo,1,0.0,0.0
A01719,Associado 1719,62,F,RJ,Rio de Janeiro,Pessoa Física,2020-07-28,Agência,0,1,0,0,1,0,21,0.0,19813.7,5,19,6,7,3,0,Ativo,2,0.43,0.0
A01720,Associado 1720,32,F,RS,Porto Alegre,Pessoa Física,2020-12-29,Digital,1,0,1,1,0,0,17,5645.04,0.0,10,5,13,7,5,0,Ativo,3,0.71,0.0
A01721,Associado 1721,20,F,RS,Porto Alegre,Pessoa Física,2024-11-06,Digital,1,0,0,0,0,0,2,2310.68,0.0,6,287,4,7,0,0,Churned,1,0.0,0.0
A01722,Associado 1722,33,F,RS,Caxias do Sul,Agro,2018-09-24,Digital,1,0,0,0,0,1,21,6431.24,11418.99,7,5,13,3,3,1,Ativo,2,1.0,0.33
A01723,Associado 1723,41,F,RS,Caxias do Sul,Pessoa Física,2025-08-10,Digital,1,1,1,0,1,0,11,14546.92,0.0,8,126,4,9,4,1,Inativo,4,0.44,0.25
A01724,Associado 1724,64,F,RS,Porto Alegre,Pessoa Física,2022-01-01,Indicação,1,1,0,0,0,0,30,2934.6,65222.74,7,0,3,1,0,0,Ativo,2,0.0,0.0
A01725,Associado 1725,65,F,PR,Curitiba,Pessoa Física,2024-08-10,Indicação,0,1,0,0,0,0,10,0.0,5060.87,8,39,5,3,0,0,Ativo,1,0.0,0.0
A01726,Associado 1726,54,F,RS,Porto Alegre,Pessoa Física,2021-04-25,Indicação,1,1,0,0,0,0,20,4725.26,3684.8,8,5,3,1,0,0,Ativo,2,0.0,0.0
A01727,Associado 1727,65,M,SC,Joinville,Pessoa Física,2018-03-02,Agência,1,0,0,0,0,0,11,1678.79,4504.75,7,99,0,10,5,0,Inativo,1,0.5,0.0
A01728,Associado 1728,48,F,RJ,Rio de Janeiro,Pessoa Jurídica,2024-01-25,Agência,1,1,0,0,1,0,57,24051.53,3651.97,9,3,12,4,2,0,Ativo,3,0.5,0.0
A01729,Associado 1729,55,F,SP,São Paulo,Pessoa Física,2023-12-20,Indicação,1,1,0,0,0,0,21,819.4,24407.99,8,5,5,4,1,0,Ativo,2,0.25,0.0
A01730,Associado 1730,21,F,PR,Londrina,Pessoa Física,2018-06-04,Digital,1,1,0,0,0,1,19,23263.43,4035.9,10,40,16,2,0,0,Ativo,3,0.0,0.0
A01731,Associado 1731,41,M,RS,Caxias do Sul,Pessoa Jurídica,2019-12-23,Digital,1,0,0,0,0,0,35,6208.31,0.0,7,3,4,6,2,0,Ativo,1,0.33,0.0
A01732,Associado 1732,47,M,PR,Londrina,Pessoa Física,2018-01-07,Agência,0,1,0,0,0,0,15,0.0,0.0,5,16,7,4,2,0,Ativo,1,0.5,0.0
A01733,Associado 1733,57,M,SC,Florianópolis,Pessoa Física,2019-06-07,Agência,0,1,0,0,0,0,1,0.0,4832.93,5,249,0,12,0,0,Churned,1,0.0,0.0
A01734,Associado 1734,30,M,SC,Florianópolis,Pessoa Física,2022-10-02,Digital,1,1,1,0,0,0,11,27250.04,0.0,10,39,7,6,1,1,Ativo,3,0.17,1.0
A01735,Associado 1735,37,M,RS,Caxias do Sul,Pessoa Física,2018-09-08,Campanha,1,0,0,0,0,1,1,3002.03,0.0,6,192,0,4,0,0,Churned,2,0.0,0.0
A01736,Associado 1736,20,M,MG,Belo Horizonte,Pessoa Jurídica,2022-05-19,Campanha,1,1,0,0,0,0,27,6972.16,0.0,9,14,7,4,1,0,Ativo,2,0.25,0.0
A01737,Associado 1737,25,F,SC,Joinville,Pessoa Jurídica,2025-07-02,Digital,1,1,0,0,0,0,84,67369.06,11380.61,8,3,28,6,4,1,Ativo,2,0.67,0.25
A01738,Associado 1738,37,M,RS,Porto Alegre,Pessoa Jurídica,2022-07-22,Digital,1,0,0,0,0,0,45,8230.57,18135.83,8,16,10,6,3,0,Ativo,1,0.5,0.0
A01739,Associado 1739,34,M,SC,Joinville,Pessoa Jurídica,2023-12-08,Indicação,1,0,0,0,0,0,31,8050.8,0.0,6,11,5,7,3,2,Ativo,1,0.43,0.67
A01740,Associado 1740,28,M,SC,Florianópolis,Pessoa Física,2023-09-27,Digital,1,1,1,1,0,0,11,2421.55,23268.55,10,106,6,4,1,0,Inativo,4,0.25,0.0
A01741,Associado 1741,38,M,SP,São Paulo,Pessoa Física,2023-03-28,Digital,1,1,1,0,0,0,11,2410.69,7955.44,9,124,4,4,0,0,Inativo,3,0.0,0.0
A01742,Associado 1742,56,M,SP,São Paulo,Pessoa Física,2021-07-09,Campanha,0,0,0,0,0,0,0,0.0,0.0,4,243,0,8,1,0,Churned,0,0.12,0.0
A01743,Associado 1743,58,F,SP,São Paulo,Pessoa Física,2025-08-21,Indicação,1,1,1,0,1,0,60,3443.84,14623.94,8,1,13,6,5,2,Ativo,4,0.83,0.4
A01744,Associado 1744,52,F,RS,Porto Alegre,Agro,2022-11-23,Campanha,1,1,1,0,0,1,38,19913.12,5884.51,9,3,5,6,0,0,Ativo,4,0.0,0.0
A01745,Associado 1745,54,M,SC,Florianópolis,Pessoa Jurídica,2022-01-08,Agência,1,0,0,0,0,0,18,6230.43,0.0,8,83,2,3,0,0,Inativo,1,0.0,0.0
A01746,Associado 1746,36,F,SC,Florianópolis,Pessoa Física,2022-02-11,Digital,1,0,0,0,0,1,21,851.36,18315.22,6,8,20,3,3,2,Ativo,2,1.0,0.67
A01747,Associado 1747,53,M,RS,Porto Alegre,Pessoa Física,2021-06-08,Indicação,1,1,1,0,1,0,25,2800.09,67157.88,9,4,12,2,0,0,Ativo,4,0.0,0.0
A01748,Associado 1748,46,F,RS,Porto Alegre,Pessoa Física,2018-08-12,Agência,1,1,0,0,0,0,22,3551.23,7340.14,9,5,3,10,4,2,Ativo,2,0.4,0.5
A01749,Associado 1749,24,F,SP,São Paulo,Pessoa Física,2024-11-09,Indicação,1,1,0,0,0,0,42,2601.45,0.0,9,20,11,9,4,0,Ativo,2,0.44,0.0
A01750,Associado 1750,52,M,RS,Caxias do Sul,Pessoa Física,2019-12-20,Agência,1,0,0,0,0,0,21,916.3,0.0,5,5,2,5,0,0,Ativo,1,0.0,0.0
A01751,Associado 1751,21,M,SC,Florianópolis,Pessoa Física,2020-08-06,Indicação,1,1,1,0,1,0,57,901.95,0.0,8,2,11,7,2,0,Ativo,4,0.29,0.0
A01752,Associado 1752,33,M,RS,Caxias do Sul,Agro,2018-01-28,Digital,0,0,0,0,0,0,0,0.0,0.0,6,228,0,6,3,0,Churned,0,0.5,0.0
A01753,Associado 1753,53,F,RS,Caxias do Sul,Pessoa Jurídica,2020-06-19,Agência,1,1,0,0,0,0,30,18404.9,0.0,10,16,3,8,4,2,Ativo,2,0.5,0.5
A01754,Associado 1754,34,F,RS,Porto Alegre,Pessoa Física,2020-04-28,Digital,1,0,0,0,0,0,14,8861.98,3967.77,9,32,13,8,3,0,Ativo,1,0.38,0.0
A01755,Associado 1755,58,M,RJ,Rio de Janeiro,Pessoa Física,2018-04-11,Indicação,1,1,0,0,1,0,24,2517.45,18837.01,8,17,8,5,0,0,Ativo,3,0.0,0.0
A01756,Associado 1756,31,M,SP,São Paulo,Pessoa Física,2023-10-07,Digital,1,0,0,0,0,0,15,4460.3,4966.04,10,2,4,8,4,0,Ativo,1,0.5,0.0
A01757,Associado 1757,33,F,RJ,Rio de Janeiro,Pessoa Jurídica,2019-02-19,Digital,1,0,0,0,0,0,3,22407.71,9637.09,7,214,0,4,1,0,Churned,1,0.25,0.0
A01758,Associado 1758,54,M,SC,Joinville,Pessoa Jurídica,2023-02-03,Campanha,1,1,0,0,0,0,18,15713.64,8500.88,10,10,2,6,1,1,Ativo,2,0.17,1.0
A01759,Associado 1759,59,F,RS,Caxias do Sul,Agro,2024-08-07,Digital,1,0,0,0,0,1,21,6623.38,0.0,6,18,7,3,2,0,Ativo,2,0.67,0.0
A01760,Associado 1760,37,F,SC,Florianópolis,Pessoa Física,2022-01-28,Digital,1,1,1,0,0,0,28,2565.12,8038.37,6,8,5,8,4,1,Ativo,3,0.5,0.25
A01761,Associado 1761,46,M,SC,Joinville,Pessoa Jurídica,2021-12-24,Agência,1,1,0,1,0,0,55,17016.76,16695.78,10,8,12,5,4,0,Ativo,3,0.8,0.0
A01762,Associado 1762,46,F,SP,São Paulo,Pessoa Física,2022-12-07,Campanha,0,0,1,0,0,0,8,0.0,6003.79,10,10,6,3,0,0,Ativo,1,0.0,0.0
A01763,Associado 1763,38,F,RS,Porto Alegre,Pessoa Física,2019-02-25,Agência,0,0,0,0,0,0,1,0.0,0.0,7,241,0,1,0,0,Churned,0,0.0,0.0
A01764,Associado 1764,32,F,SC,Joinville,Pessoa Física,2018-01-21,Digital,1,1,0,0,1,0,1,2415.66,0.0,5,235,0,12,2,0,Churned,3,0.17,0.0
A01765,Associado 1765,42,F,RS,Porto Alegre,Pessoa Física,2019-09-28,Indicação,1,0,0,0,1,0,32,3054.51,11137.5,9,9,3,7,3,1,Ativo,2,0.43,0.33
A01766,Associado 1766,41,M,RS,Porto Alegre,Pessoa Jurídica,2019-04-09,Agência,1,0,0,0,0,0,23,29646.42,0.0,7,5,5,6,3,1,Ativo,1,0.5,0.33
A01767,Associado 1767,29,F,SP,São Paulo,Pessoa Física,2023-11-15,Digital,0,0,0,0,0,0,1,0.0,0.0,4,197,1,3,1,0,Churned,0,0.33,0.0
A01768,Associado 1768,56,M,SC,Florianópolis,Pessoa Física,2022-02-24,Agência,1,1,1,0,1,0,38,1676.3,8580.12,10,3,11,7,7,2,Ativo,4,1.0,0.29
A01769,Associado 1769,32,F,SC,Florianópolis,Pessoa Física,2018-01-24,Indicação,1,0,0,0,0,0,3,1896.21,1582.39,4,110,0,5,0,0,Churned,1,0.0,0.0
A01770,Associado 1770,24,M,SC,Joinville,Pessoa Física,2024-08-24,Digital,1,0,1,0,0,0,24,1398.17,4594.46,7,2,15,7,5,2,Ativo,2,0.71,0.4
A01771,Associado 1771,60,F,SC,Joinville,Pessoa Física,2019-01-31,Campanha,1,0,0,0,0,0,20,3188.57,13247.19,5,1,0,7,0,0,Ativo,1,0.0,0.0
A01772,Associado 1772,57,F,SP,São Paulo,Pessoa Física,2021-11-28,Campanha,1,0,0,1,1,1,66,8751.5,23337.01,9,8,7,2,1,0,Ativo,4,0.5,0.0
A01773,Associado 1773,39,M,MG,Belo Horizonte,Pessoa Física,2023-06-13,Digital,1,0,0,0,0,0,9,5172.77,0.0,9,4,8,5,1,0,Ativo,1,0.2,0.0
A01774,Associado 1774,39,F,RJ,Rio de Janeiro,Pessoa Física,2023-02-13,Indicação,0,0,0,0,0,0,2,0.0,9107.38,6,38,3,7,1,1,Ativo,0,0.14,1.0
A01775,Associado 1775,40,M,SP,São Paulo,Agro,2023-10-03,Digital,1,0,0,0,0,1,6,4130.24,7197.58,9,182,1,7,1,0,Churned,2,0.14,0.0
A01776,Associado 1776,18,F,RS,Porto Alegre,Pessoa Física,2020-10-10,Digital,1,0,1,0,0,0,19,1343.5,0.0,6,108,16,7,4,0,Ativo,2,0.57,0.0
A01777,Associado 1777,28,M,PR,Curitiba,Pessoa Física,2019-02-26,Digital,1,0,0,0,0,0,4,1148.8,0.0,8,308,0,6,1,0,Churned,1,0.17,0.0
A01778,Associado 1778,44,M,SC,Joinville,Pessoa Física,2018-05-11,Campanha,1,1,0,0,0,0,24,2360.43,24843.87,8,19,3,3,1,0,Ativo,2,0.33,0.0
A01779,Associado 1779,26,F,RS,Caxias do Sul,Agro,2019-02-24,Digital,1,1,0,0,0,1,67,3042.76,5399.23,9,30,26,5,4,1,Ativo,3,0.8,0.25
A01780,Associado 1780,38,F,SP,São Paulo,Pessoa Jurídica,2025-09-24,Digital,1,0,0,0,0,0,49,12371.72,38264.56,7,5,15,5,2,0,Ativo,1,0.4,0.0
A01781,Associado 1781,46,F,RS,Porto Alegre,Pessoa Física,2023-06-04,Digital,1,1,0,0,0,0,44,5892.77,15246.97,4,4,20,3,3,1,Ativo,2,1.0,0.33
A01782,Associado 1782,47,F,MG,Belo Horizonte,Pessoa Física,2020-02-14,Digital,1,0,0,0,0,0,7,3677.08,0.0,8,99,1,7,0,0,Inativo,1,0.0,0.0
A01783,Associado 1783,56,F,SC,Florianópolis,Pessoa Jurídica,2020-12-27,Agência,1,1,1,0,1,0,65,8860.84,29091.96,8,19,10,11,6,0,Ativo,4,0.55,0.0
A01784,Associado 1784,37,F,PR,Curitiba,Pessoa Jurídica,2022-05-17,Digital,1,1,0,0,0,0,8,9946.02,27266.08,7,141,1,4,1,0,Inativo,2,0.25,0.0
A01785,Associado 1785,38,F,PR,Curitiba,Pessoa Jurídica,2021-11-27,Digital,1,1,1,0,1,0,67,80799.93,14999.78,10,3,24,4,2,0,Ativo,4,0.5,0.0
A01786,Associado 1786,40,F,MG,Belo Horizonte,Agro,2018-06-24,Digital,1,1,1,1,0,0,49,3119.44,28032.72,7,5,11,6,2,0,Ativo,4,0.33,0.0
A01787,Associado 1787,25,F,PR,Londrina,Agro,2021-07-27,Digital,0,0,0,0,0,1,9,0.0,0.0,6,32,13,5,2,0,Ativo,1,0.4,0.0
A01788,Associado 1788,52,M,PR,Curitiba,Pessoa Física,2019-04-09,Digital,1,1,0,0,0,0,29,1146.43,10177.33,8,4,10,5,3,0,Ativo,2,0.6,0.0
A01789,Associado 1789,42,M,RS,Porto Alegre,Pessoa Física,2019-01-25,Campanha,1,1,1,0,0,0,24,3408.23,22235.86,8,6,6,6,2,0,Ativo,3,0.33,0.0
A01790,Associado 1790,63,M,SC,Joinville,Pessoa Jurídica,2025-08-27,Campanha,1,1,1,0,1,0,66,12566.57,1611.0,8,31,6,4,1,0,Ativo,4,0.25,0.0
A01791,Associado 1791,46,F,RS,Porto Alegre,Pessoa Jurídica,2018-05-16,Digital,1,1,0,0,0,0,30,3500.85,0.0,8,16,7,6,2,0,Ativo,2,0.33,0.0
A01792,Associado 1792,46,M,SP,São Paulo,Pessoa Física,2024-09-22,Agência,1,0,0,0,0,0,2,568.44,0.0,8,187,0,4,1,0,Churned,1,0.25,0.0
A01793,Associado 1793,41,F,SC,Joinville,Agro,2024-03-21,Campanha,1,1,0,0,0,0,25,5263.25,0.0,10,1,7,6,2,0,Ativo,2,0.33,0.0
A01794,Associado 1794,45,F,PR,Curitiba,Pessoa Física,2019-08-24,Indicação,1,1,1,0,0,0,51,6489.58,6904.38,10,11,17,4,4,0,Ativo,3,1.0,0.0
A01795,Associado 1795,27,F,RS,Porto Alegre,Pessoa Física,2019-09-11,Digital,1,0,0,0,0,0,22,2163.36,0.0,10,7,11,8,6,0,Ativo,1,0.75,0.0
A01796,Associado 1796,64,F,RS,Porto Alegre,Agro,2022-04-26,Agência,0,1,0,0,0,0,19,0.0,4675.51,7,8,3,7,3,1,Ativo,1,0.43,0.33
A01797,Associado 1797,30,M,SP,São Paulo,Pessoa Física,2023-06-24,Agência,1,1,0,1,0,0,27,3217.12,14532.4,8,12,5,5,3,0,Ativo,3,0.6,0.0
A01798,Associado 1798,54,M,RS,Porto Alegre,Pessoa Física,2021-11-11,Agência,0,0,0,0,0,0,1,0.0,36994.84,7,302,0,8,1,0,Churned,0,0.12,0.0
A01799,Associado 1799,60,M,RS,Caxias do Sul,Pessoa Física,2018-01-09,Agência,1,1,0,0,0,0,9,1285.41,0.0,9,25,4,6,0,0,Ativo,2,0.0,0.0
A01800,Associado 1800,28,F,RS,Porto Alegre,Pessoa Física,2021-04-18,Campanha,1,1,0,0,0,0,10,2054.0,2359.59,7,132,1,10,2,0,Inativo,2,0.2,0.0
A01801,Associado 1801,31,F,RJ,Rio de Janeiro,Pessoa Física,2022-09-18,Digital,1,1,0,0,0,0,32,1883.9,3675.43,6,20,18,2,1,0,Ativo,2,0.5,0.0
A01802,Associado 1802,33,M,SP,São Paulo,Pessoa Física,2019-08-17,Indicação,0,1,0,1,0,1,15,0.0,0.0,6,17,11,5,3,1,Ativo,3,0.6,0.33
A01803,Associado 1803,51,F,SC,Joinville,Pessoa Física,2019-08-29,Indicação,0,1,1,0,0,0,7,0.0,10203.21,10,15,7,4,1,0,Ativo,2,0.25,0.0
A01804,Associado 1804,42,M,RS,Porto Alegre,Agro,2023-04-09,Indicação,1,1,1,1,0,1,50,1431.33,8754.3,10,22,8,5,2,1,Ativo,5,0.4,0.5
A01805,Associado 1805,44,M,RS,Porto Alegre,Agro,2022-01-09,Campanha,1,1,1,0,1,1,45,6709.93,2616.13,10,54,8,3,1,0,Ativo,5,0.33,0.0
A01806,Associado 1806,41,M,SP,São Paulo,Pessoa Física,2023-12-04,Campanha,1,1,1,0,1,0,17,4078.23,0.0,10,1,4,3,0,0,Ativo,4,0.0,0.0
A01807,Associado 1807,43,F,PR,Londrina,Pessoa Jurídica,2022-08-23,Digital,1,1,1,0,0,0,62,18287.13,4319.19,5,1,17,7,6,1,Ativo,3,0.86,0.17
A01808,Associado 1808,49,M,RS,Caxias do Sul,Pessoa Física,2024-04-11,Campanha,1,1,1,1,1,1,59,669.83,1608.95,10,15,16,3,1,0,Ativo,6,0.33,0.0
A01809,Associado 1809,49,F,RS,Porto Alegre,Pessoa Física,2021-07-30,Indicação,1,1,1,0,1,0,59,3116.1,0.0,10,46,10,6,4,2,Ativo,4,0.67,0.5
A01810,Associado 1810,48,M,RS,Porto Alegre,Pessoa Física,2021-05-21,Agência,1,1,1,0,0,0,40,2233.75,17726.72,9,3,13,6,4,0,Ativo,3,0.67,0.0
A01811,Associado 1811,53,F,PR,Curitiba,Agro,2022-08-15,Indicação,1,1,0,0,1,1,24,4275.53,13107.8,10,6,7,7,4,0,Ativo,4,0.57,0.0
A01812,Associado 1812,43,F,SP,São Paulo,Agro,2022-08-29,Indicação,1,1,0,0,1,0,15,10730.58,4170.01,6,5,1,7,2,0,Ativo,3,0.29,0.0
A01813,Associado 1813,66,M,RS,Porto Alegre,Pessoa Física,2024-11-03,Campanha,1,0,0,0,0,0,18,7722.3,6085.77,9,51,3,5,1,0,Ativo,1,0.2,0.0
A01814,Associado 1814,52,F,RS,Porto Alegre,Pessoa Física,2020-11-14,Digital,1,1,1,0,1,0,31,2538.47,0.0,7,5,12,3,1,0,Ativo,4,0.33,0.0
A01815,Associado 1815,35,F,RS,Porto Alegre,Pessoa Física,2022-10-02,Digital,1,1,1,0,0,0,31,2935.04,16687.98,10,14,17,11,6,1,Ativo,3,0.55,0.17
A01816,Associado 1816,24,F,RJ,Rio de Janeiro,Pessoa Física,2018-08-21,Agência,1,1,0,0,0,0,11,2220.65,66201.73,8,101,4,4,0,0,Inativo,2,0.0,0.0
A01817,Associado 1817,24,M,RS,Caxias do Sul,Pessoa Física,2022-03-20,Digital,1,1,1,0,0,0,33,5333.23,0.0,5,6,19,4,3,2,Ativo,3,0.75,0.67
A01818,Associado 1818,54,F,SP,São Paulo,Pessoa Física,2019-11-16,Agência,1,1,1,0,0,0,54,2821.94,10069.18,5,2,10,8,5,1,Ativo,3,0.62,0.2
A01819,Associado 1819,38,M,PR,Londrina,Pessoa Jurídica,2024-02-10,Digital,1,1,1,0,0,0,72,4850.76,17833.96,9,14,17,9,5,0,Ativo,3,0.56,0.0
A01820,Associado 1820,60,M,SC,Florianópolis,Pessoa Física,2024-04-17,Indicação,1,1,1,0,1,0,5,1811.95,16664.33,6,238,1,6,0,0,Churned,4,0.0,0.0
A01821,Associado 1821,33,F,RS,Caxias do Sul,Agro,2024-05-27,Agência,0,0,0,0,1,1,23,0.0,34816.22,9,1,11,4,3,2,Ativo,2,0.75,0.67
A01822,Associado 1822,50,M,RS,Porto Alegre,Pessoa Jurídica,2020-08-06,Digital,1,1,0,0,0,0,11,5354.88,8178.83,5,195,1,8,3,1,Inativo,2,0.38,0.33
A01823,Associado 1823,47,M,PR,Curitiba,Pessoa Física,2025-04-25,Agência,1,1,0,0,0,0,0,4671.2,26855.22,7,208,0,6,1,0,Churned,2,0.17,0.0
A01824,Associado 1824,48,M,SP,São Paulo,Pessoa Jurídica,2018-11-01,Agência,1,1,1,0,1,0,51,26126.94,3855.97,10,6,7,5,0,0,Ativo,4,0.0,0.0
A01825,Associado 1825,36,M,PR,Curitiba,Pessoa Jurídica,2024-07-25,Digital,0,0,0,1,0,0,6,0.0,91622.4,6,110,2,6,1,0,Inativo,1,0.17,0.0
A01826,Associado 1826,37,M,SC,Joinville,Pessoa Física,2023-06-24,Agência,0,0,0,0,0,0,0,0.0,0.0,5,269,0,5,1,1,Churned,0,0.2,1.0
A01827,Associado 1827,23,F,RS,Caxias do Sul,Pessoa Física,2023-05-26,Digital,1,0,1,0,0,0,13,1353.66,26418.73,6,125,9,2,1,0,Inativo,2,0.5,0.0
A01828,Associado 1828,62,F,RJ,Rio de Janeiro,Agro,2024-12-01,Agência,1,0,0,0,1,1,35,8045.85,0.0,9,19,10,7,2,0,Ativo,3,0.29,0.0
A01829,Associado 1829,40,M,SP,São Paulo,Pessoa Física,2022-01-28,Agência,1,0,0,1,0,0,33,1187.07,8830.44,10,44,6,8,4,1,Ativo,2,0.5,0.25
A01830,Associado 1830,44,M,RS,Caxias do Sul,Pessoa Física,2018-05-10,Digital,1,1,1,0,0,0,23,5996.1,0.0,10,4,10,8,4,1,Ativo,3,0.5,0.25
A01831,Associado 1831,29,F,RJ,Rio de Janeiro,Pessoa Física,2018-07-06,Digital,1,1,1,1,1,0,31,3415.19,3546.06,8,8,14,6,3,1,Ativo,5,0.5,0.33
A01832,Associado 1832,48,F,PR,Londrina,Pessoa Jurídica,2021-12-15,Agência,1,1,1,0,1,0,61,59187.28,0.0,10,1,10,6,2,2,Ativo,4,0.33,1.0
A01833,Associado 1833,27,F,PR,Curitiba,Pessoa Jurídica,2022-04-14,Digital,1,1,0,0,0,0,56,11071.62,4859.45,6,3,20,8,7,0,Ativo,2,0.88,0.0
A01834,Associado 1834,32,M,SP,São Paulo,Agro,2025-06-10,Indicação,0,1,0,0,0,1,20,0.0,0.0,10,1,4,4,1,1,Ativo,2,0.25,1.0
A01835,Associado 1835,49,M,SP,São Paulo,Pessoa Física,2023-03-25,Indicação,1,1,1,1,1,0,54,2337.92,26838.63,10,16,11,9,5,2,Ativo,5,0.56,0.4
A01836,Associado 1836,28,F,PR,Curitiba,Pessoa Física,2024-04-01,Agência,1,1,1,0,0,0,33,5922.01,11244.71,7,10,14,4,2,0,Ativo,3,0.5,0.0
A01837,Associado 1837,41,M,RS,Porto Alegre,Pessoa Física,2018-10-05,Digital,1,0,1,0,0,0,24,1350.37,14378.16,9,4,7,7,4,0,Ativo,2,0.57,0.0
A01838,Associado 1838,45,F,RS,Porto Alegre,Pessoa Jurídica,2022-01-22,Indicação,1,1,1,1,0,0,76,6794.78,7759.59,10,34,7,5,2,0,Ativo,4,0.4,0.0
A01839,Associado 1839,69,F,MG,Belo Horizonte,Pessoa Física,2020-02-26,Agência,1,0,1,0,0,0,30,699.73,38722.51,10,2,5,1,0,0,Ativo,2,0.0,0.0
A01840,Associado 1840,27,M,RS,Porto Alegre,Pessoa Física,2021-06-09,Campanha,1,0,0,0,0,0,2,3968.05,8659.56,10,165,0,6,0,0,Churned,1,0.0,0.0
A01841,Associado 1841,62,F,SC,Joinville,Pessoa Física,2023-02-21,Campanha,1,1,0,0,1,0,39,1391.28,0.0,10,0,7,4,0,0,Ativo,3,0.0,0.0
A01842,Associado 1842,26,F,SC,Florianópolis,Pessoa Física,2024-05-10,Campanha,0,0,0,0,0,0,4,0.0,0.0,8,3,4,5,1,0,Ativo,0,0.2,0.0
A01843,Associado 1843,30,F,SC,Florianópolis,Agro,2018-12-31,Indicação,1,1,0,1,1,1,54,44032.85,12937.88,10,4,16,4,3,0,Ativo,5,0.75,0.0
A01844,Associado 1844,26,F,PR,Londrina,Pessoa Jurídica,2022-02-10,Indicação,1,1,0,0,0,0,67,15281.02,12230.61,7,39,8,2,1,1,Ativo,2,0.5,1.0
A01845,Associado 1845,31,F,MG,Belo Horizonte,Agro,2019-04-13,Digital,1,1,0,0,1,0,31,4134.3,4971.42,10,37,14,3,1,0,Ativo,3,0.33,0.0
A01846,Associado 1846,32,M,RS,Porto Alegre,Pessoa Física,2022-07-07,Indicação,1,1,1,0,0,0,28,2922.67,79833.13,10,1,8,7,3,0,Ativo,3,0.43,0.0
A01847,Associado 1847,30,F,RS,Caxias do Sul,Agro,2023-04-09,Indicação,1,0,0,0,0,1,4,14123.89,9461.9,6,277,0,3,0,0,Churned,2,0.0,0.0
A01848,Associado 1848,48,M,RS,Caxias do Sul,Pessoa Jurídica,2023-06-19,Indicação,1,1,0,0,1,0,65,8424.1,11231.59,10,2,14,7,1,1,Ativo,3,0.14,1.0
A01849,Associado 1849,47,M,MG,Belo Horizonte,Pessoa Física,2025-05-22,Digital,1,0,0,0,1,0,1,4047.21,0.0,6,255,1,8,1,0,Churned,2,0.12,0.0
A01850,Associado 1850,51,F,PR,Curitiba,Agro,2021-07-21,Digital,1,0,0,0,0,1,23,5724.77,0.0,9,6,11,4,1,0,Ativo,2,0.25,0.0
A01851,Associado 1851,44,F,RS,Caxias do Sul,Pessoa Física,2021-09-13,Campanha,1,1,0,0,0,0,5,1635.95,56515.16,8,233,1,4,0,0,Churned,2,0.0,0.0
A01852,Associado 1852,68,F,SP,São Paulo,Agro,2024-02-10,Agência,1,1,0,0,0,0,24,5983.94,8938.64,6,109,4,9,2,0,Inativo,2,0.22,0.0
A01853,Associado 1853,48,M,MG,Belo Horizonte,Agro,2023-01-22,Indicação,1,1,0,0,1,1,33,2608.42,0.0,10,13,4,7,1,0,Ativo,4,0.14,0.0
A01854,Associado 1854,56,M,SP,São Paulo,Pessoa Jurídica,2023-07-22,Campanha,1,1,0,0,1,0,32,7772.22,9662.06,7,7,3,2,1,1,Ativo,3,0.5,1.0
A01855,Associado 1855,48,M,MG,Belo Horizonte,Pessoa Física,2021-05-02,Indicação,1,1,0,1,0,0,16,1391.44,0.0,8,7,7,7,3,1,Ativo,3,0.43,0.33
A01856,Associado 1856,33,F,RS,Caxias do Sul,Pessoa Física,2018-09-29,Campanha,1,0,0,0,0,0,26,1108.43,0.0,8,9,4,6,2,0,Ativo,1,0.33,0.0
A01857,Associado 1857,53,F,SP,São Paulo,Pessoa Física,2021-08-16,Indicação,1,1,1,1,0,0,51,5352.81,6724.7,7,8,9,8,4,1,Ativo,4,0.5,0.25
A01858,Associado 1858,38,F,SC,Florianópolis,Pessoa Física,2024-02-22,Agência,0,1,0,0,0,0,9,0.0,6892.6,9,6,6,1,0,0,Ativo,1,0.0,0.0
A01859,Associado 1859,45,F,SP,São Paulo,Pessoa Jurídica,2025-09-30,Indicação,1,1,0,0,0,0,17,14743.43,0.0,8,7,1,5,1,1,Ativo,2,0.2,1.0
A01860,Associado 1860,50,F,SP,São Paulo,Pessoa Jurídica,2018-11-27,Agência,1,0,0,0,0,0,38,6346.6,36482.36,10,17,6,7,3,0,Ativo,1,0.43,0.0
A01861,Associado 1861,32,M,SP,São Paulo,Agro,2022-11-11,Digital,1,1,0,0,0,1,30,16567.43,0.0,10,31,11,8,2,2,Ativo,3,0.25,1.0
A01862,Associado 1862,51,M,PR,Londrina,Pessoa Física,2025-04-21,Digital,1,0,1,0,0,0,20,1239.8,0.0,10,19,14,8,4,0,Ativo,2,0.5,0.0
A01863,Associado 1863,57,M,RS,Porto Alegre,Pessoa Jurídica,2024-12-21,Agência,1,1,0,0,1,0,60,13129.43,20670.75,9,6,7,3,0,0,Ativo,3,0.0,0.0
A01864,Associado 1864,51,F,SC,Florianópolis,Agro,2023-01-02,Digital,1,0,0,0,0,1,4,16920.12,4719.53,3,283,0,6,0,0,Churned,2,0.0,0.0
A01865,Associado 1865,42,F,RJ,Rio de Janeiro,Pessoa Jurídica,2023-01-10,Digital,1,1,1,0,0,0,49,79833.67,0.0,10,1,13,6,3,2,Ativo,3,0.5,0.67
A01866,Associado 1866,38,M,MG,Belo Horizonte,Pessoa Física,2023-10-30,Digital,1,0,0,0,0,0,20,491.21,9362.09,7,34,6,11,6,1,Ativo,1,0.55,0.17
A01867,Associado 1867,41,F,RS,Porto Alegre,Pessoa Física,2020-05-10,Indicação,1,1,1,1,0,0,39,9640.52,6383.46,10,4,13,8,3,1,Ativo,4,0.38,0.33
A01868,Associado 1868,51,M,RS,Caxias do Sul,Pessoa Física,2023-12-14,Agência,1,0,0,0,0,0,2,2391.53,0.0,3,225,0,6,1,0,Churned,1,0.17,0.0
A01869,Associado 1869,45,F,RS,Porto Alegre,Pessoa Jurídica,2023-01-20,Agência,1,0,0,1,0,1,15,5338.71,14109.04,5,137,3,6,3,0,Inativo,3,0.5,0.0
A01870,Associado 1870,48,F,SP,São Paulo,Pessoa Jurídica,2018-05-10,Indicação,1,1,0,0,0,0,3,15892.74,38600.8,9,288,0,9,1,0,Churned,2,0.11,0.0
A01871,Associado 1871,38,F,SP,São Paulo,Agro,2022-11-27,Indicação,1,1,1,0,1,1,49,4645.73,0.0,10,6,13,3,3,2,Ativo,5,1.0,0.67
A01872,Associado 1872,48,F,RS,Caxias do Sul,Pessoa Física,2022-04-08,Campanha,1,0,0,0,0,0,18,1244.6,5910.03,7,14,7,5,2,0,Ativo,1,0.4,0.0
A01873,Associado 1873,59,M,SC,Florianópolis,Pessoa Física,2024-03-11,Agência,1,0,0,0,0,0,2,1703.84,18044.06,5,142,1,8,1,0,Inativo,1,0.12,0.0
A01874,Associado 1874,39,F,SP,São Paulo,Pessoa Jurídica,2022-03-28,Campanha,1,1,0,0,0,0,72,10207.22,28840.28,9,20,12,5,3,0,Ativo,2,0.6,0.0
A01875,Associado 1875,35,M,SP,São Paulo,Pessoa Jurídica,2020-08-27,Digital,1,0,0,0,0,0,17,5318.03,12116.83,7,24,9,7,2,0,Ativo,1,0.29,0.0
A01876,Associado 1876,28,M,SC,Joinville,Agro,2022-12-09,Digital,1,1,0,0,0,1,49,11560.71,14196.56,7,16,22,3,3,0,Ativo,3,1.0,0.0
A01877,Associado 1877,55,M,PR,Londrina,Pessoa Jurídica,2019-08-21,Agência,1,1,0,0,1,0,50,3836.46,0.0,9,56,5,4,1,0,Ativo,3,0.25,0.0
A01878,Associado 1878,18,M,SC,Florianópolis,Pessoa Física,2019-09-07,Digital,1,1,1,1,0,0,66,2049.55,4528.89,7,3,46,3,3,0,Ativo,4,1.0,0.0
A01879,Associado 1879,46,M,RS,Caxias do Sul,Pessoa Jurídica,2021-03-12,Agência,1,1,0,0,0,0,62,20912.25,0.0,9,9,8,6,1,0,Ativo,2,0.17,0.0
A01880,Associado 1880,50,F,PR,Curitiba,Agro,2019-02-27,Agência,1,1,0,0,1,1,38,2476.51,0.0,10,19,7,4,2,0,Ativo,4,0.5,0.0
A01881,Associado 1881,32,M,PR,Curitiba,Pessoa Física,2024-07-09,Digital,1,0,1,0,0,0,12,6260.25,1812.54,5,5,7,3,2,0,Ativo,2,0.67,0.0
A01882,Associado 1882,49,M,MG,Belo Horizonte,Pessoa Física,2023-02-08,Indicação,1,1,0,0,1,0,17,2102.62,8774.94,10,5,3,2,2,0,Ativo,3,1.0,0.0
A01883,Associado 1883,52,M,PR,Londrina,Pessoa Física,2023-05-07,Indicação,1,0,0,0,0,0,33,763.18,25460.66,5,11,8,3,1,0,Ativo,1,0.33,0.0
A01884,Associado 1884,31,M,SP,São Paulo,Pessoa Física,2019-11-19,Digital,1,1,0,0,0,0,54,3475.47,708.96,7,21,24,6,4,1,Ativo,2,0.67,0.25
A01885,Associado 1885,30,M,RS,Caxias do Sul,Pessoa Jurídica,2024-04-30,Digital,1,0,0,0,0,0,2,12985.22,0.0,5,249,0,5,0,0,Churned,1,0.0,0.0
A01886,Associado 1886,38,F,SC,Florianópolis,Pessoa Física,2018-05-27,Digital,1,0,0,0,0,0,13,2084.51,7705.37,6,10,7,4,4,0,Ativo,1,1.0,0.0
A01887,Associado 1887,47,M,RS,Caxias do Sul,Pessoa Física,2023-08-22,Campanha,1,0,0,0,0,0,3,3005.58,49323.71,7,349,2,4,0,0,Churned,1,0.0,0.0
A01888,Associado 1888,45,F,RS,Porto Alegre,Pessoa Física,2023-02-07,Digital,1,0,0,0,0,0,11,5351.28,3697.3,8,14,6,8,3,0,Ativo,1,0.38,0.0
A01889,Associado 1889,58,M,SP,São Paulo,Pessoa Física,2023-04-12,Agência,1,1,0,0,0,0,37,756.26,212740.37,4,26,9,9,2,0,Ativo,2,0.22,0.0
A01890,Associado 1890,39,F,RJ,Rio de Janeiro,Pessoa Física,2023-10-04,Agência,1,1,0,0,0,0,15,3823.33,13607.92,6,126,3,3,0,0,Inativo,2,0.0,0.0
A01891,Associado 1891,34,F,RS,Caxias do Sul,Pessoa Jurídica,2024-03-27,Digital,1,0,0,1,0,0,24,13139.81,0.0,7,117,8,6,1,0,Inativo,2,0.17,0.0
A01892,Associado 1892,36,F,SC,Joinville,Pessoa Física,2021-02-19,Digital,1,0,0,1,0,0,26,16672.39,0.0,6,15,13,5,3,0,Ativo,2,0.6,0.0
A01893,Associado 1893,60,F,SP,São Paulo,Pessoa Física,2024-01-19,Agência,1,1,0,0,0,0,60,1776.81,0.0,9,3,16,7,4,1,Ativo,2,0.57,0.25
A01894,Associado 1894,65,F,RS,Caxias do Sul,Pessoa Física,2022-06-06,Indicação,1,1,0,0,1,0,2,3993.13,18796.05,10,314,0,5,1,0,Churned,3,0.2,0.0
A01895,Associado 1895,45,F,PR,Curitiba,Pessoa Física,2023-06-08,Indicação,1,0,0,0,0,0,18,4951.27,0.0,5,3,3,5,1,0,Ativo,1,0.2,0.0
A01896,Associado 1896,47,F,SP,São Paulo,Pessoa Física,2022-05-02,Indicação,1,1,1,0,0,0,33,1956.79,21929.74,6,3,8,8,3,0,Ativo,3,0.38,0.0
A01897,Associado 1897,52,M,PR,Curitiba,Pessoa Física,2023-03-15,Agência,1,1,0,0,0,0,24,1617.87,16748.57,9,15,5,2,1,0,Ativo,2,0.5,0.0
A01898,Associado 1898,38,F,RS,Porto Alegre,Agro,2023-07-28,Digital,1,1,0,0,0,0,22,6143.24,25607.81,10,1,16,4,2,0,Ativo,2,0.5,0.0
A01899,Associado 1899,52,M,SC,Florianópolis,Pessoa Jurídica,2022-08-23,Campanha,1,1,1,1,1,0,78,14375.33,0.0,10,8,13,9,6,1,Ativo,5,0.67,0.17
A01900,Associado 1900,45,M,SP,São Paulo,Pessoa Física,2024-02-05,Campanha,1,0,0,0,0,0,8,3680.35,15653.5,7,51,2,5,1,0,Inativo,1,0.2,0.0
A01901,Associado 1901,58,M,PR,Londrina,Pessoa Física,2019-07-06,Agência,0,0,0,1,0,0,13,0.0,22070.53,7,4,1,6,2,0,Ativo,1,0.33,0.0
A01902,Associado 1902,55,F,RS,Caxias do Sul,Agro,2019-12-27,Agência,1,1,0,0,0,1,33,9855.73,7956.53,10,32,6,10,2,0,Ativo,3,0.2,0.0
A01903,Associado 1903,25,M,SP,São Paulo,Pessoa Jurídica,2021-03-23,Digital,1,0,0,0,0,0,49,6045.67,25751.44,7,34,15,7,6,3,Ativo,1,0.86,0.5
A01904,Associado 1904,26,F,RS,Porto Alegre,Pessoa Física,2024-05-29,Digital,1,1,0,0,0,0,25,4390.29,2786.49,7,21,7,4,0,0,Ativo,2,0.0,0.0
A01905,Associado 1905,69,F,SP,São Paulo,Pessoa Jurídica,2024-10-19,Indicação,1,1,1,1,1,0,57,14648.67,6080.14,10,6,7,6,2,1,Ativo,5,0.33,0.5
A01906,Associado 1906,52,F,RS,Caxias do Sul,Pessoa Jurídica,2024-09-09,Campanha,1,1,0,0,0,0,12,18071.19,4608.64,6,115,2,6,2,0,Inativo,2,0.33,0.0
A01907,Associado 1907,62,M,RJ,Rio de Janeiro,Pessoa Jurídica,2018-06-15,Digital,1,0,0,0,1,0,41,25492.66,0.0,7,38,13,5,4,0,Ativo,2,0.8,0.0
A01908,Associado 1908,37,M,SC,Florianópolis,Pessoa Física,2020-02-23,Agência,1,1,0,0,1,0,10,7741.17,12063.44,10,112,1,3,1,0,Inativo,3,0.33,0.0
A01909,Associado 1909,45,F,RS,Porto Alegre,Pessoa Física,2022-04-09,Campanha,1,0,0,0,0,0,5,1644.65,0.0,7,232,0,5,1,0,Churned,1,0.2,0.0
A01910,Associado 1910,47,F,RS,Porto Alegre,Pessoa Física,2019-02-05,Agência,1,0,0,0,0,0,12,4343.24,0.0,6,66,5,6,3,1,Inativo,1,0.5,0.33
A01911,Associado 1911,37,F,RS,Porto Alegre,Agro,2018-04-25,Campanha,1,0,0,0,0,1,0,3042.03,0.0,5,217,0,4,1,1,Churned,2,0.25,1.0
A01912,Associado 1912,42,F,MG,Belo Horizonte,Pessoa Jurídica,2018-12-17,Indicação,1,1,1,0,0,0,60,43789.99,16368.73,9,21,7,7,2,2,Ativo,3,0.29,1.0
A01913,Associado 1913,44,M,RJ,Rio de Janeiro,Pessoa Física,2020-05-25,Campanha,0,0,0,1,0,0,11,0.0,4870.05,9,36,2,4,2,1,Ativo,1,0.5,0.5
A01914,Associado 1914,47,M,SC,Joinville,Agro,2021-06-03,Agência,1,0,0,0,1,1,27,3415.44,1621.1,5,7,6,5,1,0,Ativo,3,0.2,0.0
A01915,Associado 1915,25,M,SC,Joinville,Agro,2019-09-06,Agência,1,0,0,0,0,1,16,9185.28,3209.49,9,6,2,5,1,0,Ativo,2,0.2,0.0
A01916,Associado 1916,39,M,SP,São Paulo,Agro,2018-05-11,Digital,1,1,0,0,0,1,32,10900.06,0.0,10,9,21,9,6,0,Ativo,3,0.67,0.0
A01917,Associado 1917,26,M,MG,Belo Horizonte,Agro,2024-04-30,Digital,1,0,0,0,0,1,29,4002.91,0.0,10,16,13,4,3,1,Ativo,2,0.75,0.33
A01918,Associado 1918,24,F,PR,Curitiba,Agro,2022-03-28,Digital,1,1,0,0,0,1,46,5100.97,0.0,8,30,28,6,6,3,Ativo,3,1.0,0.5
A01919,Associado 1919,58,F,SC,Joinville,Pessoa Física,2023-05-09,Campanha,0,0,1,0,0,0,20,0.0,0.0,9,9,4,6,1,0,Ativo,1,0.17,0.0
A01920,Associado 1920,71,M,SC,Joinville,Pessoa Jurídica,2018-06-30,Indicação,1,1,1,0,1,0,17,4525.31,1284.91,10,116,1,6,2,1,Inativo,4,0.33,0.5
A01921,Associado 1921,54,F,PR,Londrina,Pessoa Jurídica,2018-12-15,Indicação,1,1,0,0,0,0,51,12204.39,13456.58,6,1,7,5,2,1,Ativo,2,0.4,0.5
A01922,Associado 1922,31,M,RS,Caxias do Sul,Pessoa Física,2024-11-23,Agência,1,1,0,1,0,0,41,2385.95,36584.56,10,12,5,4,3,0,Ativo,3,0.75,0.0
A01923,Associado 1923,42,F,PR,Curitiba,Pessoa Física,2018-06-10,Indicação,1,1,0,0,1,0,21,1263.25,4945.18,10,27,6,5,1,0,Ativo,3,0.2,0.0
A01924,Associado 1924,53,F,SC,Florianópolis,Agro,2018-04-24,Indicação,1,0,0,0,1,1,27,22555.09,0.0,9,7,5,4,3,0,Ativo,3,0.75,0.0
A01925,Associado 1925,32,F,SP,São Paulo,Pessoa Física,2023-08-28,Digital,1,1,0,0,0,0,27,1913.19,1503.24,8,26,16,5,2,0,Ativo,2,0.4,0.0
A01926,Associado 1926,58,M,RS,Porto Alegre,Agro,2021-09-27,Campanha,1,1,0,0,1,0,30,2316.12,16397.49,10,10,3,5,2,0,Ativo,3,0.4,0.0
A01927,Associado 1927,45,M,PR,Curitiba,Pessoa Física,2022-01-25,Agência,0,0,0,0,0,0,0,0.0,42742.66,8,243,0,4,0,0,Churned,0,0.0,0.0
A01928,Associado 1928,42,M,SC,Joinville,Pessoa Física,2022-06-17,Agência,1,1,0,0,0,0,31,1936.1,0.0,9,4,4,9,3,1,Ativo,2,0.33,0.33
A01929,Associado 1929,67,F,PR,Curitiba,Pessoa Física,2018-05-23,Agência,0,0,0,0,0,0,1,0.0,126634.07,3,207,0,8,3,0,Churned,0,0.38,0.0
A01930,Associado 1930,47,F,RS,Porto Alegre,Pessoa Física,2025-05-26,Indicação,1,1,1,0,0,0,8,2094.24,4170.8,5,51,3,7,3,0,Inativo,3,0.43,0.0
A01931,Associado 1931,30,F,PR,Londrina,Pessoa Jurídica,2023-01-11,Digital,1,0,0,0,0,0,71,6003.79,9143.22,8,7,21,4,4,0,Ativo,1,1.0,0.0
A01932,Associado 1932,26,F,PR,Londrina,Pessoa Física,2024-11-05,Digital,1,1,0,0,0,0,37,2597.5,7074.47,8,46,22,8,8,1,Ativo,2,1.0,0.12
A01933,Associado 1933,28,F,PR,Londrina,Pessoa Física,2024-11-03,Agência,1,0,0,1,0,0,29,1216.86,4545.38,8,2,12,5,3,0,Ativo,2,0.6,0.0
A01934,Associado 1934,32,M,PR,Curitiba,Pessoa Física,2023-06-19,Agência,1,0,1,0,0,0,4,3912.85,0.0,9,281,0,4,0,0,Churned,2,0.0,0.0
A01935,Associado 1935,55,M,PR,Curitiba,Pessoa Física,2023-10-11,Agência,1,0,0,0,0,0,25,879.0,124826.52,6,52,6,8,3,1,Ativo,1,0.38,0.33
A01936,Associado 1936,38,F,SP,São Paulo,Pessoa Física,2019-08-19,Digital,1,1,1,1,1,0,67,3944.74,0.0,9,11,36,7,7,0,Ativo,5,1.0,0.0
A01937,Associado 1937,51,M,RS,Porto Alegre,Pessoa Jurídica,2020-07-28,Agência,1,0,1,0,0,0,31,9039.94,69449.61,10,9,6,3,1,0,Ativo,2,0.33,0.0
A01938,Associado 1938,30,F,SP,São Paulo,Pessoa Física,2021-07-23,Agência,1,1,0,0,0,0,3,2923.2,0.0,7,181,1,5,1,0,Churned,2,0.2,0.0
A01939,Associado 1939,45,F,SC,Florianópolis,Pessoa Física,2021-08-11,Campanha,1,0,0,0,0,0,32,4177.1,0.0,5,14,14,4,1,0,Ativo,1,0.25,0.0
A01940,Associado 1940,23,M,RS,Caxias do Sul,Pessoa Física,2021-02-26,Digital,1,1,1,0,0,0,33,7279.96,14286.53,7,7,15,6,4,0,Ativo,3,0.67,0.0
A01941,Associado 1941,40,F,RS,Porto Alegre,Pessoa Física,2018-12-30,Indicação,0,0,0,0,0,0,1,0.0,41865.54,8,173,0,6,1,0,Churned,0,0.17,0.0
A01942,Associado 1942,63,M,RS,Porto Alegre,Pessoa Física,2020-12-26,Agência,0,1,0,0,0,0,1,0.0,0.0,10,210,0,4,0,0,Churned,1,0.0,0.0
A01943,Associado 1943,51,M,SP,São Paulo,Pessoa Física,2023-09-26,Digital,1,1,1,0,0,0,32,4873.89,0.0,8,7,11,4,1,0,Ativo,3,0.25,0.0
A01944,Associado 1944,54,M,SP,São Paulo,Agro,2021-10-29,Digital,1,1,0,0,0,1,13,4095.38,82624.56,9,138,1,3,1,0,Inativo,3,0.33,0.0
A01945,Associado 1945,60,F,SP,São Paulo,Agro,2019-10-22,Agência,1,1,0,1,0,1,38,4872.37,138368.74,10,0,11,6,1,0,Ativo,4,0.17,0.0
A01946,Associado 1946,51,M,SC,Joinville,Pessoa Jurídica,2025-09-10,Agência,1,1,0,0,0,0,40,1674.73,0.0,8,28,5,4,3,2,Ativo,2,0.75,0.67
A01947,Associado 1947,61,F,SC,Florianópolis,Pessoa Física,2021-03-06,Campanha,1,1,0,0,0,0,2,4584.69,20658.95,6,264,0,8,2,0,Churned,2,0.25,0.0
A01948,Associado 1948,53,F,RS,Caxias do Sul,Pessoa Física,2024-04-04,Campanha,1,0,1,0,0,0,28,3700.79,6758.88,10,11,7,10,3,0,Ativo,2,0.3,0.0
A01949,Associado 1949,51,F,RS,Porto Alegre,Pessoa Física,2020-03-06,Agência,1,0,1,0,0,0,32,1518.88,23592.7,10,3,5,0,0,0,Ativo,2,0.0,0.0
A01950,Associado 1950,33,F,SC,Joinville,Pessoa Jurídica,2018-02-04,Digital,0,1,0,0,0,0,5,0.0,0.0,4,158,3,9,4,0,Inativo,1,0.44,0.0
A01951,Associado 1951,53,F,RS,Caxias do Sul,Agro,2023-04-01,Campanha,1,1,0,1,1,0,35,6928.8,0.0,9,6,8,3,1,0,Ativo,4,0.33,0.0
A01952,Associado 1952,41,F,RS,Porto Alegre,Pessoa Física,2024-12-14,Agência,0,0,0,0,0,0,10,0.0,0.0,6,7,3,5,0,0,Ativo,0,0.0,0.0
A01953,Associado 1953,33,F,PR,Curitiba,Pessoa Física,2018-09-15,Digital,1,0,0,0,0,0,32,922.16,0.0,7,7,18,11,9,2,Ativo,1,0.82,0.22
A01954,Associado 1954,57,F,SP,São Paulo,Pessoa Jurídica,2024-08-31,Campanha,1,1,0,0,1,0,51,12629.62,22832.75,9,12,8,1,0,0,Ativo,3,0.0,0.0
A01955,Associado 1955,60,M,RJ,Rio de Janeiro,Pessoa Jurídica,2018-09-27,Campanha,1,1,0,0,0,0,15,4952.23,80814.39,9,89,3,8,2,1,Inativo,2,0.25,0.5
A01956,Associado 1956,37,M,MG,Belo Horizonte,Pessoa Jurídica,2023-06-24,Digital,1,1,0,0,0,0,3,8501.81,0.0,8,152,3,4,2,0,Churned,2,0.5,0.0
A01957,Associado 1957,39,F,PR,Curitiba,Pessoa Jurídica,2021-09-09,Agência,1,1,0,0,0,0,17,9306.04,0.0,8,122,2,6,2,0,Inativo,2,0.33,0.0
A01958,Associado 1958,27,F,SC,Joinville,Agro,2025-04-07,Agência,1,0,0,0,0,0,6,1632.19,4153.96,9,323,1,4,1,0,Churned,1,0.25,0.0
A01959,Associado 1959,47,M,PR,Curitiba,Pessoa Física,2025-07-04,Campanha,1,0,1,1,0,0,16,2053.55,0.0,8,85,3,5,0,0,Inativo,3,0.0,0.0
A01960,Associado 1960,30,M,SP,São Paulo,Agro,2020-08-11,Campanha,0,0,0,0,0,1,0,0.0,6715.05,4,150,1,6,1,0,Churned,1,0.17,0.0
A01961,Associado 1961,34,M,RS,Caxias do Sul,Agro,2022-09-22,Digital,1,1,0,0,0,1,18,12274.32,9477.92,9,178,3,7,2,2,Inativo,3,0.29,1.0
A01962,Associado 1962,46,M,SC,Joinville,Pessoa Jurídica,2022-02-19,Indicação,1,0,0,0,1,0,22,13996.1,10654.81,7,6,4,5,1,0,Ativo,2,0.2,0.0
A01963,Associado 1963,37,M,SP,São Paulo,Pessoa Física,2022-05-06,Indicação,1,0,0,0,0,0,5,1220.64,0.0,9,71,2,5,1,1,Inativo,1,0.2,1.0
A01964,Associado 1964,50,M,SC,Florianópolis,Pessoa Física,2022-10-08,Indicação,1,1,0,0,1,0,37,3223.04,28753.01,8,8,3,7,4,1,Ativo,3,0.57,0.25
A01965,Associado 1965,44,F,PR,Londrina,Pessoa Física,2024-09-24,Indicação,1,1,0,0,0,0,13,3735.28,0.0,8,18,2,4,2,0,Ativo,2,0.5,0.0
A01966,Associado 1966,39,M,PR,Curitiba,Pessoa Física,2023-05-29,Indicação,0,0,0,0,0,0,0,0.0,0.0,6,153,0,8,1,0,Churned,0,0.12,0.0
A01967,Associado 1967,50,M,RS,Porto Alegre,Agro,2023-12-13,Digital,1,0,0,0,0,0,19,7920.99,0.0,8,3,7,7,2,0,Ativo,1,0.29,0.0
A01968,Associado 1968,36,M,SC,Florianópolis,Pessoa Física,2024-03-09,Agência,1,1,0,0,1,0,26,9171.76,0.0,9,2,8,11,3,1,Ativo,3,0.27,0.33
A01969,Associado 1969,36,M,RS,Porto Alegre,Pessoa Física,2021-10-24,Indicação,1,1,1,0,0,0,45,7264.97,0.0,5,9,12,4,2,0,Ativo,3,0.5,0.0
A01970,Associado 1970,20,F,RS,Caxias do Sul,Pessoa Jurídica,2020-08-02,Digital,1,0,0,0,0,0,6,15928.37,7919.91,7,68,2,11,4,2,Inativo,1,0.36,0.5
A01971,Associado 1971,42,F,RS,Porto Alegre,Pessoa Física,2023-12-23,Agência,1,1,0,0,0,0,6,7088.39,0.0,5,290,0,8,1,1,Churned,2,0.12,1.0
A01972,Associado 1972,32,F,SP,São Paulo,Pessoa Física,2023-03-23,Indicação,1,0,0,0,0,0,25,3097.96,1958.35,8,2,9,9,2,1,Ativo,1,0.22,0.5
A01973,Associado 1973,44,F,RS,Caxias do Sul,Pessoa Física,2020-02-29,Indicação,1,1,1,0,0,0,26,5413.46,13061.36,10,2,2,8,0,0,Ativo,3,0.0,0.0
A01974,Associado 1974,49,F,SC,Joinville,Pessoa Jurídica,2024-06-20,Campanha,1,1,1,1,0,0,91,10515.58,2016.7,10,6,14,6,6,2,Ativo,4,1.0,0.33
A01975,Associado 1975,36,F,RS,Porto Alegre,Pessoa Física,2018-10-27,Agência,1,1,0,1,0,0,14,3720.21,0.0,9,119,2,6,3,0,Inativo,3,0.5,0.0
A01976,Associado 1976,34,F,MG,Belo Horizonte,Agro,2021-08-14,Digital,1,0,0,0,0,0,12,13002.04,0.0,9,69,5,6,3,0,Inativo,1,0.5,0.0
A01977,Associado 1977,30,F,RS,Porto Alegre,Pessoa Física,2024-05-15,Agência,1,1,0,1,0,0,44,3198.42,0.0,7,5,11,5,2,1,Ativo,3,0.4,0.5
A01978,Associado 1978,33,M,SC,Joinville,Agro,2019-01-09,Campanha,1,0,0,1,0,0,78,14059.26,0.0,8,2,11,7,2,0,Ativo,2,0.29,0.0
A01979,Associado 1979,45,M,MG,Belo Horizonte,Pessoa Física,2023-06-03,Agência,1,0,0,0,0,0,0,3739.8,0.0,9,306,0,6,2,2,Churned,1,0.33,1.0
A01980,Associado 1980,54,F,SP,São Paulo,Pessoa Física,2025-08-05,Indicação,1,1,0,0,0,0,3,2047.89,0.0,6,177,1,5,0,0,Churned,2,0.0,0.0
A01981,Associado 1981,56,F,RS,Porto Alegre,Pessoa Física,2023-10-11,Indicação,1,0,0,0,0,1,27,8992.56,0.0,8,0,7,9,4,1,Ativo,2,0.44,0.25
A01982,Associado 1982,32,F,SP,São Paulo,Pessoa Física,2020-12-13,Digital,1,0,0,0,0,0,18,7180.8,11788.74,8,18,7,6,4,2,Ativo,1,0.67,0.5
A01983,Associado 1983,41,M,SC,Florianópolis,Pessoa Física,2024-07-13,Campanha,1,1,0,0,0,0,1,15042.35,34695.72,10,195,0,7,1,0,Churned,2,0.14,0.0
A01984,Associado 1984,44,F,SC,Joinville,Pessoa Física,2019-04-19,Campanha,1,1,0,0,0,0,44,2200.45,17320.84,8,5,10,5,3,1,Ativo,2,0.6,0.33
A01985,Associado 1985,34,F,RS,Caxias do Sul,Pessoa Física,2018-04-22,Agência,1,1,1,0,0,0,43,3331.82,0.0,6,1,11,6,4,1,Ativo,3,0.67,0.25
A01986,Associado 1986,31,F,RS,Porto Alegre,Pessoa Física,2020-09-16,Agência,1,1,0,0,0,0,27,7371.65,0.0,8,20,12,5,3,2,Ativo,2,0.6,0.67
A01987,Associado 1987,49,F,SP,São Paulo,Pessoa Física,2024-06-29,Agência,1,0,0,0,0,1,2,5180.34,19868.47,7,139,0,10,2,0,Churned,2,0.2,0.0
A01988,Associado 1988,37,M,SC,Joinville,Pessoa Física,2019-09-11,Agência,0,1,1,1,0,0,22,0.0,0.0,10,17,12,8,5,0,Ativo,3,0.62,0.0
A01989,Associado 1989,61,F,SC,Florianópolis,Pessoa Jurídica,2020-03-05,Campanha,1,1,0,0,0,0,67,41193.56,12561.73,10,6,9,8,4,0,Ativo,2,0.5,0.0
A01990,Associado 1990,28,M,SP,São Paulo,Agro,2020-06-01,Campanha,1,0,0,0,0,1,3,5092.54,0.0,6,217,0,10,1,0,Churned,2,0.1,0.0
A01991,Associado 1991,52,M,SP,São Paulo,Pessoa Física,2022-08-31,Agência,1,0,0,0,0,0,25,2577.18,19895.57,9,0,7,7,4,2,Ativo,1,0.57,0.5
A01992,Associado 1992,26,F,RS,Porto Alegre,Pessoa Física,2025-08-27,Digital,1,0,1,0,1,0,46,11299.89,14502.2,7,9,28,8,7,0,Ativo,3,0.88,0.0
A01993,Associado 1993,19,M,PR,Londrina,Agro,2022-06-16,Digital,1,1,0,0,0,1,51,3723.97,42964.4,9,3,22,6,4,2,Ativo,3,0.67,0.5
A01994,Associado 1994,52,F,RS,Porto Alegre,Pessoa Física,2021-01-13,Agência,1,1,1,0,0,0,4,2617.9,5546.84,4,264,0,1,0,0,Churned,3,0.0,0.0
A01995,Associado 1995,35,M,SP,São Paulo,Agro,2024-08-16,Digital,1,1,1,0,0,0,42,3609.36,0.0,10,3,9,7,4,0,Ativo,3,0.57,0.0
A01996,Associado 1996,27,F,PR,Curitiba,Pessoa Física,2021-01-03,Digital,1,1,0,1,0,0,32,3025.03,829.36,8,10,13,9,4,0,Ativo,3,0.44,0.0
A01997,Associado 1997,29,M,RJ,Rio de Janeiro,Agro,2019-08-19,Digital,1,1,0,0,0,1,37,5467.79,2158.58,10,5,22,7,5,1,Ativo,3,0.71,0.2
A01998,Associado 1998,67,M,RS,Porto Alegre,Pessoa Física,2019-05-23,Indicação,1,1,0,0,1,0,34,3807.36,7209.51,9,7,8,4,1,0,Ativo,3,0.25,0.0
A01999,Associado 1999,39,F,RS,Porto Alegre,Agro,2024-03-25,Indicação,1,0,1,0,0,1,4,7105.82,4676.91,10,220,0,7,2,1,Churned,3,0.29,0.5
A02000,Associado 2000,47,M,RS,Caxias do Sul,Pessoa Física,2025-03-27,Agência,1,0,0,0,0,0,1,1964.87,3296.25,8,198,0,4,2,0,Churned,1,0.5,0.0
A02001,Associado 2001,44,F,RS,Porto Alegre,Pessoa Jurídica,2023-07-29,Indicação,1,0,0,0,0,0,27,9662.35,0.0,8,2,5,6,2,0,Ativo,1,0.33,0.0
A02002,Associado 2002,49,F,RS,Caxias do Sul,Pessoa Física,2021-11-18,Indicação,1,1,0,0,0,0,14,2451.25,0.0,10,0,1,13,5,0,Ativo,2,0.38,0.0
A02003,Associado 2003,39,M,MG,Belo Horizonte,Pessoa Física,2023-08-25,Campanha,1,0,0,0,0,0,1,985.58,29161.97,9,363,2,8,3,0,Churned,1,0.38,0.0
A02004,Associado 2004,29,F,RS,Porto Alegre,Pessoa Jurídica,2024-02-07,Digital,1,0,0,0,0,0,20,12787.68,25638.45,4,126,9,9,2,0,Inativo,1,0.22,0.0
A02005,Associado 2005,51,F,RS,Caxias do Sul,Pessoa Física,2024-07-13,Campanha,1,1,0,0,0,0,2,1777.77,45864.8,6,307,0,5,0,0,Churned,2,0.0,0.0
A02006,Associado 2006,36,F,SP,São Paulo,Agro,2021-07-10,Campanha,1,0,0,0,0,1,45,6274.04,16864.06,9,2,5,3,1,0,Ativo,2,0.33,0.0
A02007,Associado 2007,19,F,SC,Joinville,Pessoa Física,2020-07-14,Digital,1,1,0,1,1,0,35,1070.79,0.0,10,2,27,5,5,2,Ativo,4,1.0,0.4
A02008,Associado 2008,36,M,SP,São Paulo,Agro,2023-10-27,Digital,1,0,0,0,0,1,33,6054.48,43987.56,8,19,19,8,8,2,Ativo,2,1.0,0.25
A02009,Associado 2009,53,M,RS,Caxias do Sul,Pessoa Física,2018-08-17,Campanha,1,1,1,1,0,0,34,1884.45,20105.01,9,0,9,5,2,0,Ativo,4,0.4,0.0
A02010,Associado 2010,47,M,SC,Joinville,Agro,2022-11-04,Indicação,0,0,0,0,1,1,20,0.0,0.0,9,6,7,2,1,0,Ativo,2,0.5,0.0
A02011,Associado 2011,53,F,RS,Porto Alegre,Agro,2024-08-18,Campanha,1,1,0,0,0,1,16,3592.21,0.0,7,4,1,5,2,0,Ativo,3,0.4,0.0
A02012,Associado 2012,51,M,RS,Caxias do Sul,Pessoa Física,2024-01-12,Indicação,1,0,0,0,0,0,19,3359.99,0.0,5,11,3,2,0,0,Ativo,1,0.0,0.0
A02013,Associado 2013,39,M,MG,Belo Horizonte,Agro,2020-03-27,Digital,0,0,0,0,0,1,16,0.0,0.0,8,0,6,5,1,1,Ativo,1,0.2,1.0
A02014,Associado 2014,43,M,RS,Porto Alegre,Pessoa Jurídica,2024-10-31,Agência,1,0,0,0,0,0,27,11656.65,601.19,10,5,8,5,1,0,Ativo,1,0.2,0.0
A02015,Associado 2015,23,F,SC,Florianópolis,Pessoa Física,2020-05-18,Agência,1,1,0,0,0,0,8,1031.2,11459.29,5,73,4,12,4,1,Inativo,2,0.33,0.25
A02016,Associado 2016,52,M,SC,Florianópolis,Pessoa Jurídica,2019-03-23,Campanha,1,0,0,0,1,0,36,4841.72,0.0,10,7,6,5,0,0,Ativo,2,0.0,0.0
A02017,Associado 2017,27,F,RS,Caxias do Sul,Pessoa Física,2024-10-15,Digital,1,1,0,1,0,0,13,1069.42,0.0,10,133,8,5,1,0,Inativo,3,0.2,0.0
A02018,Associado 2018,47,M,MG,Belo Horizonte,Pessoa Jurídica,2025-09-15,Agência,1,0,0,0,0,0,35,16731.88,8550.57,10,4,6,8,4,1,Ativo,1,0.5,0.25
A02019,Associado 2019,57,M,RS,Caxias do Sul,Pessoa Física,2020-03-08,Indicação,1,0,0,0,0,0,7,8003.27,21148.59,9,59,1,5,3,1,Inativo,1,0.6,0.33
A02020,Associado 2020,40,F,PR,Londrina,Pessoa Física,2021-05-18,Indicação,0,0,0,0,0,0,6,0.0,0.0,5,31,2,8,4,0,Ativo,0,0.5,0.0
A02021,Associado 2021,61,M,RJ,Rio de Janeiro,Pessoa Física,2025-02-09,Agência,1,0,0,0,0,0,4,2408.14,0.0,7,122,0,7,0,0,Inativo,1,0.0,0.0
A02022,Associado 2022,37,F,PR,Curitiba,Pessoa Física,2021-08-02,Agência,1,1,0,0,1,0,33,2008.02,4707.11,10,1,10,5,3,0,Ativo,3,0.6,0.0
A02023,Associado 2023,34,F,MG,Belo Horizonte,Agro,2019-04-14,Digital,0,1,0,0,1,0,29,0.0,5163.47,9,24,8,7,2,0,Ativo,2,0.29,0.0
A02024,Associado 2024,30,M,RS,Porto Alegre,Agro,2024-08-13,Agência,0,0,0,0,0,1,7,0.0,0.0,6,3,7,5,1,0,Ativo,1,0.2,0.0
A02025,Associado 2025,58,F,SC,Joinville,Pessoa Física,2020-05-03,Indicação,1,1,1,0,1,0,59,5339.26,10255.18,10,9,15,1,0,0,Ativo,4,0.0,0.0
A02026,Associado 2026,36,F,RS,Porto Alegre,Pessoa Física,2023-07-13,Digital,0,1,1,0,0,0,13,0.0,0.0,8,5,6,8,5,0,Ativo,2,0.62,0.0
A02027,Associado 2027,52,F,SP,São Paulo,Pessoa Jurídica,2021-01-28,Campanha,1,1,1,0,1,0,68,32198.49,5236.28,6,1,5,8,1,0,Ativo,4,0.12,0.0
A02028,Associado 2028,41,F,RJ,Rio de Janeiro,Pessoa Física,2022-06-09,Indicação,1,0,0,0,0,0,0,2170.82,0.0,5,195,2,6,1,0,Churned,1,0.17,0.0
A02029,Associado 2029,29,M,RS,Porto Alegre,Pessoa Física,2019-12-26,Indicação,1,0,0,0,0,0,22,358.59,1004.01,8,2,7,7,2,0,Ativo,1,0.29,0.0
A02030,Associado 2030,44,F,PR,Curitiba,Pessoa Física,2025-03-30,Digital,1,1,0,0,0,0,16,1377.12,2236.88,9,68,2,7,1,0,Inativo,2,0.14,0.0
A02031,Associado 2031,36,F,RS,Porto Alegre,Pessoa Física,2022-05-18,Digital,1,1,1,0,0,0,36,2680.34,17798.09,8,12,17,11,9,0,Ativo,3,0.82,0.0
A02032,Associado 2032,36,M,PR,Curitiba,Pessoa Física,2022-01-10,Digital,1,1,1,1,0,0,33,3769.47,5487.81,7,14,17,5,1,0,Ativo,4,0.2,0.0
A02033,Associado 2033,27,M,SC,Joinville,Pessoa Jurídica,2024-09-27,Digital,1,1,1,0,0,0,78,23434.13,0.0,8,30,25,6,4,0,Ativo,3,0.67,0.0
A02034,Associado 2034,33,M,RJ,Rio de Janeiro,Pessoa Física,2022-02-14,Indicação,0,0,0,0,0,0,4,0.0,14115.66,10,14,3,9,4,0,Ativo,0,0.44,0.0
A02035,Associado 2035,28,F,PR,Curitiba,Agro,2018-04-03,Digital,1,1,1,0,0,0,50,36576.61,0.0,9,4,17,8,5,1,Ativo,3,0.62,0.2
A02036,Associado 2036,52,F,RS,Porto Alegre,Pessoa Física,2021-06-30,Indicação,1,1,0,0,0,0,33,1299.5,2726.2,5,2,10,5,4,2,Ativo,2,0.8,0.5
A02037,Associado 2037,31,F,RS,Porto Alegre,Pessoa Física,2019-07-15,Agência,1,0,1,0,0,0,36,3080.94,0.0,6,10,12,7,4,1,Ativo,2,0.57,0.25
A02038,Associado 2038,25,F,RS,Porto Alegre,Agro,2022-07-15,Agência,0,0,0,0,0,1,13,0.0,0.0,5,73,1,7,4,0,Ativo,1,0.57,0.0
A02039,Associado 2039,38,M,RS,Caxias do Sul,Pessoa Física,2019-06-30,Campanha,1,1,0,0,0,0,10,16875.45,0.0,8,13,5,3,1,0,Ativo,2,0.33,0.0
A02040,Associado 2040,29,M,RS,Porto Alegre,Pessoa Física,2020-02-17,Digital,1,1,0,0,0,0,27,5469.72,5525.83,8,13,12,5,1,0,Ativo,2,0.2,0.0
A02041,Associado 2041,53,F,MG,Belo Horizonte,Pessoa Jurídica,2018-07-07,Digital,1,0,0,0,0,0,6,3122.96,0.0,6,96,1,4,1,0,Inativo,1,0.25,0.0
A02042,Associado 2042,38,F,PR,Curitiba,Pessoa Física,2019-08-31,Digital,1,0,0,0,0,0,3,1753.69,0.0,9,125,2,8,0,0,Inativo,1,0.0,0.0
A02043,Associado 2043,27,F,SC,Florianópolis,Pessoa Jurídica,2025-05-16,Agência,1,1,0,0,0,0,19,34414.77,0.0,7,102,5,7,1,1,Inativo,2,0.14,1.0
A02044,Associado 2044,44,F,RS,Porto Alegre,Pessoa Física,2019-11-06,Indicação,1,1,0,0,0,0,30,18690.03,14235.02,9,25,10,5,1,0,Ativo,2,0.2,0.0
A02045,Associado 2045,62,M,MG,Belo Horizonte,Pessoa Jurídica,2023-12-27,Agência,1,0,0,0,0,0,9,7585.88,21264.82,8,127,1,3,2,0,Inativo,1,0.67,0.0
A02046,Associado 2046,48,M,SP,São Paulo,Pessoa Física,2024-06-03,Digital,1,0,0,0,1,0,3,1408.8,30416.95,6,182,1,5,3,0,Churned,2,0.6,0.0
A02047,Associado 2047,31,M,RS,Caxias do Sul,Pessoa Física,2021-01-08,Digital,1,0,1,0,0,0,32,1331.0,6385.09,7,7,18,5,3,0,Ativo,2,0.6,0.0
A02048,Associado 2048,44,M,SP,São Paulo,Agro,2022-06-15,Campanha,1,1,1,0,0,1,40,11326.15,50954.64,8,22,6,3,2,0,Ativo,4,0.67,0.0
A02049,Associado 2049,43,F,SC,Joinville,Pessoa Jurídica,2021-07-03,Digital,1,1,0,0,1,0,35,28457.25,12543.83,9,17,12,7,1,0,Ativo,3,0.14,0.0
A02050,Associado 2050,43,M,RS,Porto Alegre,Pessoa Física,2024-02-05,Agência,1,0,0,0,0,0,1,2792.19,24833.66,4,275,0,7,1,0,Churned,1,0.14,0.0
A02051,Associado 2051,35,F,SC,Joinville,Pessoa Física,2021-07-04,Digital,1,1,0,0,1,0,47,4145.89,0.0,10,6,18,5,5,0,Ativo,3,1.0,0.0
A02052,Associado 2052,59,M,SC,Joinville,Pessoa Física,2018-08-06,Agência,1,0,0,0,0,0,8,5147.53,3466.65,9,152,0,8,2,0,Inativo,1,0.25,0.0
A02053,Associado 2053,39,M,RS,Porto Alegre,Pessoa Jurídica,2024-05-03,Agência,1,1,0,0,0,0,57,6100.52,0.0,4,6,9,2,1,0,Ativo,2,0.5,0.0
A02054,Associado 2054,44,F,MG,Belo Horizonte,Pessoa Jurídica,2021-09-02,Agência,1,1,1,0,0,0,24,76805.88,13215.65,7,103,4,8,2,2,Inativo,3,0.25,1.0
A02055,Associado 2055,33,M,SP,São Paulo,Pessoa Jurídica,2019-08-14,Digital,1,0,0,0,0,0,21,28083.34,0.0,2,178,5,7,1,0,Inativo,1,0.14,0.0
A02056,Associado 2056,49,M,PR,Curitiba,Pessoa Física,2019-11-10,Agência,1,1,0,0,0,0,23,4714.05,0.0,8,2,5,5,1,0,Ativo,2,0.2,0.0
A02057,Associado 2057,46,M,SC,Florianópolis,Pessoa Jurídica,2019-09-08,Digital,1,0,0,0,0,0,0,14808.91,0.0,3,204,1,2,0,0,Churned,1,0.0,0.0
A02058,Associado 2058,54,M,SC,Joinville,Pessoa Física,2020-04-29,Campanha,1,1,0,0,0,0,23,2612.58,14298.88,10,19,6,4,0,0,Ativo,2,0.0,0.0
A02059,Associado 2059,32,F,PR,Curitiba,Pessoa Física,2023-07-01,Indicação,1,0,0,1,0,0,13,4586.9,0.0,9,22,2,11,0,0,Ativo,2,0.0,0.0
A02060,Associado 2060,48,M,SC,Florianópolis,Pessoa Física,2019-12-28,Agência,1,0,0,0,0,0,29,3624.07,0.0,7,47,4,13,4,1,Ativo,1,0.31,0.25
A02061,Associado 2061,38,M,RS,Porto Alegre,Agro,2018-03-16,Agência,1,0,0,0,0,1,12,5403.09,0.0,7,10,2,6,3,0,Ativo,2,0.5,0.0
A02062,Associado 2062,58,M,SC,Florianópolis,Pessoa Jurídica,2025-08-16,Indicação,1,0,0,0,0,0,4,15422.58,0.0,4,131,1,7,3,0,Inativo,1,0.43,0.0
A02063,Associado 2063,44,F,SP,São Paulo,Pessoa Física,2018-12-02,Campanha,1,0,0,0,0,1,27,1089.18,34210.55,6,29,6,1,1,0,Ativo,2,1.0,0.0
A02064,Associado 2064,28,F,SC,Florianópolis,Pessoa Jurídica,2020-03-14,Agência,1,1,0,0,0,0,69,22685.5,19127.18,8,17,11,5,3,0,Ativo,2,0.6,0.0
A02065,Associado 2065,43,M,RS,Caxias do Sul,Agro,2020-05-04,Indicação,1,0,0,0,0,0,44,15347.46,4800.74,4,0,6,3,1,0,Ativo,1,0.33,0.0
A02066,Associado 2066,34,M,SP,São Paulo,Pessoa Física,2022-05-25,Digital,0,0,0,0,0,0,6,0.0,0.0,5,197,3,6,2,1,Inativo,0,0.33,0.5
A02067,Associado 2067,33,M,RS,Caxias do Sul,Pessoa Física,2018-12-29,Digital,1,0,0,0,0,1,20,22545.06,707.65,5,6,12,3,1,0,Ativo,2,0.33,0.0
A02068,Associado 2068,40,F,RS,Porto Alegre,Agro,2024-02-16,Campanha,1,1,1,1,1,0,73,13183.76,0.0,10,4,19,6,2,1,Ativo,5,0.33,0.5
A02069,Associado 2069,39,M,RS,Caxias do Sul,Agro,2023-07-15,Indicação,1,0,0,0,0,0,6,3590.63,0.0,10,267,0,4,0,0,Churned,1,0.0,0.0
A02070,Associado 2070,34,M,RS,Porto Alegre,Pessoa Física,2021-02-03,Campanha,1,0,0,0,0,0,6,1836.1,55653.93,2,119,0,6,2,0,Inativo,1,0.33,0.0
A02071,Associado 2071,40,F,SP,São Paulo,Pessoa Física,2023-10-19,Digital,0,1,0,1,1,0,24,0.0,7010.51,10,1,13,10,9,2,Ativo,3,0.9,0.22
A02072,Associado 2072,39,F,SC,Florianópolis,Pessoa Física,2025-01-13,Digital,1,0,1,1,0,0,27,11554.87,4450.78,7,16,7,9,4,0,Ativo,3,0.44,0.0
A02073,Associado 2073,42,F,RS,Caxias do Sul,Pessoa Física,2025-01-08,Digital,1,1,0,0,0,0,44,2248.96,0.0,7,0,12,7,3,0,Ativo,2,0.43,0.0
A02074,Associado 2074,32,M,MG,Belo Horizonte,Agro,2023-09-07,Digital,1,1,0,0,0,1,14,7991.17,0.0,8,22,6,7,1,0,Ativo,3,0.14,0.0
A02075,Associado 2075,35,M,MG,Belo Horizonte,Pessoa Física,2020-06-23,Digital,0,0,0,0,0,0,2,0.0,0.0,3,306,1,5,1,0,Churned,0,0.2,0.0
A02076,Associado 2076,47,M,MG,Belo Horizonte,Agro,2023-05-13,Agência,1,1,0,0,0,1,46,12459.08,13061.57,8,3,5,4,1,0,Ativo,3,0.25,0.0
A02077,Associado 2077,57,F,RS,Caxias do Sul,Pessoa Física,2022-03-11,Agência,1,0,0,0,0,0,19,4172.93,5101.96,10,2,3,5,0,0,Ativo,1,0.0,0.0
A02078,Associado 2078,28,M,SC,Joinville,Pessoa Física,2023-11-10,Digital,1,0,0,0,0,0,19,4036.92,0.0,8,12,9,5,1,0,Ativo,1,0.2,0.0
A02079,Associado 2079,54,M,RJ,Rio de Janeiro,Pessoa Física,2023-02-24,Indicação,1,1,0,0,0,0,24,1577.71,13028.73,10,22,7,2,1,0,Ativo,2,0.5,0.0
A02080,Associado 2080,50,F,SP,São Paulo,Pessoa Jurídica,2018-12-29,Campanha,1,1,1,0,1,0,69,10931.51,10862.93,10,10,16,7,5,0,Ativo,4,0.71,0.0
A02081,Associado 2081,47,F,RS,Caxias do Sul,Pessoa Física,2023-09-17,Digital,1,1,0,0,0,0,26,12581.93,14559.83,10,6,5,6,0,0,Ativo,2,0.0,0.0
A02082,Associado 2082,20,M,RS,Porto Alegre,Pessoa Jurídica,2022-10-21,Digital,1,1,0,0,0,0,52,60695.66,12590.7,8,11,11,6,2,0,Ativo,2,0.33,0.0
A02083,Associado 2083,36,F,SC,Florianópolis,Pessoa Física,2025-06-04,Agência,1,0,0,0,0,1,21,5790.19,0.0,9,2,6,8,2,0,Ativo,2,0.25,0.0
A02084,Associado 2084,55,M,MG,Belo Horizonte,Pessoa Física,2025-07-14,Campanha,0,0,0,0,0,0,1,0.0,38997.26,8,162,0,3,0,0,Churned,0,0.0,0.0
A02085,Associado 2085,50,M,SC,Joinville,Pessoa Física,2024-12-13,Digital,0,0,1,0,0,0,1,0.0,0.0,8,82,3,7,2,0,Inativo,1,0.29,0.0
A02086,Associado 2086,56,M,SC,Florianópolis,Pessoa Física,2022-09-03,Indicação,1,1,0,0,0,0,3,3747.8,0.0,7,187,1,1,0,0,Churned,2,0.0,0.0
A02087,Associado 2087,58,F,RS,Porto Alegre,Pessoa Jurídica,2021-02-07,Indicação,1,1,0,0,1,0,46,6370.37,24930.16,7,7,6,5,3,2,Ativo,3,0.6,0.67
A02088,Associado 2088,37,M,PR,Londrina,Pessoa Física,2018-05-24,Agência,1,0,0,1,0,0,32,1241.15,19559.27,10,30,12,5,5,0,Ativo,2,1.0,0.0
A02089,Associado 2089,41,F,SP,São Paulo,Pessoa Jurídica,2020-12-05,Digital,1,1,0,0,1,0,51,15548.75,18654.73,8,13,19,5,4,1,Ativo,3,0.8,0.25
A02090,Associado 2090,46,F,SC,Florianópolis,Pessoa Física,2022-05-15,Campanha,1,1,0,0,0,0,32,4933.86,0.0,7,17,7,8,2,0,Ativo,2,0.25,0.0
A02091,Associado 2091,42,F,SP,São Paulo,Pessoa Física,2023-12-26,Agência,1,0,0,0,0,0,6,1931.52,3552.88,7,10,1,6,0,0,Ativo,1,0.0,0.0
A02092,Associado 2092,40,F,RJ,Rio de Janeiro,Pessoa Física,2024-12-12,Indicação,1,1,0,1,0,0,2,3522.03,7191.42,7,253,1,7,1,0,Churned,3,0.14,0.0
A02093,Associado 2093,60,M,RS,Porto Alegre,Pessoa Física,2024-09-15,Campanha,1,0,0,0,0,0,2,6709.29,70630.26,6,151,0,5,2,0,Churned,1,0.4,0.0
A02094,Associado 2094,28,F,SC,Joinville,Pessoa Jurídica,2025-04-03,Digital,1,1,0,0,0,0,41,15596.99,8342.9,8,12,14,5,3,0,Ativo,2,0.6,0.0
A02095,Associado 2095,46,M,RS,Caxias do Sul,Pessoa Jurídica,2025-08-03,Campanha,1,0,1,0,0,0,7,7423.96,0.0,3,258,0,5,3,0,Churned,2,0.6,0.0
A02096,Associado 2096,36,M,SP,São Paulo,Pessoa Física,2025-06-21,Campanha,1,1,1,0,1,0,27,1594.46,2433.89,9,9,6,5,2,0,Ativo,4,0.4,0.0
A02097,Associado 2097,54,M,PR,Londrina,Pessoa Física,2020-07-20,Indicação,1,0,0,0,0,0,2,3081.05,25742.79,5,197,1,3,0,0,Churned,1,0.0,0.0
A02098,Associado 2098,34,M,PR,Londrina,Agro,2025-04-26,Agência,1,0,0,0,0,1,6,9337.01,5213.79,10,129,2,5,1,0,Inativo,2,0.2,0.0
A02099,Associado 2099,44,F,SP,São Paulo,Pessoa Jurídica,2018-12-07,Digital,1,0,0,0,0,0,30,5532.68,0.0,6,22,8,2,2,1,Ativo,1,1.0,0.5
A02100,Associado 2100,52,F,SC,Joinville,Pessoa Jurídica,2022-05-21,Agência,1,0,1,0,0,0,68,33123.36,3236.19,10,7,5,6,1,0,Ativo,2,0.17,0.0
A02101,Associado 2101,41,M,MG,Belo Horizonte,Pessoa Física,2018-10-29,Indicação,1,0,0,0,0,0,21,4699.92,12430.26,7,6,6,9,3,0,Ativo,1,0.33,0.0
A02102,Associado 2102,50,M,SC,Florianópolis,Pessoa Física,2023-12-06,Indicação,1,1,1,0,1,0,27,1157.94,15067.14,8,2,3,7,2,1,Ativo,4,0.29,0.5
A02103,Associado 2103,39,M,RS,Porto Alegre,Agro,2022-10-27,Digital,1,1,0,0,0,1,42,3360.67,6535.24,9,1,22,4,3,0,Ativo,3,0.75,0.0
A02104,Associado 2104,35,F,PR,Curitiba,Pessoa Jurídica,2018-05-31,Digital,1,0,1,0,0,0,57,8352.28,0.0,10,3,13,7,5,0,Ativo,2,0.71,0.0
A02105,Associado 2105,46,F,SP,São Paulo,Pessoa Física,2021-04-05,Agência,1,0,1,0,0,0,27,439.49,24578.68,8,8,7,6,4,1,Ativo,2,0.67,0.25
A02106,Associado 2106,47,M,RS,Caxias do Sul,Pessoa Jurídica,2025-04-08,Indicação,1,1,1,0,1,0,35,9339.18,21423.93,9,16,2,5,1,0,Ativo,4,0.2,0.0
A02107,Associado 2107,48,M,MG,Belo Horizonte,Pessoa Jurídica,2020-02-11,Indicação,1,1,0,0,0,0,24,11276.45,0.0,7,168,3,2,1,0,Inativo,2,0.5,0.0
A02108,Associado 2108,47,M,MG,Belo Horizonte,Pessoa Física,2021-12-19,Campanha,1,0,0,0,1,0,35,978.24,70399.72,9,9,7,7,3,0,Ativo,2,0.43,0.0
A02109,Associado 2109,33,F,RS,Caxias do Sul,Pessoa Física,2022-11-30,Indicação,1,0,0,0,0,0,9,2561.75,0.0,4,10,4,7,2,1,Ativo,1,0.29,0.5
A02110,Associado 2110,44,M,RJ,Rio de Janeiro,Pessoa Física,2020-09-23,Indicação,1,1,0,0,0,0,34,5406.05,0.0,6,3,7,5,3,2,Ativo,2,0.6,0.67
A02111,Associado 2111,49,F,RS,Porto Alegre,Pessoa Física,2024-10-20,Indicação,1,1,1,0,0,0,26,5466.34,0.0,6,14,9,5,4,1,Ativo,3,0.8,0.25
A02112,Associado 2112,35,F,RS,Caxias do Sul,Pessoa Jurídica,2019-09-24,Digital,1,1,0,0,0,0,67,5580.62,0.0,10,21,18,4,4,1,Ativo,2,1.0,0.25
A02113,Associado 2113,43,F,RS,Caxias do Sul,Pessoa Física,2018-12-28,Digital,1,1,0,1,0,0,30,5569.0,0.0,8,2,12,7,4,0,Ativo,3,0.57,0.0
A02114,Associado 2114,53,M,MG,Belo Horizonte,Pessoa Jurídica,2018-04-06,Campanha,1,1,0,0,0,0,43,19833.31,48363.02,10,8,4,4,0,0,Ativo,2,0.0,0.0
A02115,Associado 2115,36,F,PR,Londrina,Agro,2018-10-19,Indicação,1,1,0,0,1,1,60,4383.67,2376.6,9,4,11,5,4,0,Ativo,4,0.8,0.0
A02116,Associado 2116,35,F,RS,Caxias do Sul,Pessoa Física,2023-09-06,Digital,1,1,0,0,0,0,27,2126.17,7252.1,9,4,22,6,4,0,Ativo,2,0.67,0.0
A02117,Associado 2117,42,M,SC,Joinville,Pessoa Física,2018-11-01,Agência,1,0,0,0,0,0,23,7713.56,0.0,8,6,4,7,4,0,Ativo,1,0.57,0.0
A02118,Associado 2118,46,M,PR,Curitiba,Pessoa Jurídica,2025-08-02,Agência,0,0,0,0,1,0,6,0.0,4854.08,5,132,0,4,0,0,Inativo,1,0.0,0.0
A02119,Associado 2119,29,M,RS,Caxias do Sul,Pessoa Jurídica,2020-02-08,Digital,1,0,1,1,0,0,35,13540.83,5185.49,8,2,5,8,2,0,Ativo,3,0.25,0.0
A02120,Associado 2120,53,F,MG,Belo Horizonte,Pessoa Jurídica,2020-09-12,Agência,1,1,0,1,0,0,31,16259.27,13147.09,7,5,7,3,1,0,Ativo,3,0.33,0.0
A02121,Associado 2121,48,F,SP,São Paulo,Pessoa Física,2018-07-24,Agência,0,0,0,0,0,0,7,0.0,6916.12,6,2,1,9,1,0,Ativo,0,0.11,0.0
A02122,Associado 2122,34,M,SC,Florianópolis,Pessoa Física,2020-05-16,Digital,1,0,0,0,1,0,22,3393.83,4269.13,9,4,10,3,3,0,Ativo,2,1.0,0.0
A02123,Associado 2123,49,F,RJ,Rio de Janeiro,Pessoa Física,2020-10-11,Agência,1,0,0,0,0,0,21,8361.08,0.0,4,26,6,6,3,2,Ativo,1,0.5,0.67
A02124,Associado 2124,36,M,SC,Florianópolis,Agro,2025-03-10,Indicação,1,1,0,0,0,1,45,2688.85,806.13,7,15,13,6,4,1,Ativo,3,0.67,0.25
A02125,Associado 2125,40,M,RJ,Rio de Janeiro,Pessoa Física,2019-10-24,Digital,1,1,1,0,0,0,42,2312.36,6432.88,10,23,21,5,4,0,Ativo,3,0.8,0.0
A02126,Associado 2126,34,F,PR,Curitiba,Agro,2019-11-10,Digital,1,1,1,0,0,1,45,2493.23,10784.79,9,29,12,4,0,0,Ativo,4,0.0,0.0
A02127,Associado 2127,27,F,PR,Curitiba,Pessoa Física,2024-03-17,Agência,0,0,0,0,0,0,11,0.0,4004.48,8,32,4,2,2,0,Ativo,0,1.0,0.0
A02128,Associado 2128,31,F,RS,Caxias do Sul,Agro,2018-10-27,Digital,1,0,0,1,0,1,3,4159.25,0.0,10,245,1,8,0,0,Churned,3,0.0,0.0
A02129,Associado 2129,37,F,MG,Belo Horizonte,Pessoa Jurídica,2018-09-15,Digital,1,1,0,0,0,1,49,16804.39,0.0,8,6,18,3,3,0,Ativo,3,1.0,0.0
A02130,Associado 2130,57,M,SC,Joinville,Pessoa Física,2025-07-25,Indicação,0,1,0,0,0,0,23,0.0,22489.98,8,27,11,7,3,1,Ativo,1,0.43,0.33
A02131,Associado 2131,62,M,RS,Porto Alegre,Pessoa Jurídica,2018-08-28,Indicação,1,0,0,0,0,0,44,8351.6,52054.09,5,2,5,3,0,0,Ativo,1,0.0,0.0
A02132,Associado 2132,43,F,RS,Caxias do Sul,Pessoa Física,2024-03-15,Agência,1,1,0,0,0,0,5,4638.59,37635.44,5,265,0,7,2,0,Churned,2,0.29,0.0
A02133,Associado 2133,54,F,PR,Curitiba,Pessoa Física,2024-11-17,Digital,1,1,0,0,0,0,30,2763.55,0.0,7,4,10,9,6,2,Ativo,2,0.67,0.33
A02134,Associado 2134,47,F,SC,Joinville,Pessoa Física,2018-07-14,Agência,1,1,0,0,0,0,19,10757.37,0.0,8,5,4,2,1,1,Ativo,2,0.5,1.0
A02135,Associado 2135,28,M,SP,São Paulo,Pessoa Física,2024-05-06,Campanha,0,0,0,0,0,0,1,0.0,0.0,4,203,0,7,1,0,Churned,0,0.14,0.0
A02136,Associado 2136,46,M,MG,Belo Horizonte,Pessoa Física,2022-04-01,Campanha,1,1,0,0,1,0,9,1720.7,946.12,7,89,0,3,0,0,Inativo,3,0.0,0.0
A02137,Associado 2137,25,F,RS,Porto Alegre,Pessoa Jurídica,2022-11-12,Digital,1,0,1,0,0,0,32,1410.05,0.0,7,3,10,7,3,1,Ativo,2,0.43,0.33
A02138,Associado 2138,57,M,SP,São Paulo,Pessoa Jurídica,2025-02-23,Indicação,1,0,0,0,1,0,36,17887.26,0.0,10,22,8,13,4,3,Ativo,2,0.31,0.75
A02139,Associado 2139,46,M,RS,Caxias do Sul,Pessoa Física,2018-12-22,Indicação,0,0,0,0,0,0,10,0.0,97871.59,5,12,3,3,1,0,Ativo,0,0.33,0.0
A02140,Associado 2140,31,M,MG,Belo Horizonte,Agro,2025-01-31,Indicação,1,0,1,0,0,0,39,7534.26,0.0,10,7,11,2,2,1,Ativo,2,1.0,0.5
A02141,Associado 2141,28,M,SP,São Paulo,Pessoa Jurídica,2024-11-28,Indicação,1,0,0,0,0,0,22,5548.66,5862.87,7,68,2,6,3,0,Ativo,1,0.5,0.0
A02142,Associado 2142,46,F,SC,Florianópolis,Agro,2019-07-19,Campanha,1,0,1,1,0,1,17,3367.92,60606.71,10,8,5,6,1,0,Ativo,4,0.17,0.0
A02143,Associado 2143,25,F,SP,São Paulo,Pessoa Jurídica,2018-11-04,Digital,1,0,0,0,0,0,12,8260.9,43904.5,6,147,1,11,2,0,Inativo,1,0.18,0.0
A02144,Associado 2144,32,F,RS,Caxias do Sul,Pessoa Física,2025-04-29,Digital,1,0,0,0,1,0,21,11143.42,3737.24,10,36,12,5,3,1,Ativo,2,0.6,0.33
A02145,Associado 2145,49,F,SC,Joinville,Pessoa Física,2019-02-13,Indicação,1,1,1,1,1,0,95,156.41,7915.82,10,4,16,9,6,0,Ativo,5,0.67,0.0
A02146,Associado 2146,33,M,SP,São Paulo,Pessoa Jurídica,2019-06-05,Indicação,1,0,0,0,0,0,0,5397.74,0.0,7,271,0,3,1,0,Churned,1,0.33,0.0
A02147,Associado 2147,58,F,SC,Joinville,Pessoa Física,2022-03-27,Indicação,1,1,0,0,0,0,28,1855.43,9206.74,9,25,5,5,2,1,Ativo,2,0.4,0.5
A02148,Associado 2148,60,F,SC,Florianópolis,Pessoa Física,2024-12-07,Agência,1,1,0,0,0,0,17,4998.59,6805.59,9,137,4,8,4,0,Inativo,2,0.5,0.0
A02149,Associado 2149,22,F,SC,Joinville,Pessoa Física,2022-07-01,Digital,1,0,0,0,0,0,3,2305.39,3595.14,5,128,2,5,1,0,Churned,1,0.2,0.0
A02150,Associado 2150,42,F,SP,São Paulo,Pessoa Física,2023-02-20,Agência,1,1,0,1,0,0,27,636.13,9729.45,9,2,7,2,1,0,Ativo,3,0.5,0.0
A02151,Associado 2151,33,F,RS,Porto Alegre,Pessoa Física,2025-07-04,Digital,1,1,0,0,0,0,38,2353.83,1150.51,7,6,20,8,5,2,Ativo,2,0.62,0.4
A02152,Associado 2152,28,M,RS,Caxias do Sul,Pessoa Física,2021-04-08,Digital,1,1,0,0,0,0,4,2057.11,4633.16,5,208,4,9,0,0,Churned,2,0.0,0.0
A02153,Associado 2153,29,F,SP,São Paulo,Pessoa Física,2023-02-04,Campanha,0,0,0,0,0,0,3,0.0,0.0,6,97,1,8,2,0,Inativo,0,0.25,0.0
A02154,Associado 2154,37,M,SP,São Paulo,Pessoa Jurídica,2019-10-13,Digital,1,1,0,0,0,0,46,38505.57,9512.55,8,3,10,5,3,0,Ativo,2,0.6,0.0
A02155,Associado 2155,36,M,RS,Porto Alegre,Pessoa Física,2023-11-29,Indicação,1,1,0,0,1,0,38,850.5,40565.91,10,38,9,4,2,0,Ativo,3,0.5,0.0
A02156,Associado 2156,32,M,RS,Porto Alegre,Pessoa Física,2025-04-05,Digital,1,1,1,0,1,0,45,7150.11,0.0,7,40,31,5,5,1,Ativo,4,1.0,0.2
A02157,Associado 2157,53,M,RS,Porto Alegre,Pessoa Física,2024-03-17,Indicação,1,0,0,0,0,0,17,780.71,0.0,6,9,5,5,1,0,Ativo,1,0.2,0.0
A02158,Associado 2158,46,M,RS,Caxias do Sul,Pessoa Física,2020-10-25,Digital,1,1,0,0,0,0,21,7737.89,0.0,8,7,10,7,5,2,Ativo,2,0.71,0.4
A02159,Associado 2159,48,M,SC,Joinville,Pessoa Física,2022-04-05,Indicação,1,0,0,0,0,0,26,1514.65,8435.59,6,9,8,6,2,0,Ativo,1,0.33,0.0
A02160,Associado 2160,30,F,SP,São Paulo,Pessoa Física,2022-06-25,Agência,1,0,0,0,0,0,6,1024.3,0.0,5,72,3,3,0,0,Inativo,1,0.0,0.0
A02161,Associado 2161,39,M,PR,Curitiba,Pessoa Física,2023-05-06,Digital,1,0,0,0,0,0,1,3336.68,45693.03,8,280,0,7,2,0,Churned,1,0.29,0.0
A02162,Associado 2162,44,F,PR,Curitiba,Pessoa Jurídica,2019-10-31,Digital,1,1,1,0,1,0,68,21895.85,16377.7,10,24,27,5,5,0,Ativo,4,1.0,0.0
A02163,Associado 2163,46,M,SC,Joinville,Pessoa Física,2019-05-28,Digital,1,1,0,0,1,0,40,9502.1,9770.25,10,6,20,5,5,1,Ativo,3,1.0,0.2
A02164,Associado 2164,57,M,SP,São Paulo,Pessoa Física,2021-05-20,Campanha,1,1,1,0,0,0,32,2273.87,0.0,9,2,10,6,2,0,Ativo,3,0.33,0.0
A02165,Associado 2165,49,M,SC,Florianópolis,Pessoa Física,2018-04-29,Campanha,1,1,0,0,0,0,7,3334.5,10586.56,4,92,0,4,4,1,Inativo,2,1.0,0.25
A02166,Associado 2166,62,F,RJ,Rio de Janeiro,Pessoa Jurídica,2019-01-20,Campanha,1,1,0,0,0,0,35,5681.37,4881.5,9,1,3,6,0,0,Ativo,2,0.0,0.0
A02167,Associado 2167,22,M,PR,Curitiba,Agro,2018-09-17,Indicação,1,1,0,0,0,1,33,2995.35,3025.51,7,7,7,8,4,1,Ativo,3,0.5,0.25
A02168,Associado 2168,44,M,RS,Caxias do Sul,Pessoa Jurídica,2021-11-23,Campanha,1,0,0,0,0,0,37,4117.09,0.0,6,31,5,8,3,1,Ativo,1,0.38,0.33
A02169,Associado 2169,66,F,PR,Londrina,Pessoa Física,2021-04-13,Indicação,1,1,0,0,1,0,40,12166.26,28579.99,9,1,8,7,2,0,Ativo,3,0.29,0.0
A02170,Associado 2170,57,M,RS,Caxias do Sul,Pessoa Física,2023-12-22,Agência,1,1,0,0,0,0,32,3986.15,27635.58,5,22,6,7,4,2,Ativo,2,0.57,0.5
A02171,Associado 2171,34,M,PR,Londrina,Pessoa Física,2023-11-20,Digital,1,1,1,0,0,0,4,1181.32,0.0,9,197,2,1,0,0,Churned,3,0.0,0.0
A02172,Associado 2172,46,M,RS,Porto Alegre,Agro,2024-08-29,Agência,1,0,1,0,0,0,34,2510.22,0.0,9,2,3,7,2,0,Ativo,2,0.29,0.0
A02173,Associado 2173,40,F,RS,Caxias do Sul,Pessoa Física,2024-11-07,Agência,1,0,0,0,0,0,17,2930.64,0.0,8,7,3,2,0,0,Ativo,1,0.0,0.0
A02174,Associado 2174,34,M,MG,Belo Horizonte,Agro,2020-08-17,Agência,1,0,0,0,0,1,4,7365.91,26052.46,10,224,0,5,1,0,Churned,2,0.2,0.0
A02175,Associado 2175,33,M,RS,Caxias do Sul,Pessoa Jurídica,2019-07-20,Agência,1,1,1,0,1,0,73,53164.62,16226.87,9,3,12,3,3,1,Ativo,4,1.0,0.33
A02176,Associado 2176,56,F,SP,São Paulo,Pessoa Jurídica,2023-01-15,Indicação,1,0,1,0,1,0,61,17152.43,0.0,9,28,10,8,4,1,Ativo,3,0.5,0.25
A02177,Associado 2177,20,F,RS,Porto Alegre,Pessoa Física,2018-01-07,Digital,1,1,0,1,0,0,30,3538.77,0.0,8,6,11,8,3,1,Ativo,3,0.38,0.33
A02178,Associado 2178,38,M,PR,Londrina,Pessoa Jurídica,2020-05-17,Digital,1,1,0,0,0,0,51,35419.01,0.0,6,4,13,13,7,3,Ativo,2,0.54,0.43
A02179,Associado 2179,52,M,PR,Londrina,Pessoa Física,2025-01-06,Indicação,1,0,0,0,1,0,6,2030.8,3841.58,6,197,0,6,1,0,Inativo,2,0.17,0.0
A02180,Associado 2180,48,M,SC,Joinville,Pessoa Física,2024-07-07,Indicação,1,1,1,0,0,0,1,2327.53,15516.73,9,225,1,3,0,0,Churned,3,0.0,0.0
A02181,Associado 2181,58,M,RS,Porto Alegre,Pessoa Física,2019-03-21,Campanha,0,0,0,0,0,0,7,0.0,58408.94,4,1,2,7,0,0,Ativo,0,0.0,0.0
A02182,Associado 2182,31,F,RS,Porto Alegre,Agro,2024-07-10,Digital,1,1,0,0,0,1,35,7096.1,11130.02,10,3,11,5,4,1,Ativo,3,0.8,0.25
A02183,Associado 2183,45,F,RS,Caxias do Sul,Pessoa Física,2025-06-01,Digital,1,1,0,0,1,0,18,1925.23,3183.86,6,32,7,6,4,0,Ativo,3,0.67,0.0
A02184,Associado 2184,48,F,RS,Caxias do Sul,Pessoa Física,2024-05-24,Digital,1,1,1,0,0,0,35,1878.93,2579.43,9,27,6,7,4,1,Ativo,3,0.57,0.25
A02185,Associado 2185,26,M,PR,Curitiba,Pessoa Física,2020-11-01,Agência,1,0,0,1,0,0,34,1842.13,1597.31,7,11,7,3,2,0,Ativo,2,0.67,0.0
A02186,Associado 2186,48,F,MG,Belo Horizonte,Pessoa Jurídica,2021-07-10,Agência,1,1,0,0,1,0,59,23193.17,85666.14,9,13,12,3,2,1,Ativo,3,0.67,0.5
A02187,Associado 2187,47,F,MG,Belo Horizonte,Pessoa Jurídica,2021-12-29,Digital,1,1,0,0,0,0,4,7815.41,2627.64,7,197,1,10,1,0,Churned,2,0.1,0.0
A02188,Associado 2188,30,M,SP,São Paulo,Pessoa Jurídica,2024-01-30,Campanha,1,0,0,0,0,0,0,32914.73,37126.48,5,205,0,5,1,0,Churned,1,0.2,0.0
A02189,Associado 2189,41,M,SP,São Paulo,Pessoa Física,2022-06-19,Agência,1,0,0,0,0,0,1,3055.62,0.0,8,278,0,5,3,0,Churned,1,0.6,0.0
A02190,Associado 2190,46,M,PR,Londrina,Pessoa Física,2024-06-26,Agência,1,1,0,0,0,0,28,1496.08,29065.67,10,42,7,7,2,1,Ativo,2,0.29,0.5
A02191,Associado 2191,49,M,RS,Caxias do Sul,Pessoa Física,2022-04-19,Agência,1,1,0,0,0,0,31,1995.5,14611.56,8,15,5,8,2,0,Ativo,2,0.25,0.0
A02192,Associado 2192,43,M,MG,Belo Horizonte,Pessoa Física,2024-03-08,Indicação,0,0,0,0,0,0,10,0.0,26460.73,6,9,8,8,2,1,Ativo,0,0.25,0.5
A02193,Associado 2193,37,M,PR,Londrina,Agro,2020-01-07,Digital,1,1,0,0,0,1,35,3457.61,5584.3,10,1,12,6,3,1,Ativo,3,0.5,0.33
A02194,Associado 2194,35,F,PR,Curitiba,Pessoa Física,2019-02-21,Digital,0,1,1,0,0,0,13,0.0,0.0,8,0,16,4,2,1,Ativo,2,0.5,0.5
A02195,Associado 2195,26,M,RS,Porto Alegre,Pessoa Física,2018-09-21,Agência,1,1,1,1,0,0,54,15813.65,5138.3,10,19,13,5,4,0,Ativo,4,0.8,0.0
A02196,Associado 2196,33,M,SC,Florianópolis,Pessoa Física,2024-06-06,Digital,1,1,0,0,0,0,22,7321.09,12590.12,10,3,12,6,2,0,Ativo,2,0.33,0.0
A02197,Associado 2197,41,F,SC,Joinville,Pessoa Jurídica,2022-01-19,Agência,1,1,0,0,1,0,78,16781.31,767.31,10,4,6,6,2,0,Ativo,3,0.33,0.0
A02198,Associado 2198,50,F,MG,Belo Horizonte,Pessoa Física,2018-04-14,Digital,1,0,0,0,0,0,14,1975.59,7377.14,7,3,9,1,0,0,Ativo,1,0.0,0.0
A02199,Associado 2199,39,F,SC,Joinville,Pessoa Física,2020-09-13,Agência,1,0,0,0,0,0,27,1448.56,11934.1,8,1,5,5,2,0,Ativo,1,0.4,0.0
A02200,Associado 2200,28,F,SC,Florianópolis,Pessoa Jurídica,2018-08-09,Indicação,1,1,0,0,0,0,37,26463.09,9216.74,8,22,6,7,5,0,Ativo,2,0.71,0.0
A02201,Associado 2201,32,F,RJ,Rio de Janeiro,Pessoa Física,2018-11-30,Digital,1,1,0,0,0,0,32,12740.81,7414.64,10,9,8,9,3,0,Ativo,2,0.33,0.0
A02202,Associado 2202,57,M,RS,Caxias do Sul,Pessoa Jurídica,2019-02-22,Indicação,1,1,0,0,0,0,12,13294.24,10110.41,6,123,0,3,0,0,Inativo,2,0.0,0.0
A02203,Associado 2203,34,M,SC,Joinville,Pessoa Física,2021-08-17,Digital,1,1,0,0,0,0,22,1690.6,3829.9,4,6,14,5,4,0,Ativo,2,0.8,0.0
A02204,Associado 2204,41,F,RS,Porto Alegre,Pessoa Jurídica,2025-05-06,Digital,1,1,0,0,0,0,17,5815.44,0.0,6,111,1,2,0,0,Inativo,2,0.0,0.0
A02205,Associado 2205,66,F,SP,São Paulo,Pessoa Física,2022-02-17,Agência,0,1,1,0,1,0,13,0.0,8119.32,7,3,4,5,4,1,Ativo,3,0.8,0.25
A02206,Associado 2206,49,F,MG,Belo Horizonte,Pessoa Física,2020-08-18,Digital,1,0,0,0,0,0,29,14433.56,0.0,8,1,7,6,2,0,Ativo,1,0.33,0.0
A02207,Associado 2207,31,F,RS,Porto Alegre,Agro,2022-01-20,Digital,1,1,0,0,0,1,35,6957.7,0.0,8,31,14,4,2,0,Ativo,3,0.5,0.0
A02208,Associado 2208,24,M,MG,Belo Horizonte,Pessoa Física,2019-03-12,Digital,1,1,1,1,1,0,60,1655.78,0.0,10,8,32,4,4,1,Ativo,5,1.0,0.25
A02209,Associado 2209,45,F,RS,Caxias do Sul,Pessoa Física,2024-09-07,Indicação,1,0,0,0,0,0,1,2197.28,11134.74,4,243,1,5,1,0,Churned,1,0.2,0.0
A02210,Associado 2210,47,F,MG,Belo Horizonte,Pessoa Física,2025-08-13,Indicação,1,1,1,0,0,0,42,5991.91,26152.4,8,21,19,5,1,1,Ativo,3,0.2,1.0
A02211,Associado 2211,28,M,SP,São Paulo,Pessoa Jurídica,2018-02-12,Indicação,1,1,0,0,1,0,62,9480.25,3307.54,7,5,16,4,4,0,Ativo,3,1.0,0.0
A02212,Associado 2212,33,M,SP,São Paulo,Pessoa Física,2024-03-07,Agência,1,0,0,0,0,0,2,2695.63,5703.67,5,304,1,2,1,1,Churned,1,0.5,1.0
A02213,Associado 2213,41,M,RS,Porto Alegre,Agro,2023-02-16,Digital,1,0,1,0,0,0,25,1245.09,56157.72,9,17,12,7,3,0,Ativo,2,0.43,0.0
A02214,Associado 2214,66,F,RJ,Rio de Janeiro,Agro,2020-08-23,Agência,0,0,1,0,1,1,17,0.0,0.0,10,3,2,6,2,0,Ativo,3,0.33,0.0
A02215,Associado 2215,39,F,SP,São Paulo,Pessoa Jurídica,2018-01-11,Indicação,1,1,0,1,1,0,112,43313.93,0.0,9,18,17,7,5,2,Ativo,4,0.71,0.4
A02216,Associado 2216,27,M,RS,Caxias do Sul,Pessoa Física,2018-08-04,Digital,1,1,1,1,1,0,58,2485.19,0.0,10,7,28,10,9,0,Ativo,5,0.9,0.0
A02217,Associado 2217,58,F,SP,São Paulo,Pessoa Física,2018-08-13,Agência,1,1,0,0,0,0,3,4398.36,101475.03,7,215,0,9,3,1,Churned,2,0.33,0.33
A02218,Associado 2218,52,F,RS,Porto Alegre,Pessoa Jurídica,2022-10-27,Campanha,0,0,0,0,0,0,18,0.0,0.0,8,3,5,6,2,0,Ativo,0,0.33,0.0
A02219,Associado 2219,36,M,MG,Belo Horizonte,Pessoa Física,2021-06-23,Digital,1,0,0,1,0,0,35,1670.64,17591.76,8,16,19,5,4,1,Ativo,2,0.8,0.25
A02220,Associado 2220,33,M,RS,Caxias do Sul,Pessoa Física,2025-05-29,Digital,0,0,0,0,0,0,1,0.0,0.0,6,250,0,4,1,0,Churned,0,0.25,0.0
A02221,Associado 2221,35,M,SP,São Paulo,Pessoa Física,2020-02-12,Agência,1,1,1,0,1,0,39,649.6,75000.72,8,3,11,6,4,0,Ativo,4,0.67,0.0
A02222,Associado 2222,40,F,SC,Joinville,Pessoa Física,2022-12-28,Digital,1,1,0,0,0,0,28,4996.81,21266.95,10,4,6,10,4,0,Ativo,2,0.4,0.0
A02223,Associado 2223,52,M,RS,Porto Alegre,Pessoa Física,2018-01-16,Campanha,1,1,0,0,0,0,21,905.34,9225.74,9,4,6,5,0,0,Ativo,2,0.0,0.0
A02224,Associado 2224,28,F,RS,Porto Alegre,Pessoa Física,2020-10-29,Digital,1,1,0,0,1,0,48,21251.57,12699.07,10,7,29,3,3,0,Ativo,3,1.0,0.0
A02225,Associado 2225,63,F,RS,Porto Alegre,Pessoa Jurídica,2025-01-05,Campanha,1,1,0,0,0,0,9,5991.96,0.0,8,102,1,3,0,0,Inativo,2,0.0,0.0
A02226,Associado 2226,50,F,SC,Joinville,Pessoa Física,2024-05-29,Agência,1,1,0,0,0,0,16,920.53,0.0,6,5,2,7,2,1,Ativo,2,0.29,0.5
A02227,Associado 2227,39,M,RS,Porto Alegre,Pessoa Física,2018-02-27,Digital,1,0,0,0,0,0,14,3265.38,0.0,8,9,9,8,4,0,Ativo,1,0.5,0.0
A02228,Associado 2228,26,M,PR,Curitiba,Pessoa Física,2020-09-11,Indicação,1,1,0,0,0,0,13,3219.09,0.0,7,2,4,2,0,0,Ativo,2,0.0,0.0
A02229,Associado 2229,22,M,RS,Caxias do Sul,Pessoa Física,2020-04-30,Digital,1,1,0,0,1,0,20,6384.05,2100.28,10,15,13,6,2,0,Ativo,3,0.33,0.0
A02230,Associado 2230,41,F,RS,Porto Alegre,Pessoa Física,2022-03-16,Agência,1,0,0,0,0,0,18,890.7,7251.8,3,1,3,3,0,0,Ativo,1,0.0,0.0
A02231,Associado 2231,37,M,SP,São Paulo,Pessoa Jurídica,2019-10-10,Digital,1,1,0,1,1,0,34,16431.56,19380.9,8,123,6,9,5,1,Inativo,4,0.56,0.2
A02232,Associado 2232,24,M,RS,Caxias do Sul,Agro,2023-01-18,Digital,1,1,1,0,0,1,47,9624.01,18200.2,10,0,16,9,2,0,Ativo,4,0.22,0.0
A02233,Associado 2233,55,F,MG,Belo Horizonte,Pessoa Física,2021-09-16,Indicação,1,1,1,1,1,0,34,1503.33,57767.18,10,3,6,3,3,0,Ativo,5,1.0,0.0
A02234,Associado 2234,42,F,MG,Belo Horizonte,Pessoa Física,2019-04-06,Indicação,1,1,0,0,0,0,4,2158.67,0.0,8,175,1,7,3,0,Churned,2,0.43,0.0
A02235,Associado 2235,43,M,PR,Londrina,Pessoa Física,2020-08-26,Indicação,1,1,1,0,0,0,4,1796.94,2101.68,7,149,1,7,3,0,Inativo,3,0.43,0.0
A02236,Associado 2236,49,M,PR,Curitiba,Agro,2021-05-18,Indicação,1,1,1,0,0,1,37,7647.61,6309.1,10,11,6,8,4,0,Ativo,4,0.5,0.0
A02237,Associado 2237,49,F,MG,Belo Horizonte,Pessoa Jurídica,2025-07-02,Agência,1,0,0,0,0,0,0,10698.49,4587.37,6,233,0,4,0,0,Churned,1,0.0,0.0
A02238,Associado 2238,34,F,RS,Caxias do Sul,Agro,2018-10-17,Digital,0,0,0,0,0,0,16,0.0,0.0,10,15,14,9,5,1,Ativo,0,0.56,0.2
A02239,Associado 2239,53,F,RS,Porto Alegre,Pessoa Física,2021-01-25,Indicação,1,1,1,0,0,0,11,1540.81,12398.32,7,2,5,3,1,0,Ativo,3,0.33,0.0
A02240,Associado 2240,18,M,RS,Porto Alegre,Agro,2024-04-15,Campanha,1,0,1,0,1,0,45,10388.17,43542.69,8,46,8,5,3,0,Ativo,3,0.6,0.0
A02241,Associado 2241,41,M,SP,São Paulo,Pessoa Física,2020-01-03,Agência,1,1,0,0,0,0,1,2056.52,0.0,7,259,0,7,1,0,Churned,2,0.14,0.0
A02242,Associado 2242,37,F,RS,Caxias do Sul,Pessoa Física,2025-01-16,Digital,1,0,0,0,0,0,10,1955.25,12113.15,9,91,3,10,2,1,Inativo,1,0.2,0.5
A02243,Associado 2243,25,M,PR,Londrina,Agro,2025-07-15,Digital,1,1,0,0,0,0,5,3645.22,0.0,9,185,0,7,2,0,Churned,2,0.29,0.0
A02244,Associado 2244,24,M,RJ,Rio de Janeiro,Agro,2025-09-20,Agência,1,1,0,0,0,1,62,13714.02,18968.77,10,7,12,7,5,1,Ativo,3,0.71,0.2
A02245,Associado 2245,36,M,MG,Belo Horizonte,Pessoa Física,2019-07-30,Digital,1,1,1,1,0,0,68,7629.79,1969.94,10,10,29,3,2,0,Ativo,4,0.67,0.0
A02246,Associado 2246,32,F,SC,Florianópolis,Pessoa Física,2020-04-21,Digital,1,1,1,0,1,0,42,4631.69,4272.72,10,18,29,8,8,1,Ativo,4,1.0,0.12
A02247,Associado 2247,45,M,RS,Caxias do Sul,Pessoa Física,2025-08-23,Agência,1,1,0,0,0,0,42,2505.92,2867.85,8,2,12,8,4,2,Ativo,2,0.5,0.5
A02248,Associado 2248,48,F,SP,São Paulo,Pessoa Física,2022-10-29,Indicação,1,1,0,0,0,0,6,3034.08,52549.47,9,67,1,6,0,0,Inativo,2,0.0,0.0
A02249,Associado 2249,46,M,PR,Curitiba,Pessoa Física,2023-08-01,Indicação,1,0,0,0,1,0,6,3451.22,0.0,9,118,1,6,2,0,Inativo,2,0.33,0.0
A02250,Associado 2250,60,F,RS,Caxias do Sul,Agro,2024-01-24,Campanha,1,0,0,0,0,1,10,11109.23,0.0,6,3,3,5,1,0,Ativo,2,0.2,0.0
A02251,Associado 2251,45,F,RS,Porto Alegre,Pessoa Jurídica,2021-04-24,Agência,1,0,1,0,0,0,35,2614.69,5127.6,7,73,12,3,3,0,Ativo,2,1.0,0.0
A02252,Associado 2252,47,M,MG,Belo Horizonte,Pessoa Jurídica,2024-04-15,Digital,1,0,0,0,0,0,37,5762.4,3945.63,9,6,8,1,1,0,Ativo,1,1.0,0.0
A02253,Associado 2253,27,M,PR,Curitiba,Pessoa Jurídica,2018-12-06,Digital,1,1,0,0,0,0,65,11408.45,18597.06,6,9,12,7,3,1,Ativo,2,0.43,0.33
A02254,Associado 2254,26,F,SP,São Paulo,Pessoa Física,2023-11-27,Digital,1,0,1,0,1,0,18,10346.41,0.0,10,15,4,6,0,0,Ativo,3,0.0,0.0
A02255,Associado 2255,29,F,MG,Belo Horizonte,Pessoa Jurídica,2024-09-30,Digital,1,0,0,0,0,0,4,6055.42,0.0,7,79,5,4,2,0,Inativo,1,0.5,0.0
A02256,Associado 2256,48,M,PR,Curitiba,Pessoa Física,2024-10-09,Indicação,1,0,0,0,0,0,3,2050.9,0.0,8,318,0,5,1,0,Churned,1,0.2,0.0
A02257,Associado 2257,55,F,SC,Florianópolis,Pessoa Física,2020-12-03,Agência,1,1,1,0,0,0,46,5617.61,24304.32,10,0,8,8,3,1,Ativo,3,0.38,0.33
A02258,Associado 2258,63,F,SC,Joinville,Pessoa Física,2023-05-20,Campanha,1,1,0,0,0,0,48,2819.33,29699.67,6,4,11,5,3,0,Ativo,2,0.6,0.0
A02259,Associado 2259,62,M,RS,Caxias do Sul,Pessoa Física,2018-12-08,Indicação,1,0,0,0,1,0,12,1604.85,0.0,10,8,3,10,1,1,Ativo,2,0.1,1.0
A02260,Associado 2260,41,M,SC,Florianópolis,Pessoa Jurídica,2024-02-27,Indicação,1,1,1,0,0,0,10,12596.92,0.0,7,155,2,4,2,2,Inativo,3,0.5,1.0
A02261,Associado 2261,58,M,SP,São Paulo,Agro,2024-08-22,Indicação,1,1,0,0,0,0,16,13459.52,4973.5,7,3,1,9,4,1,Ativo,2,0.44,0.25
A02262,Associado 2262,37,M,PR,Curitiba,Pessoa Física,2021-02-01,Digital,1,0,0,0,0,0,10,6283.83,20662.81,7,114,5,10,4,0,Inativo,1,0.4,0.0
A02263,Associado 2263,59,F,MG,Belo Horizonte,Pessoa Jurídica,2024-11-10,Indicação,1,1,0,0,0,0,51,13180.84,12325.42,8,7,8,4,1,0,Ativo,2,0.25,0.0
A02264,Associado 2264,39,M,SC,Joinville,Pessoa Física,2020-09-17,Digital,1,0,0,0,0,0,22,2138.19,5709.93,7,7,14,7,4,0,Ativo,1,0.57,0.0
A02265,Associado 2265,49,M,PR,Londrina,Pessoa Jurídica,2019-09-24,Campanha,1,1,0,0,0,0,42,7247.6,0.0,6,21,3,3,2,1,Ativo,2,0.67,0.5
A02266,Associado 2266,51,M,PR,Londrina,Pessoa Física,2021-11-26,Agência,1,1,0,0,1,0,32,1777.63,24428.02,9,8,4,5,0,0,Ativo,3,0.0,0.0
A02267,Associado 2267,49,M,PR,Curitiba,Pessoa Física,2021-11-14,Agência,1,1,0,0,0,0,12,2444.9,0.0,7,131,5,8,2,0,Inativo,2,0.25,0.0
A02268,Associado 2268,31,F,SP,São Paulo,Pessoa Física,2021-10-17,Digital,1,1,0,0,0,0,41,5041.35,4711.29,9,6,20,5,5,1,Ativo,2,1.0,0.2
A02269,Associado 2269,31,F,RS,Porto Alegre,Pessoa Jurídica,2021-12-28,Digital,1,1,0,0,0,0,67,26525.87,1976.57,8,0,16,3,1,0,Ativo,2,0.33,0.0
A02270,Associado 2270,36,M,SC,Florianópolis,Pessoa Física,2020-11-17,Digital,0,1,0,0,0,0,5,0.0,0.0,7,27,2,7,1,0,Inativo,1,0.14,0.0
A02271,Associado 2271,39,M,RS,Caxias do Sul,Agro,2022-12-21,Digital,1,1,0,0,0,0,22,2306.78,0.0,9,3,6,7,5,0,Ativo,2,0.71,0.0
A02272,Associado 2272,52,M,SC,Florianópolis,Pessoa Física,2023-06-12,Campanha,1,0,0,0,0,0,52,10780.6,44044.5,9,14,3,7,0,0,Ativo,1,0.0,0.0
A02273,Associado 2273,21,M,SC,Florianópolis,Agro,2025-01-31,Digital,1,1,0,0,0,0,1,2686.33,0.0,9,259,1,5,2,0,Churned,2,0.4,0.0
A02274,Associado 2274,37,F,PR,Curitiba,Pessoa Jurídica,2024-02-21,Digital,1,1,0,0,0,0,43,5318.34,7643.29,5,22,12,8,3,0,Ativo,2,0.38,0.0
A02275,Associado 2275,59,F,RJ,Rio de Janeiro,Pessoa Física,2020-02-11,Agência,0,1,1,0,0,0,15,0.0,151817.06,10,18,5,8,1,0,Ativo,2,0.12,0.0
A02276,Associado 2276,28,F,PR,Londrina,Pessoa Física,2020-05-21,Digital,1,1,0,1,0,0,53,14400.0,6419.34,10,21,29,8,6,2,Ativo,3,0.75,0.33
A02277,Associado 2277,34,F,SP,São Paulo,Pessoa Jurídica,2025-06-29,Digital,1,1,0,0,0,0,27,4875.3,4793.51,4,76,5,6,2,0,Inativo,2,0.33,0.0
A02278,Associado 2278,29,M,SC,Florianópolis,Pessoa Jurídica,2018-05-08,Indicação,1,0,0,0,0,0,25,32394.92,9741.5,9,8,10,1,0,0,Ativo,1,0.0,0.0
A02279,Associado 2279,25,F,PR,Londrina,Pessoa Jurídica,2023-04-04,Agência,1,0,0,0,0,0,39,24444.21,0.0,10,29,6,8,3,1,Ativo,1,0.38,0.33
A02280,Associado 2280,30,F,RS,Caxias do Sul,Pessoa Física,2018-04-16,Agência,1,0,1,0,1,1,28,2977.86,0.0,10,3,7,5,1,0,Ativo,4,0.2,0.0
A02281,Associado 2281,51,M,RS,Porto Alegre,Pessoa Física,2021-12-10,Digital,1,1,0,0,0,0,2,1981.31,0.0,8,123,0,8,2,0,Churned,2,0.25,0.0
A02282,Associado 2282,40,F,SC,Joinville,Agro,2024-07-27,Digital,1,1,0,0,0,1,45,7915.41,9913.64,10,10,9,5,2,1,Ativo,3,0.4,0.5
A02283,Associado 2283,33,F,SC,Florianópolis,Pessoa Física,2021-11-07,Digital,1,0,0,0,0,0,0,2150.44,36951.67,7,230,2,4,0,0,Churned,1,0.0,0.0
A02284,Associado 2284,42,F,RS,Porto Alegre,Pessoa Física,2022-02-13,Indicação,1,0,0,0,0,0,1,4624.7,0.0,8,316,0,0,0,0,Churned,1,0.0,0.0
A02285,Associado 2285,42,M,RS,Porto Alegre,Pessoa Física,2024-06-19,Digital,1,0,0,0,0,0,1,645.68,49499.83,5,246,0,6,2,0,Churned,1,0.33,0.0
A02286,Associado 2286,27,M,RS,Porto Alegre,Pessoa Jurídica,2020-09-27,Digital,1,1,1,0,1,0,86,13352.34,12045.57,7,6,16,8,3,1,Ativo,4,0.38,0.33
A02287,Associado 2287,41,M,RJ,Rio de Janeiro,Pessoa Jurídica,2019-01-19,Digital,1,1,0,1,0,0,29,19620.64,0.0,10,6,5,6,1,0,Ativo,3,0.17,0.0
A02288,Associado 2288,42,M,RS,Caxias do Sul,Pessoa Física,2020-09-28,Agência,1,1,1,0,0,0,40,2719.83,0.0,7,24,7,11,6,0,Ativo,3,0.55,0.0
A02289,Associado 2289,71,F,SC,Florianópolis,Pessoa Física,2018-01-17,Indicação,1,0,1,0,0,0,8,2121.54,58663.39,7,49,0,3,1,1,Inativo,2,0.33,1.0
A02290,Associado 2290,36,F,RS,Porto Alegre,Pessoa Física,2021-10-25,Digital,1,0,0,0,0,0,22,1828.66,0.0,7,9,6,6,3,0,Ativo,1,0.5,0.0
A02291,Associado 2291,47,M,PR,Curitiba,Pessoa Física,2023-02-15,Digital,1,0,0,0,0,0,38,7955.69,5229.23,8,11,13,4,1,0,Ativo,1,0.25,0.0
A02292,Associado 2292,54,M,RS,Porto Alegre,Pessoa Física,2020-12-25,Indicação,1,1,0,0,0,0,9,1106.57,0.0,7,113,2,11,2,0,Inativo,2,0.18,0.0
A02293,Associado 2293,40,M,RS,Porto Alegre,Agro,2020-06-04,Agência,1,1,0,0,0,0,44,8020.12,0.0,8,0,14,6,4,2,Ativo,2,0.67,0.5
A02294,Associado 2294,36,F,SC,Florianópolis,Pessoa Física,2021-02-10,Campanha,1,1,0,1,0,0,27,10420.48,0.0,8,3,4,5,0,0,Ativo,3,0.0,0.0
A02295,Associado 2295,25,F,RS,Caxias do Sul,Pessoa Física,2021-12-10,Digital,1,0,0,0,0,0,27,1562.95,7385.62,10,10,14,4,2,0,Ativo,1,0.5,0.0
A02296,Associado 2296,24,M,RS,Caxias do Sul,Agro,2018-03-12,Digital,0,1,1,1,0,1,30,0.0,0.0,9,3,17,8,5,2,Ativo,4,0.62,0.4
A02297,Associado 2297,42,M,RS,Porto Alegre,Pessoa Física,2023-05-03,Campanha,1,1,1,1,0,0,36,5112.09,35964.16,9,27,8,4,3,1,Ativo,4,0.75,0.33
A02298,Associado 2298,50,M,RS,Porto Alegre,Pessoa Física,2019-03-20,Indicação,1,1,0,0,1,1,16,779.73,0.0,7,3,7,5,2,0,Ativo,4,0.4,0.0
A02299,Associado 2299,27,M,RS,Caxias do Sul,Pessoa Física,2024-12-05,Digital,1,0,0,0,1,1,27,1786.57,0.0,10,7,18,8,7,0,Ativo,3,0.88,0.0
A02300,Associado 2300,54,M,RS,Caxias do Sul,Pessoa Física,2025-01-08,Indicação,1,1,1,0,0,0,45,659.93,8259.64,8,1,6,6,2,1,Ativo,3,0.33,0.5
A02301,Associado 2301,41,M,SP,São Paulo,Agro,2021-10-25,Digital,1,1,0,1,1,0,64,3840.02,4729.2,8,25,21,3,2,1,Ativo,4,0.67,0.5
A02302,Associado 2302,37,M,PR,Curitiba,Pessoa Física,2024-06-22,Digital,1,1,0,0,0,0,24,790.43,11543.79,7,12,8,5,4,0,Ativo,2,0.8,0.0
A02303,Associado 2303,53,M,SC,Joinville,Pessoa Física,2025-07-08,Agência,1,1,0,0,1,0,28,9510.57,0.0,7,8,8,5,3,1,Ativo,3,0.6,0.33
A02304,Associado 2304,43,F,RS,Porto Alegre,Pessoa Jurídica,2019-12-22,Agência,1,1,0,0,0,0,50,2333.27,8980.64,6,3,9,9,2,1,Ativo,2,0.22,0.5
A02305,Associado 2305,67,M,MG,Belo Horizonte,Agro,2018-08-19,Indicação,0,0,0,0,0,1,2,0.0,76283.94,4,101,1,9,0,0,Inativo,1,0.0,0.0
A02306,Associado 2306,38,F,SC,Florianópolis,Pessoa Física,2020-05-13,Agência,1,1,0,0,0,0,36,1510.65,0.0,10,11,12,10,7,1,Ativo,2,0.7,0.14
A02307,Associado 2307,62,M,RS,Porto Alegre,Pessoa Física,2019-07-17,Agência,1,0,0,0,0,0,5,4519.14,0.0,7,17,3,9,4,1,Ativo,1,0.44,0.25
A02308,Associado 2308,60,F,PR,Londrina,Agro,2020-02-08,Indicação,1,0,0,0,0,0,50,9760.5,52874.0,7,7,5,2,1,0,Ativo,1,0.5,0.0
A02309,Associado 2309,67,M,RS,Porto Alegre,Pessoa Física,2025-01-21,Agência,1,1,0,0,1,0,30,2712.72,9828.76,10,9,8,8,1,0,Ativo,3,0.12,0.0
A02310,Associado 2310,48,M,RS,Porto Alegre,Pessoa Jurídica,2018-10-17,Agência,1,0,0,0,0,0,4,12288.86,2399.25,8,92,0,5,1,0,Inativo,1,0.2,0.0
A02311,Associado 2311,54,F,SC,Joinville,Pessoa Jurídica,2021-05-26,Digital,1,0,0,0,0,0,32,4472.53,30213.32,7,3,5,6,1,0,Ativo,1,0.17,0.0
A02312,Associado 2312,30,M,MG,Belo Horizonte,Pessoa Jurídica,2023-11-18,Digital,1,0,0,0,0,0,4,27458.9,0.0,7,174,0,5,0,0,Churned,1,0.0,0.0
A02313,Associado 2313,42,F,SC,Joinville,Pessoa Física,2024-01-06,Indicação,1,0,0,0,0,0,8,2635.26,0.0,8,86,1,3,1,0,Inativo,1,0.33,0.0
A02314,Associado 2314,29,F,SP,São Paulo,Pessoa Física,2019-01-30,Digital,1,1,0,0,0,0,33,4493.03,0.0,10,1,8,5,2,0,Ativo,2,0.4,0.0
A02315,Associado 2315,43,F,RJ,Rio de Janeiro,Pessoa Jurídica,2019-01-11,Digital,1,1,1,1,0,0,92,68579.13,0.0,8,24,15,5,4,1,Ativo,4,0.8,0.25
A02316,Associado 2316,34,M,RS,Porto Alegre,Pessoa Física,2023-11-20,Indicação,0,1,0,0,1,0,15,0.0,0.0,8,6,7,4,2,1,Ativo,2,0.5,0.5
A02317,Associado 2317,44,F,RS,Caxias do Sul,Pessoa Física,2022-07-09,Digital,1,0,0,0,0,0,10,6378.76,2714.52,9,89,3,9,4,0,Inativo,1,0.44,0.0
A02318,Associado 2318,38,M,SC,Joinville,Pessoa Física,2020-02-21,Digital,1,1,1,0,0,0,14,2467.22,44603.88,10,122,3,8,1,0,Inativo,3,0.12,0.0
A02319,Associado 2319,43,F,SC,Joinville,Pessoa Física,2023-11-10,Campanha,1,1,0,0,1,0,13,516.68,0.0,9,138,1,4,2,0,Inativo,3,0.5,0.0
A02320,Associado 2320,38,M,SC,Joinville,Agro,2023-05-29,Digital,1,1,0,1,0,0,54,3117.36,10170.77,10,5,20,10,10,1,Ativo,3,1.0,0.1
A02321,Associado 2321,51,F,MG,Belo Horizonte,Pessoa Física,2024-09-24,Digital,1,1,0,1,0,0,31,1898.96,25152.03,7,19,14,7,6,0,Ativo,3,0.86,0.0
A02322,Associado 2322,46,F,SP,São Paulo,Agro,2019-02-10,Agência,1,0,1,0,0,0,32,32332.94,2489.72,7,1,6,6,4,1,Ativo,2,0.67,0.25
A02323,Associado 2323,37,M,PR,Londrina,Pessoa Física,2023-08-31,Digital,1,0,0,0,0,0,1,2363.42,8473.8,7,241,0,4,0,0,Churned,1,0.0,0.0
A02324,Associado 2324,46,M,RS,Porto Alegre,Pessoa Física,2025-05-03,Agência,1,1,1,0,0,0,2,599.37,0.0,6,258,0,8,1,0,Churned,3,0.12,0.0
A02325,Associado 2325,25,M,SP,São Paulo,Pessoa Física,2021-12-02,Digital,0,1,0,0,0,0,13,0.0,0.0,6,1,14,2,1,0,Ativo,1,0.5,0.0
A02326,Associado 2326,46,M,RJ,Rio de Janeiro,Pessoa Jurídica,2023-08-29,Indicação,1,0,1,0,0,0,33,30142.77,0.0,8,19,6,6,1,0,Ativo,2,0.17,0.0
A02327,Associado 2327,19,M,SP,São Paulo,Pessoa Jurídica,2022-04-09,Digital,1,1,0,0,0,0,25,5869.74,0.0,9,7,7,10,7,1,Ativo,2,0.7,0.14
A02328,Associado 2328,44,M,RS,Caxias do Sul,Pessoa Física,2024-01-10,Agência,0,0,0,0,0,0,1,0.0,7062.02,5,151,0,1,0,0,Churned,0,0.0,0.0
A02329,Associado 2329,51,M,PR,Curitiba,Agro,2018-10-28,Indicação,1,1,1,0,1,0,39,5034.47,0.0,6,36,9,1,0,0,Ativo,4,0.0,0.0
A02330,Associado 2330,36,M,RS,Porto Alegre,Pessoa Física,2023-03-15,Agência,1,1,0,0,0,0,15,2777.26,8388.13,7,2,5,6,1,0,Ativo,2,0.17,0.0
A02331,Associado 2331,39,M,RS,Caxias do Sul,Pessoa Jurídica,2019-02-17,Indicação,1,1,1,0,1,0,73,14090.12,48182.02,10,6,9,5,2,0,Ativo,4,0.4,0.0
A02332,Associado 2332,56,F,RS,Caxias do Sul,Agro,2024-02-28,Digital,1,1,1,1,0,1,65,8375.25,0.0,6,6,17,5,2,0,Ativo,5,0.4,0.0
A02333,Associado 2333,39,F,PR,Curitiba,Agro,2023-07-28,Agência,1,0,0,0,1,0,18,2796.49,6852.69,8,57,2,7,1,0,Ativo,2,0.14,0.0
A02334,Associado 2334,61,F,PR,Londrina,Agro,2023-12-27,Campanha,0,0,0,0,0,1,3,0.0,0.0,9,140,1,6,1,0,Inativo,1,0.17,0.0
A02335,Associado 2335,55,F,RS,Porto Alegre,Pessoa Física,2022-12-21,Agência,1,0,0,0,0,0,21,2663.57,134349.4,10,26,8,9,1,0,Ativo,1,0.11,0.0
A02336,Associado 2336,33,M,SC,Joinville,Pessoa Física,2023-09-03,Campanha,1,1,1,1,0,0,56,1387.27,0.0,8,6,9,8,2,0,Ativo,4,0.25,0.0
A02337,Associado 2337,51,F,SC,Florianópolis,Pessoa Física,2023-08-22,Agência,1,0,0,0,0,0,4,3353.24,0.0,7,89,3,9,1,0,Inativo,1,0.11,0.0
A02338,Associado 2338,41,F,SC,Florianópolis,Pessoa Física,2023-12-23,Agência,0,1,0,0,0,0,10,0.0,0.0,5,0,6,7,1,0,Ativo,1,0.14,0.0
A02339,Associado 2339,38,F,RS,Porto Alegre,Pessoa Jurídica,2023-10-30,Agência,1,0,0,0,0,0,22,17235.83,0.0,8,35,2,13,4,0,Ativo,1,0.31,0.0
A02340,Associado 2340,28,M,SC,Florianópolis,Pessoa Física,2021-10-10,Agência,1,0,0,0,1,0,10,3563.47,0.0,10,82,1,7,4,0,Inativo,2,0.57,0.0
A02341,Associado 2341,58,M,SP,São Paulo,Pessoa Jurídica,2020-12-29,Indicação,1,1,0,0,0,0,29,8277.72,12790.86,9,1,3,9,1,1,Ativo,2,0.11,1.0
A02342,Associado 2342,30,F,RS,Caxias do Sul,Pessoa Física,2021-05-12,Indicação,1,0,0,0,0,0,7,3494.17,0.0,8,101,4,4,2,0,Inativo,1,0.5,0.0
A02343,Associado 2343,45,F,RS,Porto Alegre,Pessoa Física,2019-08-14,Indicação,1,1,0,0,1,0,55,1003.54,1487.6,10,14,13,3,2,0,Ativo,3,0.67,0.0
A02344,Associado 2344,35,F,SC,Joinville,Pessoa Jurídica,2019-12-12,Agência,1,1,1,0,0,0,65,5828.92,29960.4,8,5,13,9,6,1,Ativo,3,0.67,0.17
A02345,Associado 2345,35,M,MG,Belo Horizonte,Pessoa Física,2020-03-07,Digital,1,0,0,0,0,0,23,2449.88,0.0,9,49,11,7,5,1,Ativo,1,0.71,0.2
A02346,Associado 2346,42,F,PR,Londrina,Pessoa Jurídica,2022-05-31,Indicação,1,1,0,0,0,0,41,5957.86,0.0,8,11,7,3,1,0,Ativo,2,0.33,0.0
A02347,Associado 2347,25,F,PR,Curitiba,Pessoa Física,2020-01-01,Digital,1,1,1,0,0,0,32,2070.48,0.0,10,13,15,6,2,0,Ativo,3,0.33,0.0
A02348,Associado 2348,45,M,SC,Joinville,Pessoa Jurídica,2023-02-03,Indicação,1,1,1,0,0,0,45,4549.97,6026.33,7,4,4,9,3,1,Ativo,3,0.33,0.33
A02349,Associado 2349,53,F,PR,Curitiba,Pessoa Física,2024-05-13,Digital,1,1,0,0,1,0,23,2702.41,0.0,10,32,12,9,5,2,Ativo,3,0.56,0.4
A02350,Associado 2350,46,F,RS,Porto Alegre,Pessoa Física,2023-09-28,Agência,1,0,0,0,0,0,15,2948.26,12989.27,9,6,5,10,2,0,Ativo,1,0.2,0.0
A02351,Associado 2351,45,F,PR,Londrina,Pessoa Jurídica,2019-09-02,Indicação,1,1,1,0,1,0,50,5661.62,2639.35,10,8,12,5,2,1,Ativo,4,0.4,0.5
A02352,Associado 2352,40,F,MG,Belo Horizonte,Agro,2024-05-29,Indicação,1,0,0,0,0,0,5,21264.87,0.0,5,55,1,6,1,0,Inativo,1,0.17,0.0
A02353,Associado 2353,27,F,PR,Curitiba,Pessoa Física,2022-01-07,Indicação,1,1,0,0,0,0,21,2218.51,8676.94,6,5,4,3,2,0,Ativo,2,0.67,0.0
A02354,Associado 2354,33,F,MG,Belo Horizonte,Pessoa Física,2022-04-08,Agência,1,1,1,0,0,0,4,3686.79,2034.63,10,122,0,5,1,0,Churned,3,0.2,0.0
A02355,Associado 2355,55,F,SP,São Paulo,Pessoa Física,2024-11-24,Agência,1,1,0,1,0,1,36,1319.86,1187.54,10,51,5,7,4,1,Ativo,4,0.57,0.25
A02356,Associado 2356,39,F,RS,Porto Alegre,Pessoa Física,2021-03-07,Digital,1,1,0,0,0,0,12,1422.18,0.0,8,82,6,9,2,0,Inativo,2,0.22,0.0
A02357,Associado 2357,38,M,MG,Belo Horizonte,Pessoa Jurídica,2018-08-18,Agência,0,0,0,0,0,0,10,0.0,0.0,5,1,0,6,1,0,Ativo,0,0.17,0.0
A02358,Associado 2358,29,F,RS,Caxias do Sul,Pessoa Jurídica,2021-11-29,Agência,1,0,0,0,0,0,2,9677.57,0.0,5,181,1,5,0,0,Churned,1,0.0,0.0
A02359,Associado 2359,25,F,SC,Joinville,Pessoa Física,2018-12-23,Indicação,1,0,0,0,0,0,14,6670.59,2452.71,6,0,4,8,1,0,Ativo,1,0.12,0.0
A02360,Associado 2360,35,F,RS,Porto Alegre,Pessoa Física,2019-06-25,Digital,1,1,0,0,0,0,35,3921.6,22906.03,9,1,18,7,6,0,Ativo,2,0.86,0.0
A02361,Associado 2361,46,M,RS,Caxias do Sul,Pessoa Jurídica,2020-07-24,Digital,1,1,0,0,0,0,46,7080.72,0.0,10,3,8,3,0,0,Ativo,2,0.0,0.0
A02362,Associado 2362,39,F,SC,Florianópolis,Pessoa Física,2022-06-23,Agência,1,1,0,0,0,0,27,6226.38,16251.76,8,10,9,6,4,1,Ativo,2,0.67,0.25
A02363,Associado 2363,51,M,RS,Porto Alegre,Pessoa Jurídica,2025-05-16,Campanha,1,1,0,0,0,0,3,8088.29,12025.11,5,243,0,7,2,1,Churned,2,0.29,0.5
A02364,Associado 2364,39,F,SC,Joinville,Pessoa Física,2019-06-11,Agência,0,0,0,0,0,0,3,0.0,6332.19,7,269,0,2,0,0,Churned,0,0.0,0.0
A02365,Associado 2365,54,M,PR,Curitiba,Pessoa Jurídica,2021-02-02,Indicação,1,0,0,0,0,0,9,6635.36,23166.08,8,70,1,6,1,0,Inativo,1,0.17,0.0
A02366,Associado 2366,42,M,RS,Caxias do Sul,Pessoa Física,2019-09-15,Campanha,1,1,0,0,1,0,40,2363.41,0.0,10,12,17,11,7,0,Ativo,3,0.64,0.0
A02367,Associado 2367,31,M,RS,Porto Alegre,Pessoa Jurídica,2019-02-28,Indicação,1,0,0,0,0,0,32,5867.9,0.0,5,4,3,10,4,0,Ativo,1,0.4,0.0
A02368,Associado 2368,43,F,PR,Curitiba,Pessoa Física,2025-04-24,Campanha,1,1,0,0,0,0,41,1628.87,14299.39,8,6,14,6,2,1,Ativo,2,0.33,0.5
A02369,Associado 2369,68,F,RS,Caxias do Sul,Pessoa Física,2023-03-14,Indicação,1,0,0,0,0,0,13,5995.11,24317.67,5,20,3,4,0,0,Ativo,1,0.0,0.0
A02370,Associado 2370,67,M,SP,São Paulo,Pessoa Jurídica,2023-02-22,Agência,1,0,0,0,0,0,14,15219.59,23847.34,8,101,2,5,0,0,Inativo,1,0.0,0.0
A02371,Associado 2371,52,F,PR,Curitiba,Pessoa Física,2018-01-04,Agência,1,0,0,0,0,0,2,2285.22,0.0,4,168,0,4,0,0,Churned,1,0.0,0.0
A02372,Associado 2372,18,M,SP,São Paulo,Pessoa Física,2019-04-14,Digital,0,1,0,0,0,0,2,0.0,0.0,6,106,4,9,2,1,Inativo,1,0.22,0.5
A02373,Associado 2373,50,F,PR,Londrina,Pessoa Física,2019-10-26,Agência,1,1,0,0,1,0,15,2238.53,0.0,10,79,3,6,2,0,Inativo,3,0.33,0.0
A02374,Associado 2374,50,F,SC,Florianópolis,Pessoa Física,2019-06-22,Indicação,1,1,1,0,0,1,8,2778.81,27914.96,10,101,4,10,4,1,Inativo,4,0.4,0.25
A02375,Associado 2375,46,M,PR,Curitiba,Agro,2023-03-13,Agência,1,1,1,0,1,1,46,2262.45,0.0,10,22,5,9,3,0,Ativo,5,0.33,0.0
A02376,Associado 2376,51,M,RS,Porto Alegre,Pessoa Jurídica,2024-08-04,Indicação,1,0,0,0,0,0,24,24716.6,15958.41,9,2,4,3,1,0,Ativo,1,0.33,0.0
A02377,Associado 2377,40,F,RS,Caxias do Sul,Pessoa Física,2025-01-11,Digital,1,1,0,0,1,0,26,4930.79,8630.49,10,10,22,10,9,1,Ativo,3,0.9,0.11
A02378,Associado 2378,43,M,SP,São Paulo,Pessoa Jurídica,2021-01-01,Digital,1,0,0,0,0,0,12,7459.8,0.0,5,114,3,5,3,1,Inativo,1,0.6,0.33
A02379,Associado 2379,32,M,SC,Florianópolis,Pessoa Física,2023-06-09,Campanha,1,1,1,0,1,0,45,3532.63,3143.97,10,32,11,10,5,0,Ativo,4,0.5,0.0
A02380,Associado 2380,40,F,SP,São Paulo,Agro,2023-10-17,Agência,1,1,0,0,0,0,32,3796.11,13586.67,5,6,4,2,0,0,Ativo,2,0.0,0.0
A02381,Associado 2381,56,M,SP,São Paulo,Pessoa Física,2023-03-06,Indicação,1,0,0,0,0,0,15,1184.81,47317.99,10,9,6,6,1,0,Ativo,1,0.17,0.0
A02382,Associado 2382,46,F,MG,Belo Horizonte,Pessoa Física,2025-07-05,Indicação,1,1,0,0,0,0,20,1645.93,0.0,8,23,9,5,3,0,Ativo,2,0.6,0.0
A02383,Associado 2383,50,F,MG,Belo Horizonte,Pessoa Física,2021-09-19,Agência,1,0,0,0,0,0,15,1703.36,67173.0,7,8,2,8,2,0,Ativo,1,0.25,0.0
A02384,Associado 2384,29,M,SC,Florianópolis,Pessoa Física,2023-11-03,Digital,1,1,0,1,0,0,31,799.66,1091.19,9,10,20,5,2,0,Ativo,3,0.4,0.0
A02385,Associado 2385,27,M,RS,Caxias do Sul,Pessoa Física,2022-02-28,Digital,1,1,1,0,0,0,49,705.12,0.0,10,14,26,5,4,0,Ativo,3,0.8,0.0
A02386,Associado 2386,43,M,PR,Londrina,Pessoa Física,2018-03-20,Indicação,1,0,0,0,0,0,2,974.71,41992.11,6,329,0,5,1,0,Churned,1,0.2,0.0
A02387,Associado 2387,28,F,SC,Florianópolis,Pessoa Jurídica,2022-04-24,Digital,1,0,0,0,0,0,5,8364.16,864.14,10,170,1,0,0,0,Churned,1,0.0,0.0
A02388,Associado 2388,35,M,PR,Curitiba,Pessoa Física,2023-08-30,Digital,1,0,1,0,1,0,37,1333.93,12019.77,8,24,21,6,6,1,Ativo,3,1.0,0.17
A02389,Associado 2389,60,F,SP,São Paulo,Agro,2022-05-25,Indicação,1,1,1,0,1,1,36,9973.12,13618.16,9,7,2,6,1,1,Ativo,5,0.17,1.0
A02390,Associado 2390,41,M,PR,Curitiba,Pessoa Física,2018-06-05,Agência,1,1,0,0,0,0,4,5829.16,2797.71,6,143,2,4,1,0,Inativo,2,0.25,0.0
A02391,Associado 2391,37,M,SC,Joinville,Pessoa Jurídica,2020-05-29,Indicação,1,1,0,0,0,0,32,5799.13,8937.46,10,39,6,7,3,1,Ativo,2,0.43,0.33
A02392,Associado 2392,65,F,RS,Porto Alegre,Agro,2022-01-13,Campanha,1,1,0,0,0,1,36,2999.69,0.0,7,3,3,9,2,0,Ativo,3,0.22,0.0
A02393,Associado 2393,56,M,SC,Florianópolis,Pessoa Jurídica,2018-01-28,Campanha,1,0,0,0,1,0,36,34544.48,70857.21,10,13,6,6,1,0,Ativo,2,0.17,0.0
A02394,Associado 2394,42,M,RS,Porto Alegre,Agro,2023-03-26,Indicação,1,1,1,0,0,1,53,14114.52,0.0,10,17,9,9,6,1,Ativo,4,0.67,0.17
A02395,Associado 2395,35,F,MG,Belo Horizonte,Pessoa Jurídica,2019-09-02,Digital,0,1,0,0,1,0,14,0.0,3286.56,6,4,13,7,4,0,Ativo,2,0.57,0.0
A02396,Associado 2396,43,M,RS,Porto Alegre,Pessoa Física,2020-08-31,Campanha,0,0,0,1,0,0,2,0.0,109051.1,3,179,0,5,0,0,Churned,1,0.0,0.0
A02397,Associado 2397,30,M,RS,Porto Alegre,Pessoa Jurídica,2021-09-14,Digital,1,0,0,0,0,0,44,26048.61,36937.11,6,7,12,7,6,0,Ativo,1,0.86,0.0
A02398,Associado 2398,42,F,RS,Caxias do Sul,Pessoa Física,2019-02-23,Digital,1,0,0,0,0,0,19,2132.25,27924.85,1,23,4,6,2,1,Ativo,1,0.33,0.5
A02399,Associado 2399,42,M,PR,Curitiba,Pessoa Física,2018-01-22,Agência,0,1,1,0,0,0,11,0.0,5478.98,10,6,4,8,2,0,Ativo,2,0.25,0.0
A02400,Associado 2400,47,M,PR,Londrina,Pessoa Física,2018-09-18,Campanha,1,1,0,0,1,0,65,1056.55,39476.48,7,36,17,5,5,2,Ativo,3,1.0,0.4
A02401,Associado 2401,58,F,RS,Porto Alegre,Pessoa Jurídica,2023-10-09,Indicação,1,1,0,0,1,0,129,9600.51,28189.96,10,3,13,7,6,0,Ativo,3,0.86,0.0
A02402,Associado 2402,57,M,RS,Porto Alegre,Pessoa Física,2021-12-07,Indicação,1,1,0,0,0,0,35,6242.92,2821.36,9,19,6,5,0,0,Ativo,2,0.0,0.0
A02403,Associado 2403,39,M,SC,Florianópolis,Pessoa Física,2024-01-20,Agência,1,0,0,0,0,0,1,1109.9,4197.2,10,218,2,9,1,0,Churned,1,0.11,0.0
A02404,Associado 2404,52,M,RS,Caxias do Sul,Pessoa Física,2024-07-29,Indicação,1,0,1,0,1,0,15,4782.45,0.0,6,116,2,7,2,0,Inativo,3,0.29,0.0
A02405,Associado 2405,32,F,PR,Londrina,Agro,2018-07-15,Indicação,1,0,0,0,0,1,41,3520.61,0.0,7,5,7,5,2,0,Ativo,2,0.4,0.0
A02406,Associado 2406,51,M,PR,Curitiba,Pessoa Física,2020-12-04,Indicação,1,1,1,0,1,0,65,5669.91,23911.85,9,39,24,5,3,1,Ativo,4,0.6,0.33
A02407,Associado 2407,48,F,SC,Joinville,Pessoa Física,2025-04-26,Agência,0,1,1,0,0,0,12,0.0,6355.14,10,3,6,6,4,0,Ativo,2,0.67,0.0
A02408,Associado 2408,28,M,RS,Porto Alegre,Pessoa Física,2020-06-23,Digital,0,1,0,0,0,0,9,0.0,0.0,9,18,11,6,5,0,Ativo,1,0.83,0.0
A02409,Associado 2409,42,M,RJ,Rio de Janeiro,Agro,2024-02-05,Agência,1,0,0,0,0,1,3,1872.2,0.0,5,286,0,1,0,0,Churned,2,0.0,0.0
A02410,Associado 2410,33,M,SC,Joinville,Agro,2018-11-21,Digital,1,0,0,0,0,1,36,6850.04,2323.17,10,14,12,7,6,2,Ativo,2,0.86,0.33
A02411,Associado 2411,35,M,PR,Londrina,Pessoa Jurídica,2024-08-14,Agência,0,1,0,0,0,0,3,0.0,7536.64,4,231,1,10,2,0,Churned,1,0.2,0.0
A02412,Associado 2412,44,M,RS,Porto Alegre,Agro,2019-07-22,Digital,1,1,1,0,1,1,23,9909.31,0.0,10,10,8,3,1,1,Ativo,5,0.33,1.0
A02413,Associado 2413,34,M,SC,Joinville,Pessoa Física,2023-03-18,Agência,1,0,0,1,0,0,23,800.69,0.0,9,9,8,4,4,0,Ativo,2,1.0,0.0
A02414,Associado 2414,52,M,RS,Porto Alegre,Agro,2020-02-18,Agência,1,1,1,1,1,0,63,16938.01,0.0,9,47,18,6,5,0,Ativo,5,0.83,0.0
A02415,Associado 2415,53,M,SC,Florianópolis,Pessoa Física,2020-07-14,Agência,0,0,1,0,1,0,7,0.0,7793.24,10,3,5,5,2,0,Ativo,2,0.4,0.0
A02416,Associado 2416,47,M,RJ,Rio de Janeiro,Pessoa Física,2023-12-03,Campanha,1,1,1,0,0,0,29,1509.68,21340.39,10,5,7,11,1,0,Ativo,3,0.09,0.0
A02417,Associado 2417,40,F,SC,Joinville,Pessoa Física,2024-08-01,Digital,1,1,1,0,0,0,29,5796.23,9598.63,10,3,14,9,3,0,Ativo,3,0.33,0.0
A02418,Associado 2418,45,M,RS,Caxias do Sul,Pessoa Física,2023-12-03,Digital,0,0,0,0,0,0,0,0.0,0.0,6,232,1,3,0,0,Churned,0,0.0,0.0
A02419,Associado 2419,24,F,RS,Caxias do Sul,Pessoa Jurídica,2022-06-04,Digital,1,1,1,1,0,0,109,5224.34,0.0,8,9,32,2,2,0,Ativo,4,1.0,0.0
A02420,Associado 2420,52,F,SC,Joinville,Pessoa Física,2023-01-24,Digital,1,0,0,0,0,0,13,2127.45,40237.8,8,17,5,5,3,0,Ativo,1,0.6,0.0
A02421,Associado 2421,36,M,RS,Caxias do Sul,Agro,2023-04-28,Campanha,1,1,0,1,0,0,21,2346.25,0.0,5,21,7,10,2,0,Ativo,3,0.2,0.0
A02422,Associado 2422,39,F,RS,Porto Alegre,Pessoa Física,2024-06-28,Agência,1,1,0,0,0,0,23,16255.93,12066.45,4,15,3,9,3,0,Ativo,2,0.33,0.0
A02423,Associado 2423,49,F,SP,São Paulo,Pessoa Física,2018-02-11,Agência,1,0,0,0,0,0,20,6305.57,30893.74,10,9,5,5,2,0,Ativo,1,0.4,0.0
A02424,Associado 2424,43,F,SC,Florianópolis,Pessoa Física,2022-01-23,Campanha,0,0,1,1,0,1,8,0.0,0.0,10,17,3,7,2,1,Ativo,3,0.29,0.5
A02425,Associado 2425,50,F,RS,Caxias do Sul,Pessoa Jurídica,2019-07-28,Digital,1,0,0,1,0,0,12,13773.73,17433.3,10,103,3,4,1,0,Inativo,2,0.25,0.0
A02426,Associado 2426,59,M,MG,Belo Horizonte,Pessoa Jurídica,2022-12-26,Agência,1,1,0,1,1,0,69,16495.79,4985.2,10,0,8,8,3,0,Ativo,4,0.38,0.0
A02427,Associado 2427,31,F,RS,Porto Alegre,Pessoa Física,2022-01-13,Agência,1,1,0,0,0,0,1,1645.8,0.0,9,299,1,6,1,1,Churned,2,0.17,1.0
A02428,Associado 2428,39,M,RJ,Rio de Janeiro,Pessoa Física,2019-03-17,Agência,1,1,1,0,0,0,19,4145.43,0.0,5,4,6,5,1,0,Ativo,3,0.2,0.0
A02429,Associado 2429,25,F,RS,Porto Alegre,Pessoa Física,2021-04-27,Campanha,1,1,0,0,0,0,22,4327.99,0.0,7,4,3,7,2,1,Ativo,2,0.29,0.5
A02430,Associado 2430,32,F,MG,Belo Horizonte,Pessoa Jurídica,2024-05-21,Agência,1,0,1,0,0,0,33,7380.59,10903.43,10,10,5,2,0,0,Ativo,2,0.0,0.0
A02431,Associado 2431,53,F,PR,Londrina,Agro,2018-04-14,Campanha,1,0,0,0,1,1,32,3040.32,23035.38,10,2,2,6,1,0,Ativo,3,0.17,0.0
A02432,Associado 2432,53,M,SP,São Paulo,Pessoa Física,2019-07-23,Campanha,1,0,0,0,0,0,15,5362.86,0.0,4,4,5,9,3,1,Ativo,1,0.33,0.33
A02433,Associado 2433,18,M,RJ,Rio de Janeiro,Agro,2019-04-02,Digital,1,0,1,0,0,0,49,4152.08,8540.79,6,2,33,4,4,0,Ativo,2,1.0,0.0
A02434,Associado 2434,45,M,RS,Porto Alegre,Pessoa Física,2018-11-07,Agência,1,0,0,0,0,0,22,1909.51,51391.46,8,3,3,13,3,1,Ativo,1,0.23,0.33
A02435,Associado 2435,55,M,RJ,Rio de Janeiro,Pessoa Física,2023-03-23,Agência,1,1,0,0,0,0,11,2434.75,0.0,7,154,1,7,2,1,Inativo,2,0.29,0.5
A02436,Associado 2436,21,F,SC,Joinville,Agro,2022-09-04,Digital,1,1,0,0,0,1,29,30779.94,24857.84,10,34,12,3,2,0,Ativo,3,0.67,0.0
A02437,Associado 2437,37,M,SC,Florianópolis,Pessoa Física,2022-08-19,Digital,1,1,0,1,0,0,48,3121.8,0.0,10,2,23,7,5,0,Ativo,3,0.71,0.0
A02438,Associado 2438,32,F,RS,Porto Alegre,Pessoa Física,2019-02-11,Digital,1,0,1,0,0,0,31,1743.78,0.0,6,6,11,1,0,0,Ativo,2,0.0,0.0
A02439,Associado 2439,37,M,SC,Florianópolis,Pessoa Física,2019-08-04,Digital,1,0,0,0,0,0,18,3318.62,4020.34,5,27,12,4,2,0,Ativo,1,0.5,0.0
A02440,Associado 2440,52,F,RS,Porto Alegre,Pessoa Física,2023-07-09,Campanha,1,1,1,1,1,0,69,2101.35,2425.43,10,1,23,3,2,0,Ativo,5,0.67,0.0
A02441,Associado 2441,39,F,PR,Londrina,Pessoa Jurídica,2020-12-17,Digital,1,0,0,0,0,0,29,28616.6,3291.8,8,5,12,7,3,0,Ativo,1,0.43,0.0
A02442,Associado 2442,47,M,SC,Joinville,Pessoa Jurídica,2025-07-29,Indicação,1,1,0,0,0,0,42,23802.08,0.0,9,12,4,9,1,0,Ativo,2,0.11,0.0
A02443,Associado 2443,30,F,SP,São Paulo,Agro,2025-03-29,Campanha,1,1,0,0,0,0,42,29779.82,4109.98,10,9,12,2,2,0,Ativo,2,1.0,0.0
A02444,Associado 2444,47,F,SP,São Paulo,Pessoa Física,2023-02-04,Agência,0,1,1,1,0,0,14,0.0,12717.17,10,3,15,12,7,0,Ativo,3,0.58,0.0
A02445,Associado 2445,58,F,SC,Joinville,Pessoa Física,2018-07-06,Agência,0,1,0,0,0,0,11,0.0,0.0,10,8,4,10,2,0,Ativo,1,0.2,0.0
A02446,Associado 2446,40,F,RS,Porto Alegre,Pessoa Física,2022-06-11,Agência,0,0,1,0,0,0,13,0.0,0.0,8,11,5,7,1,0,Ativo,1,0.14,0.0
A02447,Associado 2447,62,F,RS,Porto Alegre,Pessoa Física,2024-11-16,Agência,1,1,1,0,1,0,25,2584.2,0.0,9,5,3,4,3,1,Ativo,4,0.75,0.33
A02448,Associado 2448,48,M,RS,Porto Alegre,Agro,2022-03-02,Digital,1,1,0,1,1,0,78,7024.08,0.0,8,23,22,3,2,0,Ativo,4,0.67,0.0
A02449,Associado 2449,70,M,RS,Caxias do Sul,Pessoa Jurídica,2024-07-05,Digital,1,1,0,0,0,0,60,7272.62,0.0,9,24,11,4,2,0,Ativo,2,0.5,0.0
A02450,Associado 2450,34,F,RS,Porto Alegre,Pessoa Física,2024-07-24,Digital,0,1,0,0,1,0,11,0.0,74066.42,7,11,22,8,6,1,Ativo,2,0.75,0.17
A02451,Associado 2451,38,F,RS,Caxias do Sul,Agro,2024-12-22,Campanha,1,0,0,0,0,0,29,10580.23,4773.4,7,18,5,4,1,0,Ativo,1,0.25,0.0
A02452,Associado 2452,59,M,RJ,Rio de Janeiro,Pessoa Jurídica,2023-03-06,Agência,1,0,0,0,1,0,31,6678.62,0.0,10,18,2,7,2,0,Ativo,2,0.29,0.0
A02453,Associado 2453,44,M,PR,Curitiba,Pessoa Física,2019-05-05,Digital,1,0,0,0,0,0,15,3474.18,0.0,10,7,8,9,4,1,Ativo,1,0.44,0.25
A02454,Associado 2454,48,M,RS,Porto Alegre,Pessoa Jurídica,2018-10-07,Agência,1,0,1,0,0,0,67,2927.12,1419.14,8,28,6,5,4,0,Ativo,2,0.8,0.0
A02455,Associado 2455,30,F,PR,Londrina,Pessoa Física,2020-05-04,Digital,1,1,1,0,0,0,54,7079.41,5971.27,8,27,29,6,6,1,Ativo,3,1.0,0.17
A02456,Associado 2456,29,F,RS,Caxias do Sul,Pessoa Física,2023-02-02,Digital,1,0,0,0,0,0,21,1164.41,0.0,5,18,5,9,2,1,Ativo,1,0.22,0.5
A02457,Associado 2457,62,M,SC,Florianópolis,Pessoa Física,2021-04-02,Campanha,1,1,1,0,0,0,50,7394.11,33669.35,6,4,14,7,4,2,Ativo,3,0.57,0.5
A02458,Associado 2458,32,M,PR,Curitiba,Pessoa Física,2020-10-01,Digital,1,1,0,0,0,0,39,4067.12,0.0,9,9,21,3,3,1,Ativo,2,1.0,0.33
A02459,Associado 2459,63,M,SC,Joinville,Pessoa Física,2019-02-02,Agência,1,1,0,0,0,0,37,3165.76,11652.54,10,7,5,5,2,0,Ativo,2,0.4,0.0
A02460,Associado 2460,50,F,SC,Joinville,Pessoa Física,2019-03-04,Digital,1,1,0,1,1,0,35,2168.63,4407.36,8,8,11,1,1,0,Ativo,4,1.0,0.0
A02461,Associado 2461,58,F,RJ,Rio de Janeiro,Pessoa Física,2019-01-10,Agência,1,1,0,0,1,0,7,4090.47,0.0,7,138,3,7,2,0,Inativo,3,0.29,0.0
A02462,Associado 2462,45,F,MG,Belo Horizonte,Pessoa Jurídica,2019-09-24,Agência,1,1,0,0,1,0,50,4464.99,0.0,8,32,8,5,2,1,Ativo,3,0.4,0.5
A02463,Associado 2463,36,M,PR,Curitiba,Agro,2019-11-28,Digital,1,1,1,0,1,0,54,10852.05,12044.56,7,10,12,4,2,1,Ativo,4,0.5,0.5
A02464,Associado 2464,59,F,PR,Londrina,Pessoa Jurídica,2021-12-17,Agência,1,1,0,0,0,0,56,10467.68,11127.37,9,40,3,6,1,0,Ativo,2,0.17,0.0
A02465,Associado 2465,43,M,PR,Curitiba,Pessoa Física,2020-07-16,Digital,1,1,0,0,0,0,27,3037.51,12139.59,7,37,13,5,2,0,Ativo,2,0.4,0.0
A02466,Associado 2466,28,M,RS,Porto Alegre,Pessoa Física,2023-06-11,Digital,1,0,0,0,1,0,21,970.21,0.0,8,7,7,4,2,1,Ativo,2,0.5,0.5
A02467,Associado 2467,41,M,SC,Joinville,Pessoa Física,2023-07-21,Digital,1,1,1,0,0,0,17,732.81,33836.81,3,103,6,5,1,0,Inativo,3,0.2,0.0
A02468,Associado 2468,46,F,RS,Porto Alegre,Pessoa Física,2022-07-24,Agência,1,1,0,0,0,0,13,2403.19,0.0,8,155,1,4,1,0,Inativo,2,0.25,0.0
A02469,Associado 2469,57,F,SC,Florianópolis,Pessoa Física,2018-03-19,Campanha,1,0,0,0,0,0,6,1926.04,6778.13,9,133,0,7,2,0,Inativo,1,0.29,0.0
A02470,Associado 2470,22,F,SC,Joinville,Pessoa Jurídica,2019-05-03,Digital,1,0,0,0,0,0,34,10729.53,0.0,8,25,10,3,2,0,Ativo,1,0.67,0.0
A02471,Associado 2471,49,F,RS,Porto Alegre,Pessoa Jurídica,2020-11-27,Indicação,1,0,0,0,0,0,33,6581.21,5178.33,9,4,5,5,1,0,Ativo,1,0.2,0.0
A02472,Associado 2472,40,F,RJ,Rio de Janeiro,Pessoa Jurídica,2025-02-27,Digital,1,0,0,0,0,0,24,15446.66,0.0,5,2,4,5,1,0,Ativo,1,0.2,0.0
A02473,Associado 2473,30,F,MG,Belo Horizonte,Pessoa Física,2025-02-18,Digital,1,0,0,0,0,0,33,2193.18,0.0,7,31,19,7,7,1,Ativo,1,1.0,0.14
A02474,Associado 2474,35,M,SP,São Paulo,Pessoa Física,2018-06-20,Digital,1,1,0,0,0,0,23,377.25,0.0,9,19,10,6,2,0,Ativo,2,0.33,0.0
A02475,Associado 2475,48,M,SC,Florianópolis,Pessoa Jurídica,2019-10-04,Digital,1,0,0,0,0,0,20,8177.03,0.0,2,111,5,4,1,0,Inativo,1,0.25,0.0
A02476,Associado 2476,44,F,MG,Belo Horizonte,Pessoa Física,2022-08-27,Agência,1,1,0,0,0,0,36,2877.09,16516.06,8,3,5,10,5,1,Ativo,2,0.5,0.2
A02477,Associado 2477,51,F,RS,Caxias do Sul,Pessoa Física,2022-05-25,Digital,1,0,1,0,0,0,3,3488.36,0.0,6,216,0,9,1,0,Churned,2,0.11,0.0
A02478,Associado 2478,47,F,SP,São Paulo,Pessoa Física,2018-10-19,Campanha,1,1,0,0,0,0,9,2824.14,6671.4,6,148,2,4,3,1,Inativo,2,0.75,0.33
A02479,Associado 2479,23,M,RS,Caxias do Sul,Pessoa Física,2023-04-26,Indicação,1,0,0,0,0,0,4,639.09,32471.07,6,103,0,7,4,0,Churned,1,0.57,0.0
A02480,Associado 2480,39,F,SP,São Paulo,Pessoa Física,2019-08-04,Agência,1,1,1,0,0,0,27,6779.14,8193.52,6,2,10,5,2,1,Ativo,3,0.4,0.5
A02481,Associado 2481,32,M,RS,Porto Alegre,Pessoa Jurídica,2019-02-26,Digital,1,1,1,0,0,0,32,5095.17,0.0,7,42,6,10,4,1,Ativo,3,0.4,0.25
A02482,Associado 2482,25,F,MG,Belo Horizonte,Agro,2018-04-15,Campanha,1,1,1,0,0,1,54,17153.89,0.0,9,38,12,8,5,2,Ativo,4,0.62,0.4
A02483,Associado 2483,49,M,MG,Belo Horizonte,Pessoa Física,2025-02-26,Indicação,1,0,0,1,0,0,21,2289.25,7208.75,7,2,3,6,2,1,Ativo,2,0.33,0.5
A02484,Associado 2484,18,M,RS,Porto Alegre,Pessoa Física,2021-11-30,Agência,0,1,0,0,0,0,5,0.0,1634.07,8,42,2,7,1,0,Inativo,1,0.14,0.0
A02485,Associado 2485,62,F,SC,Joinville,Pessoa Jurídica,2020-05-29,Campanha,1,1,0,0,1,0,33,21216.93,101535.75,10,6,3,8,3,0,Ativo,3,0.38,0.0
A02486,Associado 2486,37,M,RJ,Rio de Janeiro,Pessoa Física,2022-01-22,Digital,1,1,0,0,0,0,42,5302.62,0.0,10,4,22,9,7,0,Ativo,2,0.78,0.0
A02487,Associado 2487,31,M,SC,Florianópolis,Pessoa Física,2024-04-14,Digital,1,0,0,0,0,0,17,1194.69,0.0,7,7,15,8,4,0,Ativo,1,0.5,0.0
A02488,Associado 2488,27,M,MG,Belo Horizonte,Pessoa Física,2024-06-14,Digital,1,1,0,0,0,0,11,922.45,0.0,7,153,2,4,3,0,Inativo,2,0.75,0.0
A02489,Associado 2489,41,M,PR,Curitiba,Pessoa Física,2021-02-03,Campanha,1,1,0,0,0,0,35,22103.19,0.0,6,1,10,4,1,0,Ativo,2,0.25,0.0
A02490,Associado 2490,49,F,SC,Florianópolis,Pessoa Jurídica,2023-02-28,Campanha,1,0,0,0,0,0,33,8696.92,14093.47,9,37,4,5,1,0,Ativo,1,0.2,0.0
A02491,Associado 2491,46,M,RS,Caxias do Sul,Pessoa Jurídica,2018-11-11,Campanha,1,0,0,0,0,0,26,13105.93,0.0,8,22,3,7,0,0,Ativo,1,0.0,0.0
A02492,Associado 2492,40,M,RS,Caxias do Sul,Pessoa Física,2019-09-01,Agência,1,1,0,0,0,0,21,3696.89,830.84,10,12,5,10,1,0,Ativo,2,0.1,0.0
A02493,Associado 2493,50,M,SP,São Paulo,Pessoa Física,2025-01-30,Campanha,1,1,0,1,1,0,29,7247.76,0.0,9,7,9,9,6,0,Ativo,4,0.67,0.0
A02494,Associado 2494,55,F,SC,Joinville,Pessoa Física,2023-10-21,Agência,1,0,0,0,0,0,4,1202.59,0.0,5,77,1,4,0,0,Inativo,1,0.0,0.0
A02495,Associado 2495,44,F,SC,Florianópolis,Pessoa Física,2019-01-13,Agência,1,0,0,0,0,0,0,3202.25,27943.65,5,174,0,9,2,0,Churned,1,0.22,0.0
A02496,Associado 2496,44,M,SC,Florianópolis,Agro,2022-02-28,Digital,1,1,1,0,1,0,33,2312.91,0.0,8,10,9,6,3,0,Ativo,4,0.5,0.0
A02497,Associado 2497,36,F,PR,Curitiba,Pessoa Jurídica,2018-05-14,Digital,1,1,0,0,0,0,23,4970.8,0.0,8,6,10,4,1,0,Ativo,2,0.25,0.0
A02498,Associado 2498,32,F,MG,Belo Horizonte,Pessoa Física,2022-12-22,Digital,1,1,1,1,0,0,40,3007.78,7290.77,10,0,13,9,6,0,Ativo,4,0.67,0.0
A02499,Associado 2499,33,F,RJ,Rio de Janeiro,Pessoa Jurídica,2019-01-28,Digital,1,1,1,0,1,0,115,52078.31,0.0,10,9,36,6,6,1,Ativo,4,1.0,0.17
A02500,Associado 2500,31,F,SC,Florianópolis,Pessoa Jurídica,2019-02-19,Campanha,1,0,0,0,0,0,15,13338.66,0.0,7,93,1,5,0,0,Inativo,1,0.0,0.0
A02501,Associado 2501,54,F,SP,São Paulo,Pessoa Jurídica,2024-09-16,Agência,1,1,1,0,1,0,75,1592.53,0.0,10,0,8,9,5,0,Ativo,4,0.56,0.0
A02502,Associado 2502,45,F,SP,São Paulo,Pessoa Física,2021-02-10,Agência,1,1,0,0,1,0,27,2609.41,0.0,7,1,2,6,2,0,Ativo,3,0.33,0.0
A02503,Associado 2503,47,F,PR,Londrina,Pessoa Física,2023-10-14,Campanha,1,0,1,0,0,0,16,2724.02,0.0,9,10,4,6,3,0,Ativo,2,0.5,0.0
A02504,Associado 2504,54,M,RJ,Rio de Janeiro,Pessoa Jurídica,2022-10-18,Agência,1,1,1,1,1,0,84,66396.63,29521.43,9,10,6,7,5,0,Ativo,5,0.71,0.0
A02505,Associado 2505,43,M,RS,Porto Alegre,Pessoa Física,2020-05-15,Digital,0,1,0,0,1,0,20,0.0,2543.47,4,15,17,5,3,1,Ativo,2,0.6,0.33
A02506,Associado 2506,50,M,RS,Porto Alegre,Agro,2024-09-14,Indicação,1,1,0,1,0,0,55,1379.62,6436.54,8,5,12,5,3,1,Ativo,3,0.6,0.33
A02507,Associado 2507,36,F,MG,Belo Horizonte,Pessoa Jurídica,2018-10-17,Digital,1,1,1,0,1,0,110,30731.18,15899.17,9,18,33,1,1,0,Ativo,4,1.0,0.0
A02508,Associado 2508,44,M,SC,Joinville,Agro,2022-02-15,Indicação,1,1,0,1,0,0,32,1935.28,0.0,8,16,5,8,1,0,Ativo,3,0.12,0.0
A02509,Associado 2509,35,F,SP,São Paulo,Pessoa Física,2023-04-17,Agência,1,1,0,0,0,0,35,1030.77,22074.62,8,2,10,7,2,0,Ativo,2,0.29,0.0
A02510,Associado 2510,53,F,MG,Belo Horizonte,Agro,2021-08-31,Campanha,1,0,0,0,0,0,4,8040.9,28221.23,10,102,2,8,2,0,Inativo,1,0.25,0.0
A02511,Associado 2511,54,M,RS,Porto Alegre,Pessoa Física,2025-09-07,Agência,1,1,0,0,0,0,14,3789.52,7391.76,8,16,3,4,1,0,Ativo,2,0.25,0.0
A02512,Associado 2512,23,M,MG,Belo Horizonte,Agro,2025-06-01,Digital,1,0,0,0,0,1,32,6151.66,0.0,9,1,19,5,3,0,Ativo,2,0.6,0.0
A02513,Associado 2513,33,M,SC,Florianópolis,Pessoa Física,2024-08-01,Agência,1,1,0,0,0,0,29,1869.72,0.0,10,12,12,2,1,0,Ativo,2,0.5,0.0
A02514,Associado 2514,34,M,SC,Joinville,Pessoa Física,2020-05-27,Digital,0,0,0,0,0,0,1,0.0,0.0,5,259,1,9,3,0,Churned,0,0.33,0.0
A02515,Associado 2515,45,F,PR,Londrina,Pessoa Jurídica,2023-06-08,Indicação,1,1,1,0,1,0,85,14163.01,0.0,10,24,15,3,2,0,Ativo,4,0.67,0.0
A02516,Associado 2516,54,M,MG,Belo Horizonte,Pessoa Física,2020-01-22,Campanha,1,1,1,0,0,0,37,6148.09,37010.77,10,5,10,5,3,1,Ativo,3,0.6,0.33
A02517,Associado 2517,27,M,RS,Caxias do Sul,Pessoa Física,2020-01-19,Indicação,1,0,0,1,0,0,11,3201.65,0.0,6,108,2,3,0,0,Inativo,2,0.0,0.0
A02518,Associado 2518,31,F,SC,Florianópolis,Agro,2018-12-31,Digital,1,1,1,1,0,0,60,17377.78,5594.86,7,4,38,4,4,1,Ativo,4,1.0,0.25
A02519,Associado 2519,41,F,PR,Curitiba,Pessoa Física,2018-09-24,Campanha,1,1,1,1,0,0,40,3600.66,3002.11,10,1,15,1,1,0,Ativo,4,1.0,0.0
A02520,Associado 2520,46,F,SP,São Paulo,Pessoa Jurídica,2019-02-10,Digital,1,0,0,0,1,0,39,7835.23,57514.87,8,10,9,8,4,0,Ativo,2,0.5,0.0
A02521,Associado 2521,32,F,PR,Londrina,Pessoa Física,2018-05-19,Digital,1,0,0,0,0,0,19,1174.69,0.0,9,20,5,4,1,0,Ativo,1,0.25,0.0
A02522,Associado 2522,29,F,RS,Porto Alegre,Pessoa Jurídica,2021-04-03,Digital,1,1,1,0,0,0,20,10459.18,0.0,9,103,5,7,0,0,Inativo,3,0.0,0.0
A02523,Associado 2523,30,M,RS,Caxias do Sul,Pessoa Jurídica,2022-12-23,Digital,1,1,1,0,0,1,87,11650.41,0.0,3,0,25,4,4,0,Ativo,4,1.0,0.0
A02524,Associado 2524,34,M,SC,Florianópolis,Pessoa Física,2022-09-17,Indicação,0,0,0,0,0,0,11,0.0,0.0,7,4,10,5,2,0,Ativo,0,0.4,0.0
A02525,Associado 2525,45,F,SP,São Paulo,Pessoa Física,2025-06-06,Agência,1,1,1,0,1,0,32,1821.0,0.0,9,23,10,4,4,0,Ativo,4,1.0,0.0
A02526,Associado 2526,48,M,RS,Porto Alegre,Pessoa Física,2024-02-11,Digital,1,0,1,0,0,0,59,1288.42,14201.37,4,4,18,8,4,0,Ativo,2,0.5,0.0
A02527,Associado 2527,52,F,RS,Porto Alegre,Pessoa Física,2021-12-04,Indicação,1,1,0,0,0,0,10,4052.75,9059.97,9,128,1,4,2,0,Inativo,2,0.5,0.0
A02528,Associado 2528,35,M,RJ,Rio de Janeiro,Pessoa Física,2020-05-20,Campanha,1,0,0,0,0,0,2,1209.74,0.0,4,323,0,5,1,0,Churned,1,0.2,0.0
A02529,Associado 2529,47,M,RS,Porto Alegre,Pessoa Jurídica,2019-12-04,Campanha,1,0,0,0,0,0,2,3923.5,5241.08,8,268,0,4,2,0,Churned,1,0.5,0.0
A02530,Associado 2530,20,M,RJ,Rio de Janeiro,Pessoa Física,2022-08-26,Digital,1,1,1,1,1,0,57,6255.69,17657.94,9,21,31,3,3,0,Ativo,5,1.0,0.0
A02531,Associado 2531,32,M,PR,Curitiba,Pessoa Física,2018-07-20,Digital,1,1,0,0,0,0,29,1882.65,0.0,8,13,20,7,5,1,Ativo,2,0.71,0.2
A02532,Associado 2532,19,M,SP,São Paulo,Pessoa Jurídica,2019-09-10,Digital,1,1,0,0,0,0,59,9295.86,3948.47,5,0,17,2,0,0,Ativo,2,0.0,0.0
A02533,Associado 2533,38,F,RS,Caxias do Sul,Pessoa Física,2023-07-07,Digital,1,1,0,1,0,0,24,1101.42,3164.31,10,3,16,11,7,0,Ativo,3,0.64,0.0
A02534,Associado 2534,41,M,RS,Caxias do Sul,Pessoa Física,2024-03-17,Campanha,1,1,1,1,1,0,45,4093.23,0.0,10,5,15,12,6,0,Ativo,5,0.5,0.0
A02535,Associado 2535,43,M,SP,São Paulo,Pessoa Física,2020-05-06,Campanha,0,0,0,0,0,0,2,0.0,11509.01,8,190,0,6,1,0,Churned,0,0.17,0.0
A02536,Associado 2536,29,M,SP,São Paulo,Pessoa Física,2022-10-19,Campanha,1,1,0,0,0,0,1,8167.26,4366.52,7,194,2,2,0,0,Churned,2,0.0,0.0
A02537,Associado 2537,63,M,SP,São Paulo,Pessoa Jurídica,2023-07-03,Agência,1,0,0,0,1,0,30,4682.89,40952.32,10,2,4,4,0,0,Ativo,2,0.0,0.0
A02538,Associado 2538,54,F,RS,Porto Alegre,Pessoa Jurídica,2018-03-05,Campanha,1,0,0,0,0,0,22,20832.2,18481.11,9,2,0,3,1,0,Ativo,1,0.33,0.0
A02539,Associado 2539,54,F,SP,São Paulo,Pessoa Física,2021-01-24,Campanha,1,1,0,1,1,0,35,3149.9,1744.65,9,22,8,6,2,0,Ativo,4,0.33,0.0
A02540,Associado 2540,34,F,SP,São Paulo,Pessoa Física,2025-01-31,Digital,1,0,0,0,0,0,25,2451.38,0.0,7,21,8,3,2,2,Ativo,1,0.67,1.0
A02541,Associado 2541,33,M,PR,Curitiba,Pessoa Física,2025-01-01,Digital,1,1,1,0,0,0,43,1921.52,10292.59,6,14,19,2,2,1,Ativo,3,1.0,0.5
A02542,Associado 2542,42,F,SP,São Paulo,Pessoa Física,2021-09-25,Indicação,1,0,0,0,1,0,0,1415.71,0.0,9,193,0,7,3,0,Churned,2,0.43,0.0
A02543,Associado 2543,49,F,SP,São Paulo,Agro,2022-09-08,Digital,0,0,0,0,0,1,1,0.0,4568.24,8,97,2,5,1,0,Inativo,1,0.2,0.0
A02544,Associado 2544,57,F,PR,Londrina,Pessoa Física,2018-09-08,Campanha,1,1,1,0,1,0,37,1737.49,22128.9,10,2,12,5,2,0,Ativo,4,0.4,0.0
A02545,Associado 2545,42,F,RS,Caxias do Sul,Pessoa Física,2022-09-26,Digital,1,1,0,0,0,0,33,1765.55,0.0,10,7,19,6,5,0,Ativo,2,0.83,0.0
A02546,Associado 2546,71,M,SC,Florianópolis,Pessoa Física,2018-02-08,Indicação,1,0,0,0,1,0,21,3816.18,23261.55,8,2,5,9,2,0,Ativo,2,0.22,0.0
A02547,Associado 2547,33,M,RS,Porto Alegre,Pessoa Jurídica,2018-03-10,Indicação,1,1,0,0,0,0,48,4108.63,0.0,8,10,6,5,1,0,Ativo,2,0.2,0.0
A02548,Associado 2548,36,M,SC,Florianópolis,Pessoa Jurídica,2018-10-04,Digital,1,1,1,0,0,0,54,1741.68,12212.74,10,1,12,5,4,1,Ativo,3,0.8,0.25
A02549,Associado 2549,62,M,SC,Florianópolis,Pessoa Jurídica,2021-01-14,Campanha,1,1,0,0,1,0,27,11020.24,0.0,10,79,5,8,3,0,Inativo,3,0.38,0.0
A02550,Associado 2550,31,F,RS,Porto Alegre,Agro,2024-02-03,Digital,1,1,0,0,0,1,34,4540.18,0.0,9,1,11,8,4,2,Ativo,3,0.5,0.5
A02551,Associado 2551,28,M,RS,Porto Alegre,Pessoa Física,2025-04-07,Digital,1,1,1,1,0,0,0,5083.71,839.55,10,276,0,6,1,1,Churned,4,0.17,1.0
A02552,Associado 2552,24,M,RS,Porto Alegre,Pessoa Física,2021-01-20,Agência,1,0,0,0,0,0,2,827.15,0.0,8,191,0,7,1,0,Churned,1,0.14,0.0
A02553,Associado 2553,33,M,SP,São Paulo,Pessoa Física,2021-12-14,Digital,1,0,1,0,0,0,17,16237.45,4213.44,7,6,10,5,1,0,Ativo,2,0.2,0.0
A02554,Associado 2554,46,F,MG,Belo Horizonte,Pessoa Jurídica,2023-10-30,Indicação,1,0,0,0,0,0,17,5816.37,532.19,7,16,2,9,0,0,Ativo,1,0.0,0.0
A02555,Associado 2555,37,F,RS,Porto Alegre,Pessoa Jurídica,2018-12-07,Campanha,0,0,0,0,0,0,11,0.0,0.0,8,0,3,3,1,0,Ativo,0,0.33,0.0
A02556,Associado 2556,49,F,RJ,Rio de Janeiro,Pessoa Física,2019-02-25,Agência,0,0,0,0,0,0,3,0.0,0.0,6,191,0,7,3,0,Churned,0,0.43,0.0
A02557,Associado 2557,29,M,SC,Florianópolis,Pessoa Jurídica,2024-03-25,Digital,1,1,0,0,0,1,34,3149.92,0.0,10,3,7,7,4,0,Ativo,3,0.57,0.0
A02558,Associado 2558,48,M,RS,Caxias do Sul,Pessoa Jurídica,2023-04-03,Agência,1,1,0,0,1,0,41,5202.47,6405.73,10,3,1,9,1,0,Ativo,3,0.11,0.0
A02559,Associado 2559,43,M,RS,Porto Alegre,Agro,2019-04-18,Indicação,0,1,0,0,1,1,5,0.0,0.0,5,109,2,8,1,1,Inativo,3,0.12,1.0
A02560,Associado 2560,65,M,SC,Joinville,Pessoa Física,2023-11-06,Campanha,1,0,0,0,0,0,0,3645.9,19819.07,7,202,0,4,1,0,Churned,1,0.25,0.0
A02561,Associado 2561,40,F,SP,São Paulo,Pessoa Jurídica,2023-01-08,Digital,1,1,0,0,1,0,81,14628.19,12152.74,10,4,19,4,2,0,Ativo,3,0.5,0.0
A02562,Associado 2562,39,M,SP,São Paulo,Pessoa Física,2024-02-16,Digital,1,1,0,0,0,0,32,2472.44,29671.02,6,16,14,6,4,0,Ativo,2,0.67,0.0
A02563,Associado 2563,18,F,RS,Caxias do Sul,Pessoa Jurídica,2020-05-16,Digital,1,1,1,0,0,1,40,3856.79,0.0,9,8,12,4,2,0,Ativo,4,0.5,0.0
A02564,Associado 2564,50,F,RS,Porto Alegre,Agro,2022-07-28,Agência,1,1,1,0,0,1,60,10912.01,0.0,10,11,5,6,2,0,Ativo,4,0.33,0.0
A02565,Associado 2565,45,M,SC,Joinville,Pessoa Física,2020-09-07,Indicação,0,0,0,1,0,0,0,0.0,0.0,9,173,0,8,1,0,Churned,1,0.12,0.0
A02566,Associado 2566,26,F,RS,Caxias do Sul,Pessoa Jurídica,2023-12-24,Digital,1,0,0,0,0,0,1,19853.77,0.0,10,199,0,5,0,0,Churned,1,0.0,0.0
A02567,Associado 2567,47,M,RS,Porto Alegre,Pessoa Jurídica,2023-09-19,Indicação,1,1,0,0,0,0,81,19956.31,11655.92,8,10,8,5,2,1,Ativo,2,0.4,0.5
A02568,Associado 2568,35,M,RS,Porto Alegre,Pessoa Física,2018-09-13,Campanha,1,1,1,0,0,0,48,7056.9,0.0,8,8,20,11,6,0,Ativo,3,0.55,0.0
A02569,Associado 2569,34,M,SP,São Paulo,Pessoa Física,2022-06-09,Indicação,0,0,1,0,0,0,3,0.0,0.0,8,99,0,3,1,1,Inativo,1,0.33,1.0
A02570,Associado 2570,51,M,MG,Belo Horizonte,Pessoa Física,2021-12-14,Indicação,1,1,1,0,1,0,69,1430.61,38345.54,10,9,9,7,2,1,Ativo,4,0.29,0.5
A02571,Associado 2571,35,F,SC,Florianópolis,Agro,2019-06-23,Campanha,1,0,0,0,0,0,36,9432.07,2979.49,10,10,4,6,3,1,Ativo,1,0.5,0.33
A02572,Associado 2572,45,F,MG,Belo Horizonte,Pessoa Jurídica,2022-11-01,Campanha,1,0,0,0,1,0,45,7368.45,0.0,5,6,4,2,0,0,Ativo,2,0.0,0.0
A02573,Associado 2573,34,M,RS,Porto Alegre,Pessoa Física,2022-12-29,Digital,1,1,0,0,0,0,38,5913.02,0.0,8,23,16,9,7,0,Ativo,2,0.78,0.0
A02574,Associado 2574,50,F,SC,Florianópolis,Pessoa Física,2020-05-07,Agência,0,0,0,0,0,0,0,0.0,22398.84,9,327,0,3,0,0,Churned,0,0.0,0.0
A02575,Associado 2575,34,F,RS,Porto Alegre,Pessoa Física,2018-05-12,Digital,1,0,0,0,1,0,26,8101.2,0.0,10,0,13,7,3,0,Ativo,2,0.43,0.0
A02576,Associado 2576,63,F,PR,Curitiba,Pessoa Física,2022-06-15,Indicação,1,0,0,0,0,0,0,778.37,0.0,8,123,1,6,1,0,Churned,1,0.17,0.0
A02577,Associado 2577,53,M,RJ,Rio de Janeiro,Pessoa Física,2020-01-11,Agência,1,0,0,0,0,0,1,1243.51,4641.17,7,135,0,7,4,1,Churned,1,0.57,0.25
A02578,Associado 2578,58,M,PR,Curitiba,Pessoa Física,2025-01-30,Agência,0,1,0,0,0,0,0,0.0,0.0,6,199,1,5,1,0,Churned,1,0.2,0.0
A02579,Associado 2579,19,M,SC,Joinville,Pessoa Física,2023-07-25,Agência,1,1,1,1,0,0,4,3651.86,0.0,10,177,0,3,0,0,Churned,4,0.0,0.0
A02580,Associado 2580,50,F,PR,Curitiba,Pessoa Física,2023-04-10,Indicação,1,1,0,0,0,0,44,4232.31,13982.72,8,9,14,6,4,1,Ativo,2,0.67,0.25
A02581,Associado 2581,48,M,RS,Caxias do Sul,Pessoa Jurídica,2023-06-25,Digital,1,1,0,0,0,0,76,6561.35,836.8,7,13,13,5,2,0,Ativo,2,0.4,0.0
A02582,Associado 2582,40,M,MG,Belo Horizonte,Agro,2018-10-09,Digital,0,0,0,0,0,1,5,0.0,2738.4,10,2,8,5,1,0,Ativo,1,0.2,0.0
A02583,Associado 2583,28,M,SC,Florianópolis,Pessoa Jurídica,2024-12-14,Agência,1,1,1,1,0,0,131,4572.45,13927.48,9,31,15,9,5,1,Ativo,4,0.56,0.2
A02584,Associado 2584,60,M,SC,Florianópolis,Pessoa Jurídica,2024-05-16,Indicação,1,1,0,0,1,0,34,35907.6,5929.74,10,49,2,8,4,1,Inativo,3,0.5,0.25
A02585,Associado 2585,42,M,PR,Londrina,Pessoa Física,2021-10-30,Digital,1,1,0,0,1,0,8,3723.15,7661.99,10,134,2,4,2,0,Inativo,3,0.5,0.0
A02586,Associado 2586,22,M,PR,Curitiba,Pessoa Física,2020-06-27,Agência,1,1,0,0,0,0,55,4534.06,0.0,6,3,11,4,3,2,Ativo,2,0.75,0.67
A02587,Associado 2587,52,F,RS,Porto Alegre,Pessoa Física,2019-10-28,Indicação,1,0,0,0,0,0,19,1014.9,51827.72,8,4,4,5,2,1,Ativo,1,0.4,0.5
A02588,Associado 2588,37,M,PR,Londrina,Pessoa Jurídica,2021-08-15,Digital,0,1,1,0,0,0,32,0.0,20491.1,10,3,20,7,5,1,Ativo,2,0.71,0.2
A02589,Associado 2589,18,F,RS,Caxias do Sul,Agro,2025-02-15,Digital,1,0,0,0,0,0,1,12552.24,85862.48,7,151,1,6,0,0,Churned,1,0.0,0.0
A02590,Associado 2590,25,M,SP,São Paulo,Pessoa Jurídica,2021-09-07,Digital,1,1,1,0,1,0,39,14907.06,2133.63,9,7,16,5,5,1,Ativo,4,1.0,0.2
A02591,Associado 2591,54,F,SP,São Paulo,Agro,2021-02-07,Agência,1,1,1,0,0,1,59,6272.16,18335.45,10,4,5,11,3,0,Ativo,4,0.27,0.0
A02592,Associado 2592,39,F,SP,São Paulo,Pessoa Jurídica,2022-07-05,Indicação,1,0,0,0,0,0,33,4088.88,0.0,10,8,2,4,1,0,Ativo,1,0.25,0.0
A02593,Associado 2593,43,F,PR,Londrina,Pessoa Física,2019-04-16,Agência,1,0,1,0,0,0,5,4022.92,4004.1,4,226,0,7,2,0,Churned,2,0.29,0.0
A02594,Associado 2594,56,M,SC,Joinville,Pessoa Física,2019-02-16,Agência,1,0,0,0,0,0,19,1912.83,24842.24,7,6,6,4,2,2,Ativo,1,0.5,1.0
A02595,Associado 2595,67,M,RS,Porto Alegre,Pessoa Física,2019-05-28,Indicação,1,0,0,0,0,0,2,5861.28,19917.96,8,282,1,6,1,0,Churned,1,0.17,0.0
A02596,Associado 2596,52,F,SP,São Paulo,Pessoa Física,2022-02-12,Indicação,1,0,0,0,1,0,8,2637.51,10783.5,8,113,0,10,1,0,Inativo,2,0.1,0.0
A02597,Associado 2597,48,F,RS,Porto Alegre,Pessoa Jurídica,2021-03-09,Agência,1,1,1,0,1,0,86,12614.75,11296.99,10,19,15,7,4,0,Ativo,4,0.57,0.0
A02598,Associado 2598,40,M,SC,Joinville,Pessoa Física,2025-06-30,Agência,0,0,0,0,0,0,0,0.0,0.0,7,254,0,3,1,0,Churned,0,0.33,0.0
A02599,Associado 2599,34,M,RS,Porto Alegre,Pessoa Física,2023-10-09,Indicação,1,1,1,0,0,0,32,2379.21,0.0,8,8,14,4,3,0,Ativo,3,0.75,0.0
A02600,Associado 2600,59,M,RS,Caxias do Sul,Pessoa Física,2021-04-21,Indicação,1,0,1,1,0,0,36,1638.05,43051.18,9,16,8,7,5,1,Ativo,3,0.71,0.2
A02601,Associado 2601,23,F,PR,Curitiba,Pessoa Física,2019-02-23,Digital,1,1,0,0,0,0,29,3160.12,4880.06,10,4,15,6,2,0,Ativo,2,0.33,0.0
A02602,Associado 2602,60,F,RS,Caxias do Sul,Pessoa Física,2020-08-14,Indicação,0,1,0,0,0,0,1,0.0,32858.98,7,193,0,5,2,0,Churned,1,0.4,0.0
A02603,Associado 2603,42,F,SP,São Paulo,Pessoa Física,2022-12-23,Agência,1,0,0,0,0,0,3,1896.81,0.0,8,129,0,3,0,0,Churned,1,0.0,0.0
A02604,Associado 2604,29,F,RS,Porto Alegre,Pessoa Física,2020-04-04,Digital,1,1,0,0,0,0,19,3268.89,0.0,10,6,14,5,3,0,Ativo,2,0.6,0.0
A02605,Associado 2605,51,F,RS,Porto Alegre,Pessoa Jurídica,2020-06-26,Agência,1,1,1,0,0,0,57,17963.76,18726.71,9,1,8,5,3,0,Ativo,3,0.6,0.0
A02606,Associado 2606,31,M,SC,Joinville,Pessoa Física,2020-01-03,Digital,0,0,0,0,0,0,0,0.0,2213.91,8,208,1,6,1,0,Churned,0,0.17,0.0
A02607,Associado 2607,32,F,RS,Porto Alegre,Pessoa Jurídica,2023-04-09,Agência,1,1,1,0,0,0,45,35290.48,9729.45,8,1,3,7,0,0,Ativo,3,0.0,0.0
A02608,Associado 2608,33,F,RS,Caxias do Sul,Agro,2019-01-26,Digital,1,0,0,0,0,1,14,4232.71,3392.81,10,16,3,7,2,0,Ativo,2,0.29,0.0
A02609,Associado 2609,40,M,SP,São Paulo,Agro,2025-08-15,Digital,0,1,0,0,0,1,2,0.0,10578.52,7,190,1,6,1,0,Churned,2,0.17,0.0
A02610,Associado 2610,23,M,RS,Caxias do Sul,Agro,2022-05-07,Digital,1,1,0,0,0,1,69,11441.1,8635.07,7,9,16,5,4,0,Ativo,3,0.8,0.0
A02611,Associado 2611,56,M,SP,São Paulo,Pessoa Física,2019-10-23,Agência,1,1,0,0,1,0,43,11408.62,0.0,10,8,9,3,1,0,Ativo,3,0.33,0.0
A02612,Associado 2612,23,F,RS,Porto Alegre,Pessoa Física,2018-01-27,Digital,1,0,0,0,0,0,23,1174.16,0.0,7,8,11,8,4,2,Ativo,1,0.5,0.5
A02613,Associado 2613,34,M,RS,Porto Alegre,Pessoa Física,2025-04-24,Indicação,1,1,1,0,0,0,39,2698.34,3524.81,7,9,7,7,4,1,Ativo,3,0.57,0.25
A02614,Associado 2614,38,F,SP,São Paulo,Pessoa Física,2022-03-12,Digital,1,0,0,0,1,0,25,2550.89,8785.79,9,6,8,5,2,0,Ativo,2,0.4,0.0
A02615,Associado 2615,36,M,RS,Porto Alegre,Agro,2020-06-02,Indicação,1,1,0,0,0,1,38,15283.47,16062.91,10,5,6,5,2,0,Ativo,3,0.4,0.0
A02616,Associado 2616,37,F,RS,Caxias do Sul,Pessoa Jurídica,2022-12-20,Digital,1,1,0,0,1,0,44,7287.92,12087.59,7,3,12,7,5,0,Ativo,3,0.71,0.0
A02617,Associado 2617,32,F,SC,Florianópolis,Pessoa Física,2018-05-07,Digital,0,0,0,0,0,0,8,0.0,6361.83,5,3,7,5,4,1,Ativo,0,0.8,0.25
A02618,Associado 2618,28,M,RS,Porto Alegre,Pessoa Física,2022-01-19,Digital,1,0,0,1,0,0,5,12751.66,0.0,9,94,2,4,1,1,Inativo,2,0.25,1.0
A02619,Associado 2619,52,F,SP,São Paulo,Pessoa Física,2024-05-17,Campanha,1,1,1,1,1,0,9,1209.0,16805.61,10,86,2,4,2,1,Inativo,5,0.5,0.5
A02620,Associado 2620,49,M,RS,Caxias do Sul,Pessoa Jurídica,2021-11-19,Agência,0,0,0,0,0,0,0,0.0,0.0,7,175,0,5,1,0,Churned,0,0.2,0.0
A02621,Associado 2621,46,F,SP,São Paulo,Pessoa Jurídica,2018-11-15,Agência,1,1,1,0,0,0,80,71388.74,23810.39,7,0,9,3,0,0,Ativo,3,0.0,0.0
A02622,Associado 2622,43,F,MG,Belo Horizonte,Agro,2024-10-24,Digital,1,0,0,0,0,1,28,28252.26,7862.29,8,4,10,7,5,1,Ativo,2,0.71,0.2
A02623,Associado 2623,36,F,SC,Florianópolis,Agro,2018-12-07,Campanha,1,1,0,0,0,1,21,51676.05,0.0,9,4,9,8,4,1,Ativo,3,0.5,0.25
A02624,Associado 2624,67,M,MG,Belo Horizonte,Pessoa Física,2019-11-25,Campanha,1,1,1,0,1,0,40,2487.66,51987.15,10,2,10,5,1,0,Ativo,4,0.2,0.0
A02625,Associado 2625,22,F,SC,Joinville,Pessoa Física,2018-04-29,Digital,1,0,0,0,0,0,6,4183.91,0.0,10,8,5,11,4,1,Ativo,1,0.36,0.25
A02626,Associado 2626,29,M,RJ,Rio de Janeiro,Pessoa Física,2020-02-17,Digital,1,1,1,0,0,0,32,927.24,5328.02,10,0,12,3,1,0,Ativo,3,0.33,0.0
A02627,Associado 2627,38,F,RS,Porto Alegre,Pessoa Física,2025-06-30,Digital,1,1,0,0,1,0,42,2876.98,2865.46,8,4,21,9,6,1,Ativo,3,0.67,0.17
A02628,Associado 2628,46,F,PR,Londrina,Agro,2025-07-23,Digital,1,0,0,0,1,1,11,7572.24,0.0,10,3,11,7,4,1,Ativo,3,0.57,0.25
A02629,Associado 2629,26,M,SC,Florianópolis,Pessoa Física,2021-10-23,Digital,1,0,0,0,0,0,2,4737.79,15202.18,5,182,1,8,1,0,Churned,1,0.12,0.0
A02630,Associado 2630,40,M,SC,Joinville,Pessoa Jurídica,2019-01-20,Campanha,1,0,0,1,0,0,47,15206.18,0.0,6,11,5,7,3,1,Ativo,2,0.43,0.33
A02631,Associado 2631,44,F,PR,Curitiba,Pessoa Física,2025-01-01,Indicação,1,1,0,0,0,0,2,3631.42,19979.46,7,185,0,4,3,0,Churned,2,0.75,0.0
A02632,Associado 2632,44,F,SP,São Paulo,Pessoa Física,2023-06-29,Digital,1,1,0,0,0,0,27,3713.28,7379.69,7,1,13,5,5,1,Ativo,2,1.0,0.2
A02633,Associado 2633,18,F,RS,Caxias do Sul,Pessoa Física,2022-05-25,Digital,1,1,1,0,1,0,58,2649.48,0.0,8,14,44,2,2,0,Ativo,4,1.0,0.0
A02634,Associado 2634,22,F,RS,Caxias do Sul,Pessoa Física,2021-03-27,Digital,0,1,1,0,0,0,6,0.0,0.0,10,114,7,4,2,0,Inativo,2,0.5,0.0
A02635,Associado 2635,36,F,SP,São Paulo,Pessoa Jurídica,2022-06-22,Digital,1,1,0,0,0,0,5,19422.23,0.0,10,125,0,7,2,0,Churned,2,0.29,0.0
A02636,Associado 2636,33,F,PR,Curitiba,Pessoa Física,2022-10-07,Digital,1,0,0,0,0,0,12,2068.6,10513.2,6,40,3,6,2,0,Ativo,1,0.33,0.0
A02637,Associado 2637,62,M,RJ,Rio de Janeiro,Pessoa Jurídica,2018-03-27,Agência,1,1,0,1,1,0,65,9241.37,0.0,9,4,6,7,3,2,Ativo,4,0.43,0.67
A02638,Associado 2638,31,F,SP,São Paulo,Pessoa Jurídica,2023-04-10,Agência,1,0,0,0,0,0,5,29966.43,0.0,8,142,0,4,0,0,Inativo,1,0.0,0.0
A02639,Associado 2639,31,M,RJ,Rio de Janeiro,Pessoa Física,2024-08-05,Digital,0,0,1,0,0,0,2,0.0,23550.29,6,333,3,4,0,0,Churned,1,0.0,0.0
A02640,Associado 2640,40,F,SP,São Paulo,Pessoa Jurídica,2021-01-13,Indicação,1,1,0,0,1,0,77,27804.98,5512.82,7,10,11,4,2,0,Ativo,3,0.5,0.0
A02641,Associado 2641,53,F,RS,Caxias do Sul,Pessoa Física,2018-12-25,Agência,1,0,0,0,0,0,2,7635.07,0.0,6,289,0,6,0,0,Churned,1,0.0,0.0
A02642,Associado 2642,49,M,RS,Caxias do Sul,Pessoa Jurídica,2025-08-06,Digital,1,0,0,0,0,0,6,50159.35,0.0,8,182,1,8,3,1,Inativo,1,0.38,0.33
A02643,Associado 2643,23,F,SP,São Paulo,Pessoa Jurídica,2023-04-11,Digital,1,0,0,0,0,0,10,8550.07,0.0,7,164,1,7,1,0,Inativo,1,0.14,0.0
A02644,Associado 2644,24,F,PR,Londrina,Agro,2023-05-28,Agência,1,1,1,0,0,1,58,15378.63,2683.33,9,1,23,9,9,1,Ativo,4,1.0,0.11
A02645,Associado 2645,56,M,RS,Caxias do Sul,Pessoa Física,2019-03-23,Campanha,1,0,0,0,0,0,12,1077.31,34412.94,8,76,3,7,4,1,Inativo,1,0.57,0.25
A02646,Associado 2646,43,F,SC,Joinville,Pessoa Física,2023-04-10,Campanha,1,1,1,0,1,0,46,1026.29,0.0,10,12,10,7,3,1,Ativo,4,0.43,0.33
A02647,Associado 2647,47,M,RJ,Rio de Janeiro,Pessoa Física,2023-06-22,Agência,1,1,1,0,0,0,29,3902.36,7818.69,10,11,3,9,2,0,Ativo,3,0.22,0.0
A02648,Associado 2648,37,F,SC,Florianópolis,Pessoa Física,2021-08-19,Indicação,0,0,0,0,0,0,1,0.0,33099.54,6,174,1,4,1,0,Churned,0,0.25,0.0
A02649,Associado 2649,34,F,SC,Joinville,Pessoa Jurídica,2020-12-14,Digital,1,0,0,0,0,1,41,20925.35,5020.75,8,3,6,4,2,0,Ativo,2,0.5,0.0
A02650,Associado 2650,64,M,SC,Joinville,Agro,2018-11-01,Campanha,0,1,0,0,1,1,14,0.0,28191.65,8,8,3,8,5,0,Ativo,3,0.62,0.0
A02651,Associado 2651,48,M,RS,Porto Alegre,Pessoa Física,2023-05-31,Digital,1,1,1,1,0,0,34,7111.15,19399.84,6,9,14,4,2,1,Ativo,4,0.5,0.5
A02652,Associado 2652,33,F,SC,Joinville,Pessoa Física,2025-09-19,Agência,1,1,0,0,0,0,1,5747.0,9727.54,8,164,1,3,1,0,Churned,2,0.33,0.0
A02653,Associado 2653,21,M,SC,Florianópolis,Pessoa Física,2019-06-18,Digital,1,1,0,0,0,0,32,2003.37,1659.68,4,6,10,2,2,0,Ativo,2,1.0,0.0
A02654,Associado 2654,54,M,RS,Porto Alegre,Pessoa Física,2023-09-14,Indicação,1,1,0,0,1,0,17,3439.51,0.0,8,131,4,7,3,2,Inativo,3,0.43,0.67
A02655,Associado 2655,42,M,SP,São Paulo,Pessoa Física,2022-04-13,Agência,1,1,1,0,0,0,40,1816.59,2739.28,7,30,12,6,4,0,Ativo,3,0.67,0.0
A02656,Associado 2656,61,F,SC,Florianópolis,Pessoa Física,2025-06-22,Indicação,0,0,0,0,0,0,1,0.0,51252.09,6,232,0,8,3,2,Churned,0,0.38,0.67
A02657,Associado 2657,51,M,SP,São Paulo,Pessoa Jurídica,2021-03-09,Agência,0,1,0,0,1,0,19,0.0,7248.02,10,4,2,7,2,0,Ativo,2,0.29,0.0
A02658,Associado 2658,49,M,MG,Belo Horizonte,Pessoa Física,2020-10-11,Campanha,0,0,0,0,0,0,3,0.0,0.0,6,136,2,9,7,3,Inativo,0,0.78,0.43
A02659,Associado 2659,49,M,RS,Porto Alegre,Pessoa Física,2019-10-03,Agência,1,1,1,0,1,0,20,3685.65,15325.12,10,5,9,7,2,0,Ativo,4,0.29,0.0
A02660,Associado 2660,52,M,PR,Londrina,Pessoa Jurídica,2021-01-28,Campanha,1,1,0,0,0,0,55,4144.17,13916.96,9,11,7,5,0,0,Ativo,2,0.0,0.0
A02661,Associado 2661,53,M,SC,Florianópolis,Pessoa Física,2020-01-29,Digital,1,1,0,1,0,0,28,4555.28,5626.66,7,16,9,8,2,1,Ativo,3,0.25,0.5
A02662,Associado 2662,37,F,MG,Belo Horizonte,Pessoa Jurídica,2023-03-08,Digital,1,0,1,0,0,0,61,4595.29,0.0,8,1,21,7,3,2,Ativo,2,0.43,0.67
A02663,Associado 2663,44,F,RS,Caxias do Sul,Pessoa Jurídica,2018-10-11,Campanha,1,1,1,0,0,0,54,9569.29,12139.09,10,32,8,3,1,0,Ativo,3,0.33,0.0
A02664,Associado 2664,44,F,PR,Curitiba,Pessoa Jurídica,2018-04-23,Campanha,1,1,0,0,0,0,7,6235.99,0.0,7,185,1,7,1,0,Churned,2,0.14,0.0
A02665,Associado 2665,31,F,PR,Curitiba,Pessoa Física,2024-08-17,Indicação,1,1,1,0,0,0,12,2956.85,8707.8,10,100,3,2,1,1,Inativo,3,0.5,1.0
A02666,Associado 2666,45,F,RS,Porto Alegre,Pessoa Física,2018-07-16,Agência,0,1,0,1,1,0,25,0.0,0.0,10,4,13,4,3,0,Ativo,3,0.75,0.0
A02667,Associado 2667,41,M,RS,Caxias do Sul,Pessoa Jurídica,2021-04-02,Digital,1,0,0,0,0,0,44,10898.5,0.0,6,29,5,11,1,1,Ativo,1,0.09,1.0
A02668,Associado 2668,38,M,PR,Curitiba,Pessoa Jurídica,2020-06-11,Digital,1,1,0,1,1,0,66,18233.71,7205.54,7,13,15,6,4,0,Ativo,4,0.67,0.0
A02669,Associado 2669,22,F,SP,São Paulo,Pessoa Física,2020-04-01,Digital,1,0,0,0,0,0,21,3398.18,15207.14,7,2,8,8,1,0,Ativo,1,0.12,0.0
A02670,Associado 2670,25,M,RS,Caxias do Sul,Pessoa Física,2021-12-25,Digital,0,1,0,0,0,0,20,0.0,0.0,8,7,17,9,8,0,Ativo,1,0.89,0.0
A02671,Associado 2671,30,M,PR,Curitiba,Pessoa Física,2023-08-20,Agência,1,0,0,0,0,0,37,2621.08,0.0,6,4,8,6,3,0,Ativo,1,0.5,0.0
A02672,Associado 2672,34,M,SC,Florianópolis,Pessoa Física,2022-07-27,Indicação,1,1,0,0,0,1,34,10900.05,9413.77,7,9,8,10,3,1,Ativo,3,0.3,0.33
A02673,Associado 2673,48,F,SP,São Paulo,Pessoa Física,2024-09-11,Indicação,1,1,1,0,1,0,36,632.81,3401.63,10,2,11,6,4,1,Ativo,4,0.67,0.25
A02674,Associado 2674,40,M,RS,Porto Alegre,Pessoa Física,2024-01-09,Agência,1,1,0,0,0,0,14,3019.62,55978.49,6,22,4,6,2,0,Ativo,2,0.33,0.0
A02675,Associado 2675,37,M,MG,Belo Horizonte,Pessoa Física,2018-07-10,Digital,1,0,0,0,0,0,6,2740.85,94010.77,7,95,3,8,2,0,Inativo,1,0.25,0.0
A02676,Associado 2676,50,F,RS,Porto Alegre,Pessoa Jurídica,2022-12-25,Digital,1,1,0,0,1,0,54,13681.99,16275.39,10,2,9,12,4,3,Ativo,3,0.33,0.75
A02677,Associado 2677,45,F,SC,Joinville,Pessoa Física,2018-10-04,Indicação,1,1,1,1,0,0,37,8730.48,0.0,9,0,10,5,1,0,Ativo,4,0.2,0.0
A02678,Associado 2678,27,M,RS,Porto Alegre,Pessoa Jurídica,2024-12-15,Agência,1,1,0,0,0,0,37,2453.78,11829.87,7,7,8,3,0,0,Ativo,2,0.0,0.0
A02679,Associado 2679,40,M,RS,Porto Alegre,Pessoa Jurídica,2021-06-20,Digital,1,1,1,0,0,0,72,5892.55,3855.24,10,9,13,10,9,1,Ativo,3,0.9,0.11
A02680,Associado 2680,39,F,SC,Florianópolis,Pessoa Física,2024-12-10,Agência,1,1,0,0,0,0,5,1438.11,0.0,8,238,0,8,2,0,Churned,2,0.25,0.0
A02681,Associado 2681,41,F,RS,Porto Alegre,Pessoa Jurídica,2018-10-03,Digital,1,0,1,1,1,0,67,31564.17,127735.62,10,4,21,6,3,0,Ativo,4,0.5,0.0
A02682,Associado 2682,24,M,SP,São Paulo,Pessoa Jurídica,2024-02-16,Indicação,1,1,0,1,1,0,48,7932.27,0.0,10,41,8,4,3,1,Ativo,4,0.75,0.33
A02683,Associado 2683,60,M,RS,Porto Alegre,Pessoa Física,2022-07-09,Indicação,0,0,0,0,1,0,1,0.0,0.0,9,174,0,7,0,0,Churned,1,0.0,0.0
A02684,Associado 2684,45,F,SC,Florianópolis,Pessoa Física,2021-08-23,Agência,1,1,1,0,0,0,26,1461.29,0.0,6,9,6,7,3,1,Ativo,3,0.43,0.33
A02685,Associado 2685,54,M,RS,Caxias do Sul,Pessoa Física,2023-03-09,Digital,1,0,0,0,0,0,11,3095.46,0.0,7,5,8,6,4,1,Ativo,1,0.67,0.25
A02686,Associado 2686,44,F,RS,Caxias do Sul,Agro,2024-06-01,Campanha,1,0,1,0,0,1,29,7425.81,2401.45,9,22,3,7,2,0,Ativo,3,0.29,0.0
A02687,Associado 2687,32,F,RS,Porto Alegre,Pessoa Jurídica,2024-07-16,Agência,1,0,0,0,0,0,25,68075.25,34435.73,7,13,3,6,1,0,Ativo,1,0.17,0.0
A02688,Associado 2688,51,F,SC,Florianópolis,Pessoa Física,2019-08-16,Campanha,0,0,1,0,0,1,2,0.0,53946.12,6,106,1,5,0,0,Inativo,2,0.0,0.0
A02689,Associado 2689,44,M,SC,Joinville,Pessoa Jurídica,2020-06-01,Indicação,1,0,0,0,0,0,32,10598.02,0.0,8,2,11,5,3,0,Ativo,1,0.6,0.0
A02690,Associado 2690,37,M,SC,Florianópolis,Pessoa Física,2021-10-19,Indicação,1,0,1,0,0,0,3,1510.16,0.0,4,254,0,7,1,0,Churned,2,0.14,0.0
A02691,Associado 2691,39,F,SC,Florianópolis,Pessoa Física,2024-04-24,Agência,1,1,0,0,1,0,33,2210.92,5186.57,10,7,18,6,4,1,Ativo,3,0.67,0.25
A02692,Associado 2692,31,F,PR,Curitiba,Pessoa Jurídica,2020-09-03,Agência,1,0,0,0,0,0,12,6863.66,0.0,7,78,2,3,1,1,Inativo,1,0.33,1.0
A02693,Associado 2693,41,F,RS,Porto Alegre,Pessoa Física,2022-03-15,Campanha,1,1,1,1,1,1,36,7151.25,5751.68,10,7,15,6,5,1,Ativo,6,0.83,0.2
A02694,Associado 2694,46,F,SC,Florianópolis,Pessoa Jurídica,2021-06-08,Digital,1,1,1,1,0,0,48,8483.62,0.0,10,7,16,5,2,0,Ativo,4,0.4,0.0
A02695,Associado 2695,41,M,RJ,Rio de Janeiro,Pessoa Jurídica,2018-01-14,Agência,1,1,0,0,0,0,37,3005.71,0.0,5,1,4,2,1,0,Ativo,2,0.5,0.0
A02696,Associado 2696,35,F,SC,Joinville,Pessoa Jurídica,2020-11-03,Digital,1,0,0,0,0,0,11,9620.94,0.0,7,113,0,9,2,0,Inativo,1,0.22,0.0
A02697,Associado 2697,45,F,PR,Curitiba,Pessoa Física,2025-02-16,Agência,1,0,0,0,0,0,29,9398.74,13841.89,10,10,7,5,3,0,Ativo,1,0.6,0.0
A02698,Associado 2698,49,F,RS,Porto Alegre,Pessoa Jurídica,2020-10-04,Indicação,1,1,0,0,0,0,11,28659.0,17069.89,9,114,0,3,2,1,Inativo,2,0.67,0.5
A02699,Associado 2699,33,M,SP,São Paulo,Agro,2024-03-07,Digital,1,1,1,0,0,1,55,2205.88,0.0,10,3,22,4,4,0,Ativo,4,1.0,0.0
A02700,Associado 2700,53,F,SP,São Paulo,Pessoa Física,2020-11-29,Campanha,1,1,1,1,1,0,35,932.47,8485.61,7,23,18,4,2,0,Ativo,5,0.5,0.0
A02701,Associado 2701,57,F,SC,Florianópolis,Pessoa Física,2025-08-26,Indicação,1,1,1,0,1,0,30,2884.21,2196.7,10,2,8,11,1,1,Ativo,4,0.09,1.0
A02702,Associado 2702,36,F,RJ,Rio de Janeiro,Pessoa Física,2022-12-15,Agência,1,0,0,0,0,0,24,7974.53,4232.13,7,12,5,2,1,1,Ativo,1,0.5,1.0
A02703,Associado 2703,22,F,RS,Caxias do Sul,Pessoa Jurídica,2023-03-19,Digital,1,0,0,0,0,0,17,7773.98,0.0,6,90,2,6,0,0,Inativo,1,0.0,0.0
A02704,Associado 2704,54,F,RS,Caxias do Sul,Pessoa Jurídica,2020-05-04,Indicação,1,1,1,0,0,0,39,16533.45,13511.41,10,16,5,1,1,0,Ativo,3,1.0,0.0
A02705,Associado 2705,33,M,SP,São Paulo,Pessoa Física,2023-03-31,Digital,1,0,0,0,0,0,10,1175.85,0.0,10,143,1,3,1,0,Inativo,1,0.33,0.0
A02706,Associado 2706,38,M,SP,São Paulo,Agro,2021-09-03,Campanha,1,1,0,0,0,1,23,5641.52,10358.37,9,5,6,5,1,0,Ativo,3,0.2,0.0
A02707,Associado 2707,53,M,RS,Porto Alegre,Pessoa Física,2025-05-11,Indicação,1,0,0,0,1,0,23,4241.48,110381.5,9,46,2,7,2,0,Ativo,2,0.29,0.0
A02708,Associado 2708,35,F,RS,Porto Alegre,Pessoa Jurídica,2023-02-05,Agência,1,1,1,0,0,0,90,3635.84,0.0,7,3,16,6,2,0,Ativo,3,0.33,0.0
A02709,Associado 2709,52,F,RS,Caxias do Sul,Pessoa Física,2024-09-21,Campanha,1,1,1,0,0,0,23,5400.91,0.0,7,12,11,9,6,0,Ativo,3,0.67,0.0
A02710,Associado 2710,46,M,RS,Caxias do Sul,Pessoa Física,2024-02-02,Agência,1,0,1,0,0,0,32,2195.02,25147.75,9,5,14,5,0,0,Ativo,2,0.0,0.0
A02711,Associado 2711,29,F,SP,São Paulo,Pessoa Física,2022-11-04,Agência,1,1,0,0,1,0,12,1689.51,2882.56,10,115,4,5,1,1,Inativo,3,0.2,1.0
A02712,Associado 2712,41,M,SC,Joinville,Pessoa Física,2022-12-06,Indicação,1,1,1,0,1,0,32,8074.68,3607.99,8,6,11,4,1,0,Ativo,4,0.25,0.0
A02713,Associado 2713,72,F,RS,Porto Alegre,Pessoa Jurídica,2021-08-01,Campanha,1,1,1,0,1,0,67,5625.83,44543.79,10,1,3,6,2,1,Ativo,4,0.33,0.5
A02714,Associado 2714,18,M,SC,Joinville,Pessoa Física,2022-08-29,Digital,1,1,0,0,0,0,31,1884.14,36606.38,10,0,15,10,7,1,Ativo,2,0.7,0.14
A02715,Associado 2715,74,M,RS,Caxias do Sul,Pessoa Física,2018-11-14,Agência,1,1,1,0,1,0,38,2099.93,58811.96,6,8,7,3,2,0,Ativo,4,0.67,0.0
A02716,Associado 2716,40,F,RS,Porto Alegre,Pessoa Física,2019-02-14,Digital,1,1,1,0,1,0,58,519.36,0.0,7,7,33,9,8,0,Ativo,4,0.89,0.0
A02717,Associado 2717,27,F,PR,Londrina,Pessoa Física,2023-07-12,Digital,1,0,0,0,0,0,0,5739.21,0.0,3,182,3,9,1,0,Churned,1,0.11,0.0
A02718,Associado 2718,46,M,RJ,Rio de Janeiro,Pessoa Jurídica,2018-09-04,Digital,0,0,1,0,0,0,16,0.0,0.0,5,56,9,4,3,0,Ativo,1,0.75,0.0
A02719,Associado 2719,46,M,SP,São Paulo,Pessoa Jurídica,2024-02-03,Agência,1,1,0,0,0,0,37,5916.99,12172.27,9,13,7,7,1,0,Ativo,2,0.14,0.0
A02720,Associado 2720,41,F,RS,Porto Alegre,Pessoa Física,2021-09-29,Digital,1,1,1,1,1,0,66,784.29,8349.84,9,3,27,5,4,0,Ativo,5,0.8,0.0
A02721,Associado 2721,56,M,MG,Belo Horizonte,Pessoa Física,2018-09-21,Campanha,1,0,1,0,0,0,21,627.15,4797.14,8,21,3,8,2,0,Ativo,2,0.25,0.0
A02722,Associado 2722,41,F,SP,São Paulo,Pessoa Física,2018-06-17,Digital,1,1,1,0,0,0,4,15617.23,0.0,10,59,5,4,2,0,Inativo,3,0.5,0.0
A02723,Associado 2723,58,M,SP,São Paulo,Agro,2020-11-14,Agência,1,1,0,0,1,0,35,6201.85,12899.89,9,2,8,6,3,1,Ativo,3,0.5,0.33
A02724,Associado 2724,40,F,SC,Florianópolis,Agro,2019-12-04,Indicação,1,0,0,0,0,1,21,20744.21,13449.24,8,4,5,10,5,1,Ativo,2,0.5,0.2
A02725,Associado 2725,44,F,SC,Joinville,Pessoa Jurídica,2023-04-08,Indicação,1,0,0,0,0,0,20,17562.06,29852.93,9,94,0,8,1,0,Inativo,1,0.12,0.0
A02726,Associado 2726,41,F,RS,Caxias do Sul,Agro,2022-03-31,Campanha,1,1,0,0,0,0,9,2605.18,2807.4,7,146,1,6,0,0,Inativo,2,0.0,0.0
A02727,Associado 2727,32,M,RS,Caxias do Sul,Pessoa Jurídica,2025-01-19,Agência,1,1,1,0,0,0,45,21612.64,0.0,10,3,7,6,4,0,Ativo,3,0.67,0.0
A02728,Associado 2728,65,F,RS,Porto Alegre,Pessoa Jurídica,2021-08-26,Agência,1,1,0,0,1,0,35,28212.49,0.0,9,1,4,4,1,0,Ativo,3,0.25,0.0
A02729,Associado 2729,32,F,RS,Caxias do Sul,Pessoa Física,2022-07-21,Digital,1,0,1,0,0,0,55,1028.53,13944.3,6,2,18,6,4,0,Ativo,2,0.67,0.0
A02730,Associado 2730,24,F,SC,Florianópolis,Pessoa Física,2023-09-07,Digital,1,1,0,0,0,0,31,3674.06,0.0,7,1,5,4,2,0,Ativo,2,0.5,0.0
A02731,Associado 2731,51,M,SP,São Paulo,Pessoa Física,2022-12-04,Digital,1,1,0,0,0,0,28,2038.46,0.0,8,2,4,8,3,1,Ativo,2,0.38,0.33
A02732,Associado 2732,36,F,SC,Joinville,Pessoa Física,2021-10-25,Digital,0,1,1,1,0,0,12,0.0,0.0,9,2,18,8,6,1,Ativo,3,0.75,0.17
A02733,Associado 2733,61,F,RS,Porto Alegre,Pessoa Jurídica,2019-10-26,Agência,1,0,0,0,1,0,50,7277.32,25606.01,8,7,5,6,1,0,Ativo,2,0.17,0.0
A02734,Associado 2734,31,F,RJ,Rio de Janeiro,Pessoa Física,2025-03-12,Digital,1,0,0,0,0,0,1,1897.32,0.0,6,144,0,4,0,0,Churned,1,0.0,0.0
A02735,Associado 2735,34,F,MG,Belo Horizonte,Pessoa Física,2023-09-16,Indicação,0,0,0,0,0,0,6,0.0,0.0,6,149,3,3,2,1,Inativo,0,0.67,0.5
A02736,Associado 2736,21,F,SP,São Paulo,Pessoa Física,2019-07-01,Digital,1,0,0,0,0,0,22,3903.22,0.0,10,1,6,5,3,0,Ativo,1,0.6,0.0
A02737,Associado 2737,34,M,RJ,Rio de Janeiro,Pessoa Física,2019-10-08,Indicação,1,0,0,0,0,0,0,6677.46,0.0,8,134,1,8,2,1,Churned,1,0.25,0.5
A02738,Associado 2738,37,F,SC,Joinville,Pessoa Física,2020-05-27,Digital,1,1,1,0,0,0,40,4375.46,0.0,9,2,11,3,2,0,Ativo,3,0.67,0.0
A02739,Associado 2739,39,F,RJ,Rio de Janeiro,Agro,2019-11-04,Digital,1,0,0,0,0,0,17,5937.13,9661.37,9,40,5,7,4,0,Ativo,1,0.57,0.0
A02740,Associado 2740,40,M,RS,Caxias do Sul,Pessoa Jurídica,2019-01-07,Digital,1,1,1,0,1,0,72,4642.89,0.0,8,1,16,2,2,0,Ativo,4,1.0,0.0
A02741,Associado 2741,19,M,SC,Florianópolis,Pessoa Jurídica,2020-01-06,Digital,1,1,0,0,0,0,1,14835.55,4547.21,5,303,0,4,0,0,Churned,2,0.0,0.0
A02742,Associado 2742,27,M,RS,Porto Alegre,Pessoa Física,2022-07-04,Agência,1,1,0,0,0,0,26,1518.54,20923.52,6,21,9,5,2,0,Ativo,2,0.4,0.0
A02743,Associado 2743,37,M,RS,Caxias do Sul,Pessoa Física,2023-11-20,Indicação,0,1,0,0,1,0,22,0.0,1792.92,10,37,18,6,4,0,Ativo,2,0.67,0.0
A02744,Associado 2744,43,F,RS,Caxias do Sul,Pessoa Física,2024-11-17,Indicação,0,1,1,0,0,0,17,0.0,12206.63,9,8,6,9,4,1,Ativo,2,0.44,0.25
A02745,Associado 2745,39,M,PR,Curitiba,Agro,2025-07-04,Digital,1,1,0,0,1,1,39,3612.37,20174.02,9,19,7,9,4,1,Ativo,4,0.44,0.25
A02746,Associado 2746,33,F,SP,São Paulo,Pessoa Física,2019-04-25,Agência,1,1,1,0,1,0,35,1122.77,0.0,10,0,7,5,1,0,Ativo,4,0.2,0.0
A02747,Associado 2747,26,M,PR,Curitiba,Pessoa Física,2024-03-13,Campanha,1,1,0,0,0,0,25,5478.36,4657.85,8,4,12,4,3,0,Ativo,2,0.75,0.0
A02748,Associado 2748,29,M,RS,Porto Alegre,Pessoa Jurídica,2021-09-12,Agência,1,1,1,1,0,0,54,4441.27,0.0,10,12,8,7,3,1,Ativo,4,0.43,0.33
A02749,Associado 2749,57,F,SP,São Paulo,Pessoa Física,2019-12-01,Agência,0,0,0,0,0,0,5,0.0,57733.1,6,125,3,6,1,0,Inativo,0,0.17,0.0
A02750,Associado 2750,32,M,PR,Londrina,Pessoa Física,2025-04-01,Digital,1,0,1,0,0,0,5,2948.7,105018.56,6,125,0,8,3,0,Churned,2,0.38,0.0
A02751,Associado 2751,44,M,SC,Florianópolis,Pessoa Física,2021-06-24,Indicação,1,0,0,0,0,0,12,6826.43,0.0,10,12,4,9,3,0,Ativo,1,0.33,0.0
A02752,Associado 2752,55,F,PR,Londrina,Pessoa Física,2020-10-09,Agência,1,0,0,0,0,0,11,1555.76,0.0,8,3,2,8,2,1,Ativo,1,0.25,0.5
A02753,Associado 2753,26,M,RS,Caxias do Sul,Pessoa Física,2022-09-18,Digital,1,0,1,0,0,0,9,2320.95,0.0,10,111,8,9,4,1,Inativo,2,0.44,0.25
A02754,Associado 2754,37,M,RS,Caxias do Sul,Pessoa Física,2018-11-30,Digital,1,1,1,0,0,1,32,1703.32,0.0,7,0,18,8,7,1,Ativo,4,0.88,0.14
A02755,Associado 2755,52,M,MG,Belo Horizonte,Pessoa Jurídica,2019-10-26,Agência,1,1,1,0,1,0,135,3318.52,2951.41,9,52,17,11,5,0,Ativo,4,0.45,0.0
A02756,Associado 2756,45,F,RS,Caxias do Sul,Pessoa Jurídica,2020-02-18,Digital,1,1,0,0,1,0,61,12303.48,11783.94,10,10,12,9,6,1,Ativo,3,0.67,0.17
A02757,Associado 2757,44,F,SC,Florianópolis,Pessoa Física,2021-05-08,Indicação,1,0,1,1,0,0,22,5392.43,0.0,10,76,4,6,0,0,Ativo,3,0.0,0.0
A02758,Associado 2758,34,F,MG,Belo Horizonte,Agro,2021-09-20,Digital,1,1,0,0,1,1,28,12835.78,4079.74,8,17,10,4,1,0,Ativo,4,0.25,0.0
A02759,Associado 2759,56,F,SP,São Paulo,Pessoa Física,2022-11-17,Agência,1,0,0,0,0,0,14,3463.22,0.0,5,19,2,6,2,1,Ativo,1,0.33,0.5
A02760,Associado 2760,36,F,RS,Porto Alegre,Pessoa Física,2024-11-02,Agência,0,1,1,0,1,0,2,0.0,45006.89,8,275,1,4,0,0,Churned,3,0.0,0.0
A02761,Associado 2761,37,M,RS,Caxias do Sul,Pessoa Física,2024-03-13,Digital,1,1,1,0,0,0,33,1258.84,8091.06,9,6,15,6,3,0,Ativo,3,0.5,0.0
A02762,Associado 2762,54,F,RS,Caxias do Sul,Pessoa Jurídica,2020-07-29,Indicação,1,1,0,0,1,0,55,10546.88,7198.65,8,32,5,10,4,0,Ativo,3,0.4,0.0
A02763,Associado 2763,33,M,PR,Curitiba,Pessoa Física,2025-03-18,Digital,1,1,0,0,0,0,31,4434.66,0.0,9,12,8,4,3,0,Ativo,2,0.75,0.0
A02764,Associado 2764,52,F,SC,Joinville,Pessoa Jurídica,2025-06-12,Digital,1,1,0,0,1,0,62,40235.62,0.0,7,15,10,9,2,0,Ativo,3,0.22,0.0
A02765,Associado 2765,49,M,RS,Porto Alegre,Pessoa Jurídica,2021-07-02,Agência,1,1,0,0,0,0,47,21578.9,0.0,7,22,6,4,3,0,Ativo,2,0.75,0.0
A02766,Associado 2766,20,F,RJ,Rio de Janeiro,Pessoa Física,2020-10-13,Digital,1,1,0,0,0,0,2,1695.84,0.0,9,209,0,8,1,0,Churned,2,0.12,0.0
A02767,Associado 2767,52,F,SC,Florianópolis,Pessoa Jurídica,2019-05-20,Agência,0,0,0,0,0,0,3,0.0,0.0,5,146,1,6,2,0,Inativo,0,0.33,0.0
A02768,Associado 2768,56,M,RS,Caxias do Sul,Agro,2019-03-14,Indicação,0,1,0,0,0,1,13,0.0,23139.42,5,13,0,8,1,0,Ativo,2,0.12,0.0
A02769,Associado 2769,20,M,SC,Joinville,Pessoa Física,2024-11-22,Digital,1,1,0,0,0,0,39,7169.38,5690.41,9,2,17,2,2,0,Ativo,2,1.0,0.0
A02770,Associado 2770,26,M,PR,Curitiba,Pessoa Física,2018-01-06,Indicação,1,1,0,0,0,0,23,2438.93,0.0,9,7,8,5,3,0,Ativo,2,0.6,0.0
A02771,Associado 2771,27,M,RS,Porto Alegre,Pessoa Jurídica,2024-03-16,Indicação,1,0,1,0,0,0,65,33051.95,5202.55,6,1,8,8,1,0,Ativo,2,0.12,0.0
A02772,Associado 2772,48,F,RS,Porto Alegre,Pessoa Jurídica,2022-03-17,Indicação,1,0,0,0,0,0,34,12203.33,12549.53,8,8,4,7,2,0,Ativo,1,0.29,0.0
A02773,Associado 2773,32,M,SP,São Paulo,Pessoa Física,2025-03-08,Agência,1,0,0,0,0,0,16,1576.99,0.0,7,7,7,9,3,0,Ativo,1,0.33,0.0
A02774,Associado 2774,57,M,SC,Florianópolis,Pessoa Física,2019-05-28,Agência,1,1,1,0,0,0,25,18170.01,89162.29,10,1,6,6,2,0,Ativo,3,0.33,0.0
A02775,Associado 2775,27,F,SC,Joinville,Pessoa Física,2020-05-18,Campanha,1,1,0,0,0,0,24,1285.22,0.0,10,5,6,8,3,0,Ativo,2,0.38,0.0
A02776,Associado 2776,30,M,SC,Florianópolis,Pessoa Física,2020-09-01,Indicação,0,0,0,0,0,0,1,0.0,0.0,7,274,0,3,0,0,Churned,0,0.0,0.0
A02777,Associado 2777,38,M,RS,Porto Alegre,Pessoa Física,2021-06-24,Indicação,1,1,0,0,0,0,32,4232.39,0.0,8,13,6,8,4,0,Ativo,2,0.5,0.0
A02778,Associado 2778,49,M,RS,Porto Alegre,Agro,2025-09-17,Agência,1,1,1,0,0,1,40,5583.51,6291.24,10,10,6,4,0,0,Ativo,4,0.0,0.0
A02779,Associado 2779,29,F,SC,Joinville,Pessoa Jurídica,2020-09-03,Digital,1,0,0,0,0,0,35,23647.54,6827.98,9,50,8,6,2,2,Ativo,1,0.33,1.0
A02780,Associado 2780,39,M,RS,Caxias do Sul,Pessoa Física,2025-06-26,Indicação,0,0,1,0,0,0,2,0.0,31693.66,4,196,1,9,4,1,Churned,1,0.44,0.25
A02781,Associado 2781,44,F,RS,Porto Alegre,Pessoa Jurídica,2019-09-13,Agência,1,0,0,0,0,0,43,50341.01,2689.84,6,39,7,4,3,1,Ativo,1,0.75,0.33
A02782,Associado 2782,25,M,SP,São Paulo,Agro,2019-07-09,Digital,0,1,0,0,0,1,9,0.0,0.0,10,13,9,9,4,1,Ativo,2,0.44,0.25
A02783,Associado 2783,36,F,RJ,Rio de Janeiro,Pessoa Física,2019-07-04,Digital,0,1,0,0,0,0,6,0.0,6401.61,5,165,3,9,2,1,Inativo,1,0.22,0.5
A02784,Associado 2784,54,F,SP,São Paulo,Pessoa Física,2024-08-07,Agência,0,0,0,0,1,0,14,0.0,50180.0,6,12,2,6,3,1,Ativo,1,0.5,0.33
A02785,Associado 2785,42,M,MG,Belo Horizonte,Pessoa Física,2019-08-17,Agência,1,0,0,0,0,0,15,6793.58,0.0,6,3,3,5,3,0,Ativo,1,0.6,0.0
A02786,Associado 2786,71,M,RS,Caxias do Sul,Pessoa Jurídica,2021-11-20,Agência,1,1,0,1,0,0,13,39252.75,35184.33,7,83,1,4,1,0,Inativo,3,0.25,0.0
A02787,Associado 2787,52,M,RJ,Rio de Janeiro,Pessoa Física,2022-10-23,Agência,0,1,0,0,0,0,18,0.0,0.0,9,2,7,5,1,0,Ativo,1,0.2,0.0
A02788,Associado 2788,24,M,RS,Porto Alegre,Agro,2023-04-27,Digital,0,1,1,0,0,1,5,0.0,7326.14,8,110,5,6,3,0,Inativo,3,0.5,0.0
A02789,Associado 2789,49,M,RJ,Rio de Janeiro,Pessoa Física,2019-09-15,Agência,1,1,1,0,1,1,48,12209.45,0.0,10,6,11,10,5,0,Ativo,5,0.5,0.0
A02790,Associado 2790,52,M,RJ,Rio de Janeiro,Pessoa Física,2019-03-10,Agência,1,0,0,0,1,0,22,2892.75,8130.58,10,3,3,11,1,0,Ativo,2,0.09,0.0
A02791,Associado 2791,38,F,SP,São Paulo,Pessoa Física,2018-11-14,Campanha,1,1,1,0,0,0,42,1912.47,16114.03,10,3,11,2,2,0,Ativo,3,1.0,0.0
A02792,Associado 2792,33,F,RJ,Rio de Janeiro,Pessoa Física,2025-01-26,Digital,0,0,0,0,0,0,1,0.0,0.0,9,155,0,8,1,0,Churned,0,0.12,0.0
A02793,Associado 2793,47,M,PR,Londrina,Pessoa Jurídica,2022-03-05,Digital,1,1,0,0,0,0,47,5237.82,0.0,10,0,8,12,5,2,Ativo,2,0.42,0.4
A02794,Associado 2794,42,F,RS,Porto Alegre,Agro,2025-09-26,Indicação,1,1,0,0,1,1,51,2188.9,4859.37,8,5,5,6,0,0,Ativo,4,0.0,0.0
A02795,Associado 2795,64,M,SC,Florianópolis,Pessoa Física,2023-12-28,Campanha,1,0,0,0,0,0,26,5970.24,78290.26,10,7,5,5,3,0,Ativo,1,0.6,0.0
A02796,Associado 2796,55,M,PR,Curitiba,Agro,2020-06-11,Agência,1,0,0,0,0,0,2,5566.6,4591.11,8,120,0,11,1,0,Inativo,1,0.09,0.0
A02797,Associado 2797,41,F,RS,Porto Alegre,Pessoa Jurídica,2019-09-20,Digital,1,1,0,1,1,0,66,17055.9,46693.52,7,8,24,4,3,1,Ativo,4,0.75,0.33
A02798,Associado 2798,34,M,PR,Curitiba,Pessoa Física,2021-05-12,Digital,1,0,1,0,0,0,37,1962.15,4250.27,6,28,12,7,2,1,Ativo,2,0.29,0.5
A02799,Associado 2799,40,F,RJ,Rio de Janeiro,Pessoa Jurídica,2018-06-07,Digital,1,0,0,0,0,0,10,10020.19,0.0,8,95,2,5,1,0,Inativo,1,0.2,0.0
A02800,Associado 2800,29,M,RS,Porto Alegre,Pessoa Física,2021-09-15,Indicação,1,1,0,0,0,0,17,2132.71,0.0,6,8,5,6,1,1,Ativo,2,0.17,1.0
A02801,Associado 2801,34,F,SP,São Paulo,Pessoa Física,2024-02-22,Campanha,0,0,0,0,0,0,13,0.0,0.0,9,8,13,5,4,1,Ativo,0,0.8,0.25
A02802,Associado 2802,46,M,MG,Belo Horizonte,Pessoa Física,2021-12-25,Campanha,1,1,0,0,0,0,36,1462.96,10255.91,6,5,5,5,2,1,Ativo,2,0.4,0.5
A02803,Associado 2803,46,F,MG,Belo Horizonte,Pessoa Jurídica,2025-08-03,Agência,1,0,0,0,1,0,49,29202.18,0.0,9,18,4,1,0,0,Ativo,2,0.0,0.0
A02804,Associado 2804,45,F,RJ,Rio de Janeiro,Pessoa Física,2019-07-07,Agência,1,0,0,0,0,0,3,656.84,0.0,8,273,1,5,1,1,Churned,1,0.2,1.0
A02805,Associado 2805,42,M,SC,Joinville,Pessoa Jurídica,2023-03-10,Campanha,1,0,0,0,0,1,42,14049.63,0.0,6,0,2,3,0,0,Ativo,2,0.0,0.0
A02806,Associado 2806,44,M,RJ,Rio de Janeiro,Pessoa Jurídica,2020-05-11,Digital,0,0,0,0,0,0,27,0.0,19370.0,7,12,14,5,5,0,Ativo,0,1.0,0.0
A02807,Associado 2807,51,F,SP,São Paulo,Pessoa Física,2022-06-29,Agência,1,1,0,0,1,0,47,12136.61,0.0,10,16,9,6,3,0,Ativo,3,0.5,0.0
A02808,Associado 2808,60,M,RS,Caxias do Sul,Pessoa Física,2022-02-04,Indicação,1,0,0,0,0,0,7,8007.16,16646.92,7,80,1,8,1,0,Inativo,1,0.12,0.0
A02809,Associado 2809,40,M,SC,Florianópolis,Pessoa Física,2024-11-10,Agência,1,1,0,0,0,0,28,12862.45,0.0,10,19,7,8,5,1,Ativo,2,0.62,0.2
A02810,Associado 2810,46,M,SP,São Paulo,Pessoa Física,2023-09-17,Agência,1,0,0,0,0,0,11,4273.61,26756.34,10,36,3,4,0,0,Ativo,1,0.0,0.0
A02811,Associado 2811,70,M,RS,Caxias do Sul,Pessoa Física,2019-11-07,Campanha,0,0,0,0,0,0,2,0.0,23271.76,5,235,0,5,4,1,Churned,0,0.8,0.25
A02812,Associado 2812,62,M,PR,Londrina,Pessoa Física,2024-07-16,Agência,1,1,0,0,0,0,23,3295.92,14249.18,9,2,6,8,6,0,Ativo,2,0.75,0.0
A02813,Associado 2813,53,M,PR,Curitiba,Pessoa Física,2022-05-13,Agência,1,0,0,0,0,0,0,4656.78,8281.04,5,260,1,9,0,0,Churned,1,0.0,0.0
A02814,Associado 2814,70,F,RS,Caxias do Sul,Pessoa Física,2018-10-29,Agência,1,0,0,0,1,0,39,1261.95,5145.6,10,6,7,5,2,0,Ativo,2,0.4,0.0
A02815,Associado 2815,52,F,PR,Curitiba,Pessoa Física,2025-05-06,Digital,1,1,0,0,0,0,30,9433.99,47432.09,10,25,10,7,4,1,Ativo,2,0.57,0.25
A02816,Associado 2816,36,M,SP,São Paulo,Pessoa Física,2023-04-22,Agência,1,0,0,0,0,1,0,7658.14,3513.02,10,208,0,7,2,0,Churned,2,0.29,0.0
A02817,Associado 2817,48,F,SC,Florianópolis,Pessoa Jurídica,2020-06-16,Digital,1,1,0,0,1,0,30,9791.25,13888.02,10,24,12,1,0,0,Ativo,3,0.0,0.0
A02818,Associado 2818,30,M,RS,Porto Alegre,Agro,2019-09-08,Digital,1,1,0,0,0,0,13,7117.22,0.0,6,44,3,2,0,0,Inativo,2,0.0,0.0
A02819,Associado 2819,47,F,RS,Porto Alegre,Pessoa Física,2022-07-06,Indicação,1,1,1,0,0,0,15,6991.87,6756.28,7,101,5,10,3,1,Inativo,3,0.3,0.33
A02820,Associado 2820,50,M,SC,Florianópolis,Pessoa Física,2018-05-12,Agência,1,1,0,0,0,0,28,3916.12,11185.47,10,21,5,6,0,0,Ativo,2,0.0,0.0
A02821,Associado 2821,48,M,MG,Belo Horizonte,Pessoa Física,2022-06-20,Indicação,1,1,0,1,0,0,22,5376.35,3374.05,5,3,7,3,2,0,Ativo,3,0.67,0.0
A02822,Associado 2822,46,M,RS,Porto Alegre,Pessoa Física,2022-06-07,Agência,1,0,0,1,0,1,13,3305.36,0.0,10,18,4,6,3,1,Ativo,3,0.5,0.33
A02823,Associado 2823,48,F,PR,Curitiba,Pessoa Física,2021-04-08,Indicação,1,1,0,0,0,0,38,2939.72,0.0,9,31,9,8,3,0,Ativo,2,0.38,0.0
A02824,Associado 2824,41,M,RS,Porto Alegre,Pessoa Jurídica,2020-08-02,Digital,1,1,1,0,0,0,51,8016.69,4515.17,10,4,11,6,3,0,Ativo,3,0.5,0.0
A02825,Associado 2825,53,M,RS,Porto Alegre,Agro,2020-06-03,Agência,0,0,0,0,0,1,14,0.0,0.0,9,3,2,7,2,0,Ativo,1,0.29,0.0
A02826,Associado 2826,57,F,SP,São Paulo,Pessoa Física,2021-07-12,Indicação,1,1,0,0,0,0,38,1594.11,7205.04,8,13,6,1,0,0,Ativo,2,0.0,0.0
A02827,Associado 2827,48,F,SP,São Paulo,Pessoa Jurídica,2021-07-30,Agência,1,1,0,0,0,0,35,9846.19,0.0,7,25,10,8,4,0,Ativo,2,0.5,0.0
A02828,Associado 2828,27,M,RS,Caxias do Sul,Pessoa Física,2022-04-20,Agência,1,1,1,0,1,0,35,2757.36,10515.01,10,9,12,5,4,1,Ativo,4,0.8,0.25
A02829,Associado 2829,47,F,SC,Joinville,Pessoa Física,2019-04-16,Digital,1,0,0,0,0,0,20,3651.57,22495.14,4,6,10,2,0,0,Ativo,1,0.0,0.0
A02830,Associado 2830,71,F,RS,Porto Alegre,Pessoa Física,2023-05-10,Indicação,1,0,0,0,0,0,1,1988.95,4838.19,8,239,0,8,2,0,Churned,1,0.25,0.0
A02831,Associado 2831,40,M,SC,Florianópolis,Pessoa Física,2024-07-24,Agência,1,0,0,0,0,0,1,7074.45,10877.84,6,292,1,4,0,0,Churned,1,0.0,0.0
A02832,Associado 2832,39,M,PR,Curitiba,Pessoa Física,2023-09-22,Agência,1,1,0,0,0,0,9,8933.16,0.0,6,43,1,5,1,0,Inativo,2,0.2,0.0
A02833,Associado 2833,49,M,RS,Caxias do Sul,Pessoa Física,2025-09-24,Agência,1,1,0,0,1,0,30,5674.96,5482.6,10,4,13,7,2,0,Ativo,3,0.29,0.0
A02834,Associado 2834,31,M,RS,Porto Alegre,Pessoa Física,2024-12-04,Digital,0,0,0,0,0,0,11,0.0,0.0,10,5,13,7,6,1,Ativo,0,0.86,0.17
A02835,Associado 2835,43,F,SC,Joinville,Pessoa Física,2018-03-19,Digital,1,0,0,0,0,0,6,1073.4,0.0,5,127,2,5,2,1,Inativo,1,0.4,0.5
A02836,Associado 2836,67,M,MG,Belo Horizonte,Pessoa Jurídica,2020-11-25,Agência,1,1,0,1,1,0,88,6790.36,39181.82,8,32,6,3,1,0,Ativo,4,0.33,0.0
A02837,Associado 2837,64,M,RJ,Rio de Janeiro,Agro,2021-04-12,Agência,1,1,1,0,0,1,57,5732.45,46099.24,10,14,6,3,2,0,Ativo,4,0.67,0.0
A02838,Associado 2838,35,M,RS,Porto Alegre,Pessoa Física,2019-10-09,Digital,1,1,1,0,0,0,56,16102.08,33946.43,8,1,24,4,4,0,Ativo,3,1.0,0.0
A02839,Associado 2839,58,F,SP,São Paulo,Pessoa Física,2021-09-15,Indicação,1,0,0,0,0,0,2,6645.45,0.0,8,232,1,6,2,0,Churned,1,0.33,0.0
A02840,Associado 2840,41,M,SC,Florianópolis,Pessoa Física,2025-05-23,Indicação,1,1,0,0,0,0,43,4111.32,20535.47,7,7,17,11,7,1,Ativo,2,0.64,0.14
A02841,Associado 2841,44,M,SC,Joinville,Agro,2020-12-14,Campanha,1,0,0,0,0,1,28,11113.73,16226.32,9,9,6,8,1,0,Ativo,2,0.12,0.0
A02842,Associado 2842,33,M,SP,São Paulo,Pessoa Física,2020-02-03,Agência,0,0,0,0,0,0,2,0.0,15142.68,8,167,0,6,2,1,Churned,0,0.33,0.5
A02843,Associado 2843,26,F,MG,Belo Horizonte,Pessoa Física,2024-05-15,Campanha,1,1,0,0,0,0,26,5486.45,3304.7,9,69,9,3,1,0,Ativo,2,0.33,0.0
A02844,Associado 2844,30,M,RJ,Rio de Janeiro,Pessoa Física,2019-04-04,Digital,1,0,1,0,0,0,8,3308.35,0.0,7,5,5,5,3,0,Ativo,2,0.6,0.0
A02845,Associado 2845,35,M,PR,Curitiba,Pessoa Física,2019-11-23,Campanha,1,1,0,0,1,0,47,785.63,5686.92,9,4,13,1,0,0,Ativo,3,0.0,0.0
A02846,Associado 2846,57,M,SC,Joinville,Pessoa Física,2025-01-16,Agência,1,1,1,1,0,0,2,2276.41,0.0,5,123,0,4,1,1,Churned,4,0.25,1.0
A02847,Associado 2847,50,M,SP,São Paulo,Agro,2022-01-18,Digital,1,1,0,0,0,0,8,3453.89,13775.39,8,79,2,4,2,0,Inativo,2,0.5,0.0
A02848,Associado 2848,21,F,RS,Caxias do Sul,Agro,2023-01-19,Digital,1,1,0,1,0,1,56,17280.01,0.0,10,3,19,3,3,1,Ativo,4,1.0,0.33
A02849,Associado 2849,57,F,PR,Londrina,Pessoa Física,2024-12-14,Digital,0,0,0,0,0,0,0,0.0,2931.73,3,260,0,4,2,0,Churned,0,0.5,0.0
A02850,Associado 2850,28,M,SC,Joinville,Pessoa Física,2018-03-15,Indicação,1,1,0,0,0,0,20,1398.88,0.0,9,4,4,7,1,1,Ativo,2,0.14,1.0
A02851,Associado 2851,37,F,PR,Curitiba,Pessoa Física,2022-01-18,Indicação,1,1,1,0,0,0,12,2362.17,6712.83,6,98,3,9,1,0,Inativo,3,0.11,0.0
A02852,Associado 2852,48,F,RS,Porto Alegre,Pessoa Física,2020-03-29,Campanha,1,0,0,0,1,0,18,663.1,3885.68,8,6,6,7,4,0,Ativo,2,0.57,0.0
A02853,Associado 2853,33,M,RS,Caxias do Sul,Agro,2023-06-01,Digital,1,0,0,0,0,1,11,8144.63,16987.73,7,103,2,6,0,0,Inativo,2,0.0,0.0
A02854,Associado 2854,30,M,MG,Belo Horizonte,Pessoa Física,2018-06-04,Digital,1,0,0,0,0,0,22,8215.65,11964.34,10,5,12,4,2,0,Ativo,1,0.5,0.0
A02855,Associado 2855,56,F,RS,Caxias do Sul,Pessoa Física,2019-06-03,Agência,1,0,0,0,0,0,4,2246.98,0.0,8,236,0,5,2,0,Churned,1,0.4,0.0
A02856,Associado 2856,47,M,SC,Florianópolis,Pessoa Física,2019-01-10,Campanha,1,0,0,0,1,0,21,1581.44,11227.8,9,5,4,5,2,2,Ativo,2,0.4,1.0
A02857,Associado 2857,26,M,RS,Porto Alegre,Pessoa Jurídica,2018-12-09,Digital,1,1,0,0,0,0,20,18422.25,3883.65,6,16,4,7,0,0,Ativo,2,0.0,0.0
A02858,Associado 2858,50,M,RS,Caxias do Sul,Pessoa Jurídica,2025-06-05,Indicação,1,1,0,0,1,0,34,13341.32,7767.93,9,18,5,3,0,0,Ativo,3,0.0,0.0
A02859,Associado 2859,32,M,RS,Porto Alegre,Pessoa Física,2023-09-23,Digital,1,0,0,1,0,0,16,3224.06,5809.75,5,13,8,10,5,0,Ativo,2,0.5,0.0
A02860,Associado 2860,28,F,RS,Porto Alegre,Pessoa Física,2019-07-02,Digital,1,1,0,0,0,0,31,2605.23,0.0,7,9,13,7,5,1,Ativo,2,0.71,0.2
A02861,Associado 2861,49,M,MG,Belo Horizonte,Pessoa Física,2021-01-25,Campanha,1,1,0,1,1,0,41,2044.14,13062.61,9,26,9,12,4,1,Ativo,4,0.33,0.25
A02862,Associado 2862,52,F,RS,Caxias do Sul,Agro,2024-01-22,Agência,1,0,0,1,0,0,28,5414.14,7835.19,10,6,4,5,2,0,Ativo,2,0.4,0.0
A02863,Associado 2863,35,M,RJ,Rio de Janeiro,Pessoa Física,2025-08-25,Agência,1,1,1,0,0,0,16,2476.56,22356.61,10,54,2,3,2,0,Inativo,3,0.67,0.0
A02864,Associado 2864,31,M,PR,Curitiba,Pessoa Física,2019-03-12,Agência,0,0,0,0,0,0,5,0.0,0.0,6,3,2,5,1,1,Ativo,0,0.2,1.0
A02865,Associado 2865,43,F,SC,Florianópolis,Pessoa Física,2024-10-30,Indicação,1,0,0,1,0,0,4,2552.12,0.0,4,145,4,4,0,0,Inativo,2,0.0,0.0
A02866,Associado 2866,70,F,PR,Curitiba,Pessoa Jurídica,2020-10-27,Agência,1,1,0,0,1,0,10,16990.8,41062.05,8,60,0,3,2,0,Inativo,3,0.67,0.0
A02867,Associado 2867,36,F,SC,Florianópolis,Pessoa Física,2019-03-20,Agência,1,1,0,0,0,0,20,6658.17,6980.23,10,4,6,5,1,0,Ativo,2,0.2,0.0
A02868,Associado 2868,60,F,SP,São Paulo,Pessoa Física,2019-04-24,Agência,1,0,0,0,0,0,2,2655.86,6962.49,6,92,0,6,2,0,Churned,1,0.33,0.0
A02869,Associado 2869,36,M,RS,Porto Alegre,Pessoa Física,2023-03-16,Digital,1,0,0,0,0,0,37,3167.16,5656.98,7,11,17,7,7,1,Ativo,1,1.0,0.14
A02870,Associado 2870,35,M,SC,Florianópolis,Pessoa Jurídica,2022-02-26,Digital,1,0,0,0,0,0,5,3072.65,6009.09,3,88,0,8,1,0,Churned,1,0.12,0.0
A02871,Associado 2871,38,F,MG,Belo Horizonte,Pessoa Jurídica,2018-02-06,Agência,1,1,1,0,0,0,73,20375.43,3680.06,6,0,10,6,2,0,Ativo,3,0.33,0.0
A02872,Associado 2872,52,M,MG,Belo Horizonte,Agro,2022-04-06,Campanha,0,0,1,0,0,1,9,0.0,0.0,9,16,4,5,3,0,Ativo,2,0.6,0.0
A02873,Associado 2873,48,M,MG,Belo Horizonte,Pessoa Física,2018-04-08,Campanha,1,1,0,0,0,0,27,2981.34,24762.46,10,18,5,8,3,0,Ativo,2,0.38,0.0
A02874,Associado 2874,36,M,SC,Joinville,Pessoa Física,2020-11-10,Agência,1,0,1,0,0,0,19,1471.14,0.0,7,2,5,5,1,0,Ativo,2,0.2,0.0
A02875,Associado 2875,38,F,SP,São Paulo,Agro,2021-06-09,Indicação,0,0,0,0,0,1,4,0.0,0.0,7,114,1,2,1,0,Inativo,1,0.5,0.0
A02876,Associado 2876,36,F,SC,Joinville,Pessoa Física,2019-04-13,Digital,1,0,0,0,0,0,1,5045.64,0.0,2,249,3,6,1,0,Churned,1,0.17,0.0
A02877,Associado 2877,57,F,SC,Joinville,Pessoa Jurídica,2018-12-20,Agência,1,0,0,1,0,0,4,13754.61,0.0,6,323,0,4,0,0,Churned,2,0.0,0.0
A02878,Associado 2878,42,F,RS,Caxias do Sul,Pessoa Jurídica,2018-03-13,Agência,1,1,1,0,0,0,64,22358.1,2259.82,10,38,13,5,4,0,Ativo,3,0.8,0.0
A02879,Associado 2879,28,F,PR,Londrina,Pessoa Física,2021-10-07,Digital,1,0,0,0,1,0,20,1556.85,10228.76,9,10,9,11,8,1,Ativo,2,0.73,0.12
A02880,Associado 2880,37,F,RS,Caxias do Sul,Pessoa Física,2020-12-11,Digital,1,0,0,0,0,0,24,2089.99,4506.31,9,3,7,7,2,1,Ativo,1,0.29,0.5
A02881,Associado 2881,44,F,RS,Caxias do Sul,Pessoa Jurídica,2021-05-30,Agência,0,0,1,0,0,1,18,0.0,20988.77,9,24,2,4,0,0,Ativo,2,0.0,0.0
A02882,Associado 2882,42,M,MG,Belo Horizonte,Pessoa Jurídica,2020-10-20,Indicação,1,1,0,1,0,0,38,28332.48,20032.1,10,11,7,8,3,1,Ativo,3,0.38,0.33
A02883,Associado 2883,44,M,RS,Porto Alegre,Pessoa Física,2022-12-26,Digital,0,0,0,0,0,0,1,0.0,24389.3,8,229,2,6,1,0,Churned,0,0.17,0.0
A02884,Associado 2884,37,F,RS,Porto Alegre,Pessoa Física,2020-09-16,Indicação,1,1,0,0,0,0,33,1572.73,46409.11,6,14,14,8,4,1,Ativo,2,0.5,0.25
A02885,Associado 2885,28,M,RS,Caxias do Sul,Pessoa Física,2019-04-05,Agência,0,0,0,0,0,0,2,0.0,0.0,2,118,2,5,2,0,Inativo,0,0.4,0.0
A02886,Associado 2886,34,M,MG,Belo Horizonte,Pessoa Física,2021-04-05,Digital,1,1,0,0,0,0,15,3223.31,15053.41,6,11,10,6,3,0,Ativo,2,0.5,0.0
A02887,Associado 2887,54,F,SC,Florianópolis,Pessoa Física,2021-07-30,Digital,1,0,0,0,0,0,13,4041.69,5633.66,10,4,6,6,0,0,Ativo,1,0.0,0.0
A02888,Associado 2888,32,M,SC,Joinville,Pessoa Física,2024-12-23,Digital,0,0,0,0,0,0,1,0.0,0.0,5,283,0,5,2,0,Churned,0,0.4,0.0
A02889,Associado 2889,44,M,SP,São Paulo,Agro,2019-12-18,Indicação,1,1,0,0,0,0,17,5737.3,0.0,4,99,3,4,2,1,Inativo,2,0.5,0.5
A02890,Associado 2890,50,F,SP,São Paulo,Pessoa Jurídica,2019-01-02,Indicação,1,1,1,0,0,0,47,7835.84,30551.12,10,11,13,8,4,3,Ativo,3,0.5,0.75
A02891,Associado 2891,20,F,RS,Porto Alegre,Pessoa Jurídica,2019-08-30,Digital,1,1,0,0,0,0,45,16701.31,0.0,9,8,9,5,1,0,Ativo,2,0.2,0.0
A02892,Associado 2892,27,M,PR,Curitiba,Pessoa Física,2025-01-19,Indicação,1,1,1,1,0,0,44,5951.05,0.0,10,7,9,9,5,0,Ativo,4,0.56,0.0
A02893,Associado 2893,27,F,SP,São Paulo,Pessoa Física,2020-01-19,Campanha,1,1,0,0,0,0,1,2073.37,0.0,7,265,1,5,1,0,Churned,2,0.2,0.0
A02894,Associado 2894,30,F,PR,Curitiba,Agro,2022-08-27,Digital,1,1,0,1,0,0,33,16077.73,6454.25,7,8,16,2,0,0,Ativo,3,0.0,0.0
A02895,Associado 2895,41,M,RS,Porto Alegre,Pessoa Física,2019-08-25,Agência,1,1,0,0,1,0,15,7527.84,0.0,10,11,2,4,0,0,Ativo,3,0.0,0.0
A02896,Associado 2896,69,F,MG,Belo Horizonte,Pessoa Física,2019-09-12,Indicação,1,1,0,0,1,0,33,5481.18,116909.8,10,34,4,8,2,0,Ativo,3,0.25,0.0
A02897,Associado 2897,43,M,SC,Florianópolis,Pessoa Física,2018-09-12,Agência,1,0,0,0,0,0,0,754.79,0.0,5,261,0,2,0,0,Churned,1,0.0,0.0
A02898,Associado 2898,69,F,RS,Porto Alegre,Agro,2025-06-17,Campanha,0,0,0,0,0,1,0,0.0,80472.05,3,202,0,9,3,1,Churned,1,0.33,0.33
A02899,Associado 2899,50,M,SC,Joinville,Agro,2021-05-08,Digital,0,1,0,0,0,1,14,0.0,0.0,6,6,12,10,3,1,Ativo,2,0.3,0.33
A02900,Associado 2900,42,F,RS,Porto Alegre,Pessoa Física,2020-04-15,Digital,1,1,1,1,0,0,6,2281.06,21242.75,10,94,3,8,2,0,Inativo,4,0.25,0.0
A02901,Associado 2901,52,M,RS,Porto Alegre,Agro,2023-01-25,Agência,0,0,0,0,0,1,2,0.0,0.0,7,255,2,6,3,0,Churned,1,0.5,0.0
A02902,Associado 2902,28,F,SP,São Paulo,Pessoa Física,2019-10-31,Digital,0,1,0,0,0,0,15,0.0,0.0,7,27,11,4,1,0,Ativo,1,0.25,0.0
A02903,Associado 2903,40,M,RS,Caxias do Sul,Pessoa Física,2025-04-02,Campanha,1,1,0,0,0,0,25,4484.23,5489.18,9,22,6,7,2,0,Ativo,2,0.29,0.0
A02904,Associado 2904,53,F,SC,Florianópolis,Pessoa Jurídica,2024-12-08,Agência,0,1,0,0,0,0,6,0.0,30495.24,6,137,2,5,5,1,Inativo,1,1.0,0.2
A02905,Associado 2905,27,M,SC,Florianópolis,Agro,2024-04-25,Digital,0,0,0,1,0,1,1,0.0,0.0,7,261,1,4,1,0,Churned,2,0.25,0.0
A02906,Associado 2906,44,F,RS,Caxias do Sul,Pessoa Física,2018-09-10,Campanha,1,1,1,1,1,0,29,2258.31,0.0,10,35,7,8,2,0,Ativo,5,0.25,0.0
A02907,Associado 2907,21,M,RJ,Rio de Janeiro,Pessoa Física,2019-05-09,Digital,1,1,1,1,0,0,18,5080.04,0.0,10,4,13,4,0,0,Ativo,4,0.0,0.0
A02908,Associado 2908,48,M,RS,Porto Alegre,Pessoa Jurídica,2021-02-04,Digital,1,1,0,0,0,0,121,5967.1,6652.99,10,1,21,3,3,0,Ativo,2,1.0,0.0
A02909,Associado 2909,33,F,RS,Porto Alegre,Pessoa Jurídica,2022-05-24,Digital,1,0,0,0,0,0,23,14928.77,0.0,3,67,8,2,1,0,Ativo,1,0.5,0.0
A02910,Associado 2910,48,F,RS,Porto Alegre,Agro,2018-12-02,Digital,1,0,0,0,0,0,16,10552.63,20660.32,6,3,8,4,2,1,Ativo,1,0.5,0.5
A02911,Associado 2911,63,M,RS,Caxias do Sul,Pessoa Física,2023-10-02,Agência,0,1,0,0,1,0,8,0.0,43079.53,10,12,5,6,1,1,Ativo,2,0.17,1.0
A02912,Associado 2912,50,F,RS,Porto Alegre,Agro,2022-11-12,Agência,1,1,1,0,1,0,66,3583.69,13586.27,10,3,7,8,2,0,Ativo,4,0.25,0.0
A02913,Associado 2913,23,M,SP,São Paulo,Agro,2023-02-11,Digital,1,1,0,0,0,0,6,3225.68,2805.22,8,62,13,3,2,0,Inativo,2,0.67,0.0
A02914,Associado 2914,51,M,RJ,Rio de Janeiro,Pessoa Física,2025-06-27,Campanha,1,1,0,0,1,0,34,806.93,0.0,10,50,7,9,2,0,Ativo,3,0.22,0.0
A02915,Associado 2915,59,M,RS,Caxias do Sul,Pessoa Jurídica,2018-07-29,Agência,1,1,0,0,0,0,15,5572.37,0.0,7,117,1,5,2,0,Inativo,2,0.4,0.0
A02916,Associado 2916,43,M,PR,Londrina,Pessoa Física,2020-10-09,Agência,1,1,0,0,0,0,46,13618.68,21609.77,10,9,7,5,0,0,Ativo,2,0.0,0.0
A02917,Associado 2917,34,M,SP,São Paulo,Pessoa Física,2021-10-08,Digital,0,0,0,0,0,0,4,0.0,0.0,7,65,5,5,2,0,Inativo,0,0.4,0.0
A02918,Associado 2918,50,M,SP,São Paulo,Pessoa Jurídica,2025-06-22,Indicação,1,1,1,0,1,0,51,39679.99,799.4,8,19,7,6,2,0,Ativo,4,0.33,0.0
A02919,Associado 2919,47,F,SC,Florianópolis,Pessoa Física,2020-06-12,Agência,0,0,0,0,0,0,0,0.0,11368.93,9,161,1,2,0,0,Churned,0,0.0,0.0
A02920,Associado 2920,57,M,RS,Porto Alegre,Pessoa Física,2021-07-06,Campanha,1,1,1,0,0,0,19,1123.47,9465.79,10,5,8,7,2,0,Ativo,3,0.29,0.0
A02921,Associado 2921,31,M,RS,Caxias do Sul,Agro,2018-12-03,Agência,1,1,0,0,0,0,17,15218.93,18268.6,5,9,5,9,3,3,Ativo,2,0.33,1.0
A02922,Associado 2922,56,M,SP,São Paulo,Pessoa Física,2025-07-26,Campanha,1,0,0,0,0,0,0,4278.86,0.0,5,237,0,5,2,0,Churned,1,0.4,0.0
A02923,Associado 2923,19,M,SP,São Paulo,Pessoa Física,2021-11-19,Digital,1,1,0,1,0,0,23,7030.1,0.0,6,7,10,5,2,0,Ativo,3,0.4,0.0
A02924,Associado 2924,50,M,RS,Porto Alegre,Agro,2019-11-06,Indicação,1,0,0,0,0,0,24,2903.66,8371.11,10,1,4,9,1,1,Ativo,1,0.11,1.0
A02925,Associado 2925,39,F,SC,Joinville,Pessoa Física,2018-04-15,Digital,1,0,0,0,0,0,10,5088.32,0.0,9,5,8,4,1,0,Ativo,1,0.25,0.0
A02926,Associado 2926,59,F,MG,Belo Horizonte,Pessoa Física,2019-12-04,Indicação,1,1,0,0,1,0,41,4612.58,2807.46,9,3,10,3,1,0,Ativo,3,0.33,0.0
A02927,Associado 2927,40,M,SP,São Paulo,Pessoa Física,2021-02-21,Agência,1,0,0,0,1,0,19,952.95,0.0,10,5,4,12,5,1,Ativo,2,0.42,0.2
A02928,Associado 2928,56,M,RJ,Rio de Janeiro,Pessoa Física,2023-08-16,Agência,1,1,0,0,0,0,33,739.99,4280.02,10,5,5,7,2,0,Ativo,2,0.29,0.0
A02929,Associado 2929,30,M,SP,São Paulo,Pessoa Jurídica,2021-07-14,Digital,1,1,0,0,0,0,58,15736.58,0.0,6,36,12,2,2,0,Ativo,2,1.0,0.0
A02930,Associado 2930,67,F,SC,Joinville,Pessoa Jurídica,2025-05-24,Campanha,1,1,0,0,0,0,34,13388.95,38551.71,10,101,1,2,1,0,Inativo,2,0.5,0.0
A02931,Associado 2931,33,F,PR,Curitiba,Pessoa Física,2021-07-16,Indicação,1,0,0,1,0,0,2,3225.11,3605.45,10,296,0,7,2,0,Churned,2,0.29,0.0
A02932,Associado 2932,21,M,PR,Curitiba,Pessoa Jurídica,2025-02-11,Digital,1,1,0,0,0,0,6,13863.94,0.0,7,35,2,6,3,0,Inativo,2,0.5,0.0
A02933,Associado 2933,33,F,RS,Caxias do Sul,Pessoa Física,2019-11-05,Digital,1,1,0,0,0,0,11,4716.39,8895.41,7,107,1,7,1,1,Inativo,2,0.14,1.0
A02934,Associado 2934,34,M,SC,Florianópolis,Pessoa Física,2021-05-03,Agência,0,1,1,0,0,0,3,0.0,22450.31,10,117,1,7,1,0,Churned,2,0.14,0.0
A02935,Associado 2935,50,M,SP,São Paulo,Pessoa Jurídica,2024-06-29,Indicação,1,1,0,0,0,0,15,71591.16,13607.77,5,189,4,9,1,1,Inativo,2,0.11,1.0
A02936,Associado 2936,47,F,RS,Porto Alegre,Pessoa Jurídica,2025-04-17,Indicação,1,0,0,0,0,0,33,31722.13,0.0,10,22,4,4,0,0,Ativo,1,0.0,0.0
A02937,Associado 2937,60,F,SP,São Paulo,Pessoa Física,2020-01-27,Indicação,1,1,0,0,1,0,34,4845.98,537.66,8,14,8,4,2,0,Ativo,3,0.5,0.0
A02938,Associado 2938,29,F,PR,Curitiba,Pessoa Física,2020-12-24,Digital,1,1,0,1,0,0,10,2099.15,0.0,7,41,2,13,3,1,Inativo,3,0.23,0.33
A02939,Associado 2939,44,F,RJ,Rio de Janeiro,Pessoa Física,2018-07-20,Campanha,1,0,0,0,0,0,7,1263.74,50828.68,10,151,0,9,2,0,Inativo,1,0.22,0.0
A02940,Associado 2940,49,F,RS,Caxias do Sul,Pessoa Física,2018-08-30,Campanha,1,1,0,0,1,0,39,2272.19,0.0,7,14,3,12,5,0,Ativo,3,0.42,0.0
A02941,Associado 2941,40,M,RS,Porto Alegre,Pessoa Física,2023-08-13,Digital,1,0,0,0,1,0,8,929.31,13291.62,6,121,5,6,1,0,Inativo,2,0.17,0.0
A02942,Associado 2942,41,F,PR,Curitiba,Pessoa Jurídica,2022-01-27,Digital,1,0,1,1,1,0,46,17424.64,0.0,10,7,6,7,4,0,Ativo,4,0.57,0.0
A02943,Associado 2943,31,M,RS,Caxias do Sul,Pessoa Física,2020-08-25,Digital,1,0,0,0,0,0,2,3442.99,0.0,8,118,0,3,1,0,Churned,1,0.33,0.0
A02944,Associado 2944,53,F,SP,São Paulo,Pessoa Jurídica,2024-06-10,Digital,1,1,0,1,0,0,68,4315.0,6093.15,5,19,13,7,5,0,Ativo,3,0.71,0.0
A02945,Associado 2945,22,M,SP,São Paulo,Pessoa Física,2018-11-10,Digital,1,0,0,0,0,0,17,4185.45,0.0,10,25,6,6,1,0,Ativo,1,0.17,0.0
A02946,Associado 2946,25,F,RS,Caxias do Sul,Pessoa Física,2024-11-30,Digital,1,0,1,0,0,0,8,1855.91,5154.6,10,116,9,5,4,0,Inativo,2,0.8,0.0
A02947,Associado 2947,32,F,SC,Florianópolis,Pessoa Física,2020-06-01,Digital,1,1,0,0,1,0,36,1479.91,0.0,10,33,12,7,2,0,Ativo,3,0.29,0.0
A02948,Associado 2948,38,M,SC,Florianópolis,Pessoa Física,2019-05-13,Digital,1,1,0,0,0,0,28,10911.9,11200.85,9,6,6,3,1,0,Ativo,2,0.33,0.0
A02949,Associado 2949,27,F,SC,Joinville,Agro,2022-04-07,Digital,1,0,0,0,0,1,24,6865.44,0.0,7,40,9,4,1,1,Ativo,2,0.25,1.0
A02950,Associado 2950,51,M,MG,Belo Horizonte,Pessoa Física,2023-10-20,Agência,1,1,1,0,0,0,19,1420.93,1752.17,8,158,4,9,3,0,Inativo,3,0.33,0.0
A02951,Associado 2951,44,F,SP,São Paulo,Pessoa Física,2023-03-21,Indicação,1,0,1,0,0,0,15,1759.1,2391.12,8,17,8,3,0,0,Ativo,2,0.0,0.0
A02952,Associado 2952,25,M,PR,Curitiba,Pessoa Jurídica,2024-09-19,Digital,1,1,0,0,0,0,48,10395.92,12773.79,10,4,17,5,4,0,Ativo,2,0.8,0.0
A02953,Associado 2953,62,M,SP,São Paulo,Pessoa Jurídica,2023-06-18,Agência,1,1,0,0,1,0,41,10698.86,0.0,7,11,6,1,1,0,Ativo,3,1.0,0.0
A02954,Associado 2954,29,F,SC,Florianópolis,Pessoa Física,2022-03-21,Digital,1,1,0,1,0,0,26,6493.52,0.0,8,25,9,7,2,1,Ativo,3,0.29,0.5
A02955,Associado 2955,35,F,MG,Belo Horizonte,Pessoa Física,2023-06-22,Campanha,1,1,1,0,0,0,29,8251.97,2644.5,9,25,14,3,3,0,Ativo,3,1.0,0.0
A02956,Associado 2956,51,F,PR,Londrina,Pessoa Jurídica,2021-08-25,Indicação,1,1,0,0,1,0,69,25965.44,12302.17,10,0,8,12,5,1,Ativo,3,0.42,0.2
A02957,Associado 2957,50,F,SP,São Paulo,Agro,2022-04-22,Digital,1,1,1,1,0,1,49,3026.91,0.0,8,3,25,7,5,0,Ativo,5,0.71,0.0
A02958,Associado 2958,35,F,MG,Belo Horizonte,Agro,2023-09-10,Campanha,0,1,0,0,0,1,0,0.0,0.0,8,276,1,5,1,0,Churned,2,0.2,0.0
A02959,Associado 2959,41,M,RS,Porto Alegre,Pessoa Física,2021-05-29,Agência,1,0,0,1,1,0,11,1823.93,21433.89,10,57,5,4,1,0,Inativo,3,0.25,0.0
A02960,Associado 2960,38,F,SP,São Paulo,Agro,2022-03-22,Campanha,1,1,1,1,0,1,47,1874.52,2662.34,10,2,8,4,2,0,Ativo,5,0.5,0.0
A02961,Associado 2961,35,F,RS,Caxias do Sul,Pessoa Física,2022-06-29,Agência,1,1,1,0,0,0,19,1318.48,8981.31,10,21,12,7,3,1,Ativo,3,0.43,0.33
A02962,Associado 2962,56,M,RS,Porto Alegre,Pessoa Física,2021-09-22,Agência,1,1,0,0,0,0,46,20444.75,13895.8,8,12,14,7,4,1,Ativo,2,0.57,0.25
A02963,Associado 2963,19,M,RS,Porto Alegre,Pessoa Jurídica,2024-01-19,Digital,1,1,0,0,0,0,23,17060.56,0.0,10,119,12,10,7,0,Inativo,2,0.7,0.0
A02964,Associado 2964,38,F,RJ,Rio de Janeiro,Pessoa Física,2023-02-22,Digital,1,1,0,0,0,0,26,2997.7,0.0,9,9,10,7,2,1,Ativo,2,0.29,0.5
A02965,Associado 2965,33,M,MG,Belo Horizonte,Pessoa Física,2019-07-18,Digital,1,0,1,0,0,0,13,1652.54,0.0,10,32,8,4,1,0,Ativo,2,0.25,0.0
A02966,Associado 2966,25,F,SP,São Paulo,Pessoa Física,2024-01-15,Indicação,1,1,0,0,0,0,31,4356.87,25559.23,9,20,8,7,4,1,Ativo,2,0.57,0.25
A02967,Associado 2967,48,M,SP,São Paulo,Pessoa Física,2023-08-23,Indicação,1,1,0,0,0,0,19,2988.59,0.0,10,90,5,4,3,1,Ativo,2,0.75,0.33
A02968,Associado 2968,40,M,PR,Curitiba,Pessoa Jurídica,2021-04-24,Digital,1,1,0,0,0,0,26,15872.75,37849.37,8,117,3,6,3,0,Inativo,2,0.5,0.0
A02969,Associado 2969,37,M,MG,Belo Horizonte,Pessoa Jurídica,2020-01-04,Digital,1,1,1,0,0,0,43,15975.87,0.0,9,20,12,11,4,0,Ativo,3,0.36,0.0
A02970,Associado 2970,56,F,SC,Joinville,Pessoa Física,2020-01-23,Agência,1,1,0,0,0,0,1,3105.49,0.0,10,214,0,3,0,0,Churned,2,0.0,0.0
A02971,Associado 2971,50,M,SC,Joinville,Pessoa Física,2024-06-14,Agência,1,0,0,0,1,0,5,2059.54,0.0,9,69,0,7,3,0,Inativo,2,0.43,0.0
A02972,Associado 2972,33,F,RS,Porto Alegre,Agro,2018-05-28,Digital,0,1,0,0,0,1,16,0.0,0.0,6,14,8,12,2,0,Ativo,2,0.17,0.0
A02973,Associado 2973,20,F,SP,São Paulo,Pessoa Jurídica,2023-04-10,Agência,1,1,1,0,0,0,52,1454.52,0.0,9,8,10,6,3,0,Ativo,3,0.5,0.0
A02974,Associado 2974,51,F,SP,São Paulo,Pessoa Física,2020-10-17,Indicação,1,1,1,0,1,0,21,4499.66,0.0,9,1,4,5,2,0,Ativo,4,0.4,0.0
A02975,Associado 2975,33,M,SC,Joinville,Agro,2020-12-14,Digital,1,0,0,1,0,1,25,4495.05,0.0,10,5,6,5,4,0,Ativo,3,0.8,0.0
A02976,Associado 2976,41,F,RS,Porto Alegre,Pessoa Jurídica,2025-03-03,Agência,0,1,1,0,0,0,24,0.0,4570.56,9,4,8,4,2,0,Ativo,2,0.5,0.0
A02977,Associado 2977,35,M,SP,São Paulo,Pessoa Física,2022-09-30,Digital,1,0,0,0,0,0,31,1219.2,0.0,10,13,13,8,3,1,Ativo,1,0.38,0.33
A02978,Associado 2978,45,M,RS,Caxias do Sul,Pessoa Física,2025-06-08,Agência,1,1,0,0,0,0,2,5560.97,10217.65,8,210,0,7,3,0,Churned,2,0.43,0.0
A02979,Associado 2979,31,F,SP,São Paulo,Pessoa Física,2022-11-21,Digital,1,1,0,0,0,0,14,2740.73,0.0,9,27,6,4,3,0,Ativo,2,0.75,0.0
A02980,Associado 2980,71,F,RJ,Rio de Janeiro,Pessoa Jurídica,2019-11-23,Indicação,1,1,1,0,1,0,64,8293.69,10229.99,10,2,4,5,2,0,Ativo,4,0.4,0.0
A02981,Associado 2981,27,F,SC,Florianópolis,Pessoa Física,2025-01-01,Digital,1,1,0,0,0,0,27,1465.6,0.0,9,2,13,6,3,0,Ativo,2,0.5,0.0
A02982,Associado 2982,48,F,RS,Caxias do Sul,Pessoa Física,2025-03-18,Agência,1,1,1,0,0,0,18,4896.2,7957.7,8,1,8,6,3,0,Ativo,3,0.5,0.0
A02983,Associado 2983,41,F,SP,São Paulo,Pessoa Física,2023-09-24,Indicação,1,0,0,0,0,0,2,2078.58,0.0,9,243,0,7,1,0,Churned,1,0.14,0.0
A02984,Associado 2984,55,M,SP,São Paulo,Agro,2022-10-12,Agência,1,0,0,1,0,0,4,11114.14,0.0,8,102,2,8,3,1,Inativo,2,0.38,0.33
A02985,Associado 2985,48,M,SC,Joinville,Pessoa Física,2023-11-04,Indicação,1,1,1,1,1,0,123,5032.93,3801.02,10,8,39,8,8,1,Ativo,5,1.0,0.12
A02986,Associado 2986,25,F,RJ,Rio de Janeiro,Agro,2022-12-11,Digital,1,1,0,0,0,1,25,10892.75,31091.59,7,20,5,7,3,0,Ativo,3,0.43,0.0
A02987,Associado 2987,31,F,RS,Porto Alegre,Agro,2018-09-21,Digital,1,0,0,0,0,1,17,19494.01,3543.71,7,1,7,8,3,0,Ativo,2,0.38,0.0
A02988,Associado 2988,49,F,SC,Joinville,Pessoa Física,2021-06-02,Campanha,1,1,0,0,0,0,26,5580.33,11062.66,10,10,7,2,1,0,Ativo,2,0.5,0.0
A02989,Associado 2989,42,M,SP,São Paulo,Pessoa Física,2018-08-04,Indicação,1,1,1,0,0,0,28,4213.39,10109.47,10,4,6,3,2,1,Ativo,3,0.67,0.5
A02990,Associado 2990,45,M,MG,Belo Horizonte,Pessoa Física,2018-08-19,Agência,1,1,0,0,0,0,0,4125.05,0.0,10,195,0,4,0,0,Churned,2,0.0,0.0
A02991,Associado 2991,32,F,RS,Porto Alegre,Agro,2022-09-22,Agência,1,1,0,0,0,1,23,1949.84,0.0,9,7,5,11,5,1,Ativo,3,0.45,0.2
A02992,Associado 2992,63,F,SP,São Paulo,Pessoa Física,2025-05-25,Campanha,1,0,0,0,1,0,21,3120.39,0.0,7,3,5,4,0,0,Ativo,2,0.0,0.0
A02993,Associado 2993,56,M,PR,Curitiba,Pessoa Física,2021-04-15,Agência,0,0,0,0,1,0,18,0.0,147922.35,8,12,8,6,2,1,Ativo,1,0.33,0.5
A02994,Associado 2994,34,M,SC,Florianópolis,Pessoa Física,2025-07-12,Digital,1,1,0,0,0,0,13,7386.95,0.0,6,0,9,9,3,0,Ativo,2,0.33,0.0
A02995,Associado 2995,60,F,RS,Caxias do Sul,Pessoa Física,2022-03-21,Indicação,1,0,0,0,0,0,19,1374.08,11947.59,7,24,5,9,3,1,Ativo,1,0.33,0.33
A02996,Associado 2996,48,F,MG,Belo Horizonte,Agro,2022-10-13,Digital,1,1,0,0,1,1,38,26799.59,6532.73,10,4,7,8,3,1,Ativo,4,0.38,0.33
A02997,Associado 2997,32,M,RS,Caxias do Sul,Pessoa Jurídica,2019-12-08,Indicação,1,0,1,0,0,0,36,9496.31,5440.54,10,21,8,7,2,0,Ativo,2,0.29,0.0
A02998,Associado 2998,68,M,RS,Porto Alegre,Agro,2019-05-28,Indicação,1,0,0,0,1,1,1,5045.02,20990.57,8,103,1,3,1,0,Churned,3,0.33,0.0
A02999,Associado 2999,35,M,RS,Caxias do Sul,Pessoa Física,2023-03-12,Indicação,1,0,0,0,0,0,1,16379.33,714.72,8,282,1,5,1,1,Churned,1,0.2,1.0
A03000,Associado 3000,43,M,MG,Belo Horizonte,Pessoa Física,2021-01-29,Indicação,1,1,0,0,1,0,50,2173.63,14996.92,9,12,14,6,4,2,Ativo,3,0.67,0.5
A03001,Associado 3001,37,M,PR,Curitiba,Agro,2024-06-10,Digital,1,0,0,0,0,0,3,4299.84,0.0,7,219,0,6,2,0,Churned,1,0.33,0.0
A03002,Associado 3002,41,F,SP,São Paulo,Pessoa Física,2023-04-21,Digital,1,1,1,0,0,1,44,761.26,8404.74,10,75,12,9,4,0,Ativo,4,0.44,0.0
A03003,Associado 3003,29,F,RS,Porto Alegre,Agro,2023-06-16,Digital,1,0,1,0,0,1,19,4479.09,17218.62,9,23,5,8,2,1,Ativo,3,0.25,0.5
A03004,Associado 3004,41,M,PR,Curitiba,Pessoa Física,2018-12-17,Indicação,1,1,1,0,0,0,23,1474.33,0.0,9,15,7,7,4,0,Ativo,3,0.57,0.0
A03005,Associado 3005,39,M,PR,Curitiba,Pessoa Física,2020-03-13,Campanha,1,1,1,0,0,0,29,1037.64,0.0,7,9,7,8,5,0,Ativo,3,0.62,0.0
A03006,Associado 3006,48,M,SP,São Paulo,Pessoa Jurídica,2019-03-27,Agência,1,1,0,0,0,0,38,17697.93,27814.36,10,24,6,2,2,0,Ativo,2,1.0,0.0
A03007,Associado 3007,42,M,MG,Belo Horizonte,Agro,2021-07-16,Digital,1,0,0,0,0,1,8,3076.93,0.0,10,90,2,5,4,0,Inativo,2,0.8,0.0
A03008,Associado 3008,44,F,RS,Porto Alegre,Agro,2020-06-20,Campanha,0,0,0,0,0,1,1,0.0,0.0,8,178,0,6,2,1,Churned,1,0.33,0.5
A03009,Associado 3009,32,F,PR,Londrina,Pessoa Física,2025-09-10,Digital,0,0,0,0,0,0,0,0.0,15800.5,8,282,1,8,1,0,Churned,0,0.12,0.0
A03010,Associado 3010,49,F,RS,Caxias do Sul,Pessoa Física,2025-08-12,Agência,1,1,0,1,0,0,49,1693.76,0.0,7,4,10,4,2,0,Ativo,3,0.5,0.0
A03011,Associado 3011,48,F,SC,Joinville,Pessoa Física,2018-03-04,Indicação,1,1,0,0,1,0,39,5302.5,0.0,10,31,13,5,2,0,Ativo,3,0.4,0.0
A03012,Associado 3012,46,M,RS,Porto Alegre,Pessoa Jurídica,2022-11-24,Campanha,0,1,0,0,0,0,7,0.0,2116.86,8,82,2,7,3,0,Inativo,1,0.43,0.0
A03013,Associado 3013,51,M,RS,Porto Alegre,Pessoa Jurídica,2019-05-20,Indicação,1,1,1,0,0,0,56,55471.28,20129.21,7,7,7,9,2,1,Ativo,3,0.22,0.5
A03014,Associado 3014,67,F,SC,Joinville,Pessoa Física,2024-05-01,Indicação,1,1,0,0,0,0,45,2223.72,45366.33,9,13,9,3,0,0,Ativo,2,0.0,0.0
A03015,Associado 3015,39,M,PR,Curitiba,Agro,2022-08-27,Agência,1,1,1,0,0,0,14,3781.76,0.0,9,64,3,0,0,0,Inativo,3,0.0,0.0
A03016,Associado 3016,47,F,RS,Porto Alegre,Pessoa Jurídica,2025-01-26,Campanha,1,1,0,0,1,0,27,73587.16,3230.75,9,122,1,2,0,0,Inativo,3,0.0,0.0
A03017,Associado 3017,28,M,SP,São Paulo,Pessoa Jurídica,2022-07-12,Digital,1,0,1,0,0,0,108,6734.6,7968.84,10,0,47,6,6,0,Ativo,2,1.0,0.0
A03018,Associado 3018,50,M,SC,Florianópolis,Pessoa Física,2021-04-23,Campanha,0,0,0,0,0,0,2,0.0,0.0,9,93,0,9,3,0,Inativo,0,0.33,0.0
A03019,Associado 3019,53,F,RS,Caxias do Sul,Pessoa Física,2024-12-17,Digital,1,1,0,0,0,0,27,6571.08,58261.62,6,1,5,6,0,0,Ativo,2,0.0,0.0
A03020,Associado 3020,40,M,SP,São Paulo,Agro,2022-05-14,Agência,1,0,0,0,0,1,21,12653.46,13460.38,8,30,1,7,3,0,Ativo,2,0.43,0.0
A03021,Associado 3021,39,M,RS,Caxias do Sul,Pessoa Física,2023-01-13,Digital,1,1,0,0,0,0,17,5949.66,26586.68,6,17,13,7,4,1,Ativo,2,0.57,0.25
A03022,Associado 3022,47,M,SC,Florianópolis,Agro,2020-02-03,Agência,0,1,0,0,1,1,14,0.0,0.0,10,5,3,7,3,0,Ativo,3,0.43,0.0
A03023,Associado 3023,51,F,PR,Londrina,Agro,2024-07-06,Indicação,0,1,1,0,0,1,21,0.0,17034.81,10,8,6,5,3,1,Ativo,3,0.6,0.33
A03024,Associado 3024,68,M,RS,Porto Alegre,Pessoa Jurídica,2024-05-28,Campanha,1,1,1,0,1,0,97,9988.66,3449.48,10,25,9,1,1,0,Ativo,4,1.0,0.0
A03025,Associado 3025,52,M,RS,Porto Alegre,Pessoa Física,2019-03-02,Indicação,1,0,0,0,0,0,3,903.24,0.0,7,289,0,9,2,1,Churned,1,0.22,0.5
A03026,Associado 3026,41,M,SC,Florianópolis,Pessoa Física,2024-05-31,Campanha,0,1,0,0,1,0,5,0.0,10281.36,10,100,4,3,1,0,Inativo,2,0.33,0.0
A03027,Associado 3027,37,F,MG,Belo Horizonte,Pessoa Física,2020-04-12,Digital,1,0,0,0,0,0,15,2056.78,0.0,7,0,10,2,0,0,Ativo,1,0.0,0.0
A03028,Associado 3028,31,M,PR,Curitiba,Pessoa Física,2019-05-15,Indicação,0,0,1,0,0,0,8,0.0,0.0,4,9,4,9,3,0,Ativo,1,0.33,0.0
A03029,Associado 3029,30,M,PR,Curitiba,Pessoa Física,2020-04-24,Indicação,1,1,1,1,1,1,38,4415.59,0.0,10,6,12,5,3,1,Ativo,6,0.6,0.33
A03030,Associado 3030,69,F,PR,Curitiba,Pessoa Física,2025-05-24,Indicação,1,1,1,0,1,0,36,924.44,6562.33,7,17,11,2,0,0,Ativo,4,0.0,0.0
A03031,Associado 3031,26,M,RS,Porto Alegre,Pessoa Física,2020-11-26,Digital,0,0,0,0,0,0,1,0.0,0.0,7,251,0,5,2,0,Churned,0,0.4,0.0
A03032,Associado 3032,31,M,SC,Joinville,Pessoa Física,2022-03-30,Digital,0,0,0,0,0,0,12,0.0,581.04,5,10,16,6,3,0,Ativo,0,0.5,0.0
A03033,Associado 3033,34,M,SP,São Paulo,Pessoa Física,2025-05-05,Indicação,1,1,0,0,0,0,8,1253.52,0.0,5,116,3,8,3,2,Inativo,2,0.38,0.67
A03034,Associado 3034,36,F,RS,Porto Alegre,Pessoa Física,2021-11-21,Agência,0,1,0,0,0,0,4,0.0,794.57,9,109,0,6,2,0,Inativo,1,0.33,0.0
A03035,Associado 3035,39,M,RS,Porto Alegre,Pessoa Física,2020-01-20,Indicação,1,0,0,0,0,0,22,15246.17,0.0,7,2,7,4,0,0,Ativo,1,0.0,0.0
A03036,Associado 3036,62,M,RS,Caxias do Sul,Pessoa Jurídica,2024-09-09,Campanha,1,0,0,0,0,0,3,6212.41,0.0,7,137,0,7,3,0,Churned,1,0.43,0.0
A03037,Associado 3037,32,F,SC,Florianópolis,Pessoa Física,2022-05-10,Digital,1,1,0,0,0,0,22,2846.34,5023.98,7,4,11,5,3,0,Ativo,2,0.6,0.0
A03038,Associado 3038,29,F,RJ,Rio de Janeiro,Pessoa Física,2023-05-02,Indicação,1,0,0,0,0,0,9,1716.45,0.0,7,86,1,6,0,0,Inativo,1,0.0,0.0
A03039,Associado 3039,74,M,RS,Porto Alegre,Pessoa Jurídica,2020-11-11,Indicação,0,0,0,1,0,0,0,0.0,50216.96,10,114,0,6,1,1,Inativo,1,0.17,1.0
A03040,Associado 3040,32,M,SC,Joinville,Pessoa Jurídica,2019-05-10,Indicação,1,1,1,0,0,0,69,11718.07,10278.81,10,48,16,8,5,1,Ativo,3,0.62,0.2
A03041,Associado 3041,40,M,RS,Porto Alegre,Pessoa Física,2021-05-11,Digital,1,1,0,0,0,0,10,5961.19,2779.58,9,133,6,7,3,3,Inativo,2,0.43,1.0
A03042,Associado 3042,62,F,RJ,Rio de Janeiro,Pessoa Jurídica,2020-08-07,Campanha,1,0,0,0,1,0,20,26429.27,24509.79,4,114,3,5,2,0,Inativo,2,0.4,0.0
A03043,Associado 3043,42,M,RS,Porto Alegre,Agro,2021-10-01,Digital,1,0,0,0,0,1,1,16681.86,17568.64,10,224,0,7,1,1,Churned,2,0.14,1.0
A03044,Associado 3044,40,F,SC,Joinville,Pessoa Jurídica,2020-11-04,Agência,1,1,1,0,0,0,86,12779.02,24215.33,9,16,17,7,5,0,Ativo,3,0.71,0.0
A03045,Associado 3045,31,M,SP,São Paulo,Pessoa Física,2020-11-19,Indicação,1,0,0,0,0,0,1,2366.01,0.0,9,251,0,3,1,0,Churned,1,0.33,0.0
A03046,Associado 3046,34,F,SP,São Paulo,Pessoa Jurídica,2022-11-23,Indicação,1,1,0,0,0,0,35,5947.8,9655.84,8,5,4,8,2,1,Ativo,2,0.25,0.5
A03047,Associado 3047,35,F,SC,Joinville,Pessoa Física,2024-01-17,Indicação,1,1,1,1,1,0,23,4567.16,12460.54,10,3,10,3,0,0,Ativo,5,0.0,0.0
A03048,Associado 3048,46,F,RS,Porto Alegre,Pessoa Física,2022-07-11,Agência,0,0,0,0,1,0,17,0.0,20359.9,9,15,7,1,1,0,Ativo,1,1.0,0.0
A03049,Associado 3049,48,M,SC,Florianópolis,Agro,2025-06-10,Agência,1,1,0,0,1,1,29,5821.08,93112.22,9,0,9,8,4,0,Ativo,4,0.5,0.0
A03050,Associado 3050,44,F,RS,Caxias do Sul,Pessoa Física,2019-09-12,Campanha,1,1,0,0,0,0,36,3428.76,0.0,10,23,12,9,2,1,Ativo,2,0.22,0.5
A03051,Associado 3051,46,F,RS,Porto Alegre,Agro,2019-09-19,Agência,1,1,0,0,1,0,42,7126.96,29078.69,10,15,6,6,4,0,Ativo,3,0.67,0.0
A03052,Associado 3052,33,M,SC,Joinville,Pessoa Física,2018-09-29,Indicação,1,1,0,0,0,0,41,1702.6,0.0,5,6,13,3,3,0,Ativo,2,1.0,0.0
A03053,Associado 3053,50,F,RS,Porto Alegre,Agro,2019-02-24,Indicação,1,1,1,1,1,1,26,1075.78,12490.22,10,125,4,11,1,0,Inativo,6,0.09,0.0
A03054,Associado 3054,61,F,RS,Porto Alegre,Pessoa Física,2023-08-10,Indicação,1,0,1,0,0,0,28,2824.98,19576.93,7,1,10,7,3,0,Ativo,2,0.43,0.0
A03055,Associado 3055,44,M,PR,Curitiba,Pessoa Física,2019-05-04,Agência,1,1,1,1,1,0,62,2081.78,0.0,8,23,20,4,3,1,Ativo,5,0.75,0.33
A03056,Associado 3056,44,F,RJ,Rio de Janeiro,Pessoa Física,2024-02-02,Indicação,1,1,0,0,0,0,48,1043.75,0.0,10,2,13,2,1,0,Ativo,2,0.5,0.0
A03057,Associado 3057,47,M,PR,Curitiba,Pessoa Física,2020-03-06,Campanha,1,1,0,0,0,0,7,668.99,10036.15,10,72,1,7,2,0,Inativo,2,0.29,0.0
A03058,Associado 3058,32,M,RS,Porto Alegre,Pessoa Física,2021-09-03,Digital,1,0,0,0,0,0,8,2512.55,0.0,9,128,4,6,1,0,Inativo,1,0.17,0.0
A03059,Associado 3059,43,M,RS,Porto Alegre,Pessoa Jurídica,2025-09-10,Digital,1,1,1,0,0,0,66,12396.92,12476.23,7,9,22,8,6,0,Ativo,3,0.75,0.0
A03060,Associado 3060,22,F,RJ,Rio de Janeiro,Pessoa Física,2019-04-12,Digital,1,0,0,0,0,0,0,2412.35,0.0,7,244,0,8,1,0,Churned,1,0.12,0.0
A03061,Associado 3061,51,M,RS,Porto Alegre,Pessoa Jurídica,2019-03-16,Agência,1,1,1,0,0,0,50,10959.85,0.0,7,5,5,3,0,0,Ativo,3,0.0,0.0
A03062,Associado 3062,46,F,RS,Porto Alegre,Pessoa Física,2021-09-16,Campanha,1,1,0,0,0,0,32,3996.78,0.0,7,16,11,6,2,2,Ativo,2,0.33,1.0
A03063,Associado 3063,61,F,PR,Curitiba,Pessoa Física,2018-09-30,Campanha,1,0,0,0,0,0,14,3947.94,21407.16,8,6,4,3,0,0,Ativo,1,0.0,0.0
A03064,Associado 3064,32,F,PR,Londrina,Agro,2025-07-12,Campanha,1,0,0,0,0,1,0,8033.77,3525.46,6,217,0,3,0,0,Churned,2,0.0,0.0
A03065,Associado 3065,43,F,PR,Curitiba,Pessoa Física,2020-11-10,Digital,0,0,0,0,0,0,0,0.0,22196.99,4,120,3,7,4,0,Inativo,0,0.57,0.0
A03066,Associado 3066,51,M,RS,Porto Alegre,Pessoa Jurídica,2024-01-22,Indicação,1,1,1,1,0,0,109,5706.14,0.0,7,51,10,7,2,1,Ativo,4,0.29,0.5
A03067,Associado 3067,35,M,RS,Porto Alegre,Pessoa Jurídica,2022-02-24,Agência,1,1,0,0,0,0,61,71446.18,13053.52,8,14,5,5,1,0,Ativo,2,0.2,0.0
A03068,Associado 3068,52,F,RJ,Rio de Janeiro,Pessoa Física,2020-08-13,Indicação,0,0,1,1,0,0,13,0.0,8412.01,10,1,1,7,1,0,Ativo,2,0.14,0.0
A03069,Associado 3069,22,F,RS,Porto Alegre,Agro,2021-07-14,Digital,1,0,0,0,0,1,3,3667.47,0.0,6,295,1,4,0,0,Churned,2,0.0,0.0
A03070,Associado 3070,44,M,PR,Curitiba,Pessoa Jurídica,2023-04-04,Campanha,1,1,0,0,0,0,27,15767.19,3710.06,8,7,1,4,1,0,Ativo,2,0.25,0.0
A03071,Associado 3071,56,M,SP,São Paulo,Pessoa Física,2018-07-07,Indicação,1,1,0,0,0,0,18,2281.56,2087.41,4,6,3,5,1,1,Ativo,2,0.2,1.0
A03072,Associado 3072,39,M,PR,Curitiba,Agro,2022-02-07,Campanha,1,0,0,0,0,1,7,4074.68,19763.84,9,88,4,7,4,0,Inativo,2,0.57,0.0
A03073,Associado 3073,49,F,RS,Caxias do Sul,Pessoa Física,2018-07-27,Campanha,1,1,0,0,0,0,12,11943.84,91656.1,9,81,4,3,1,0,Inativo,2,0.33,0.0
A03074,Associado 3074,44,M,RS,Porto Alegre,Pessoa Física,2018-03-15,Campanha,1,0,1,0,0,0,8,6456.04,0.0,9,5,3,4,2,0,Ativo,2,0.5,0.0
A03075,Associado 3075,39,M,PR,Curitiba,Agro,2025-06-14,Agência,1,1,0,0,0,1,53,15898.44,4215.08,10,13,13,6,4,1,Ativo,3,0.67,0.25
A03076,Associado 3076,52,M,MG,Belo Horizonte,Pessoa Jurídica,2019-11-04,Indicação,0,0,0,0,0,0,0,0.0,11311.03,8,80,2,4,1,0,Inativo,0,0.25,0.0
A03077,Associado 3077,21,F,MG,Belo Horizonte,Pessoa Jurídica,2024-12-12,Digital,1,0,1,1,0,0,43,11993.95,0.0,9,6,18,8,7,0,Ativo,3,0.88,0.0
A03078,Associado 3078,40,M,RS,Porto Alegre,Pessoa Jurídica,2025-03-04,Digital,1,0,0,1,0,0,12,2591.6,13890.23,8,112,3,5,0,0,Inativo,2,0.0,0.0
A03079,Associado 3079,24,M,RS,Porto Alegre,Pessoa Jurídica,2020-11-15,Agência,1,1,0,0,1,0,57,30537.57,0.0,10,2,9,5,0,0,Ativo,3,0.0,0.0
A03080,Associado 3080,55,M,MG,Belo Horizonte,Agro,2020-05-23,Indicação,1,1,0,1,0,0,47,40049.44,23282.14,8,11,13,5,5,1,Ativo,3,1.0,0.2
A03081,Associado 3081,47,F,SP,São Paulo,Pessoa Física,2022-11-29,Digital,1,1,1,0,0,0,50,10531.53,10608.2,10,2,19,8,6,1,Ativo,3,0.75,0.17
A03082,Associado 3082,35,F,MG,Belo Horizonte,Pessoa Física,2023-02-25,Digital,1,1,0,0,0,0,18,6540.64,8033.79,10,32,13,3,2,2,Ativo,2,0.67,1.0
A03083,Associado 3083,47,M,RS,Porto Alegre,Pessoa Física,2019-05-30,Indicação,1,0,0,0,0,0,26,5711.17,0.0,10,15,6,15,3,0,Ativo,1,0.2,0.0
A03084,Associado 3084,42,F,PR,Curitiba,Pessoa Jurídica,2022-12-29,Campanha,1,1,0,0,0,0,73,7751.03,12402.89,6,56,5,9,3,0,Ativo,2,0.33,0.0
A03085,Associado 3085,69,F,SP,São Paulo,Pessoa Física,2018-10-07,Indicação,0,0,0,0,1,0,6,0.0,30882.89,8,6,2,1,0,0,Ativo,1,0.0,0.0
A03086,Associado 3086,37,M,PR,Curitiba,Pessoa Física,2020-01-30,Digital,1,1,0,0,0,0,34,4751.42,5231.07,4,2,15,9,5,0,Ativo,2,0.56,0.0
A03087,Associado 3087,41,F,SC,Florianópolis,Pessoa Física,2019-07-10,Digital,1,1,1,0,0,0,45,1950.89,0.0,6,2,26,9,7,2,Ativo,3,0.78,0.29
A03088,Associado 3088,49,M,RS,Caxias do Sul,Agro,2020-11-22,Agência,0,1,0,0,0,1,34,0.0,19909.2,7,1,12,4,2,0,Ativo,2,0.5,0.0
A03089,Associado 3089,33,F,PR,Curitiba,Pessoa Jurídica,2018-10-18,Digital,1,0,0,0,0,0,57,13260.68,9792.43,8,3,14,4,3,0,Ativo,1,0.75,0.0
A03090,Associado 3090,46,F,RS,Porto Alegre,Pessoa Física,2020-02-24,Agência,1,1,1,1,1,0,39,4719.25,10055.66,10,37,6,7,3,0,Ativo,5,0.43,0.0
A03091,Associado 3091,64,M,SC,Florianópolis,Pessoa Física,2022-06-11,Campanha,0,0,1,0,1,0,15,0.0,0.0,10,3,6,5,3,0,Ativo,2,0.6,0.0
A03092,Associado 3092,28,M,RJ,Rio de Janeiro,Pessoa Física,2020-01-12,Digital,1,1,1,0,0,0,20,40633.06,0.0,10,1,9,6,3,0,Ativo,3,0.5,0.0
A03093,Associado 3093,69,M,SC,Joinville,Pessoa Física,2018-03-24,Agência,1,1,1,0,0,0,38,3506.16,60859.6,10,7,9,5,4,1,Ativo,3,0.8,0.25
A03094,Associado 3094,54,F,SP,São Paulo,Pessoa Física,2023-07-05,Digital,1,1,0,0,1,0,58,2924.81,7696.83,10,1,33,7,7,0,Ativo,3,1.0,0.0
A03095,Associado 3095,50,F,RS,Caxias do Sul,Agro,2025-05-13,Digital,0,0,0,0,0,1,16,0.0,0.0,5,20,5,4,2,0,Ativo,1,0.5,0.0
A03096,Associado 3096,21,F,PR,Londrina,Agro,2021-03-07,Digital,1,1,0,0,1,0,10,5819.09,0.0,9,168,3,4,2,0,Inativo,3,0.5,0.0
A03097,Associado 3097,32,F,RJ,Rio de Janeiro,Pessoa Física,2018-03-24,Agência,1,0,0,0,0,0,15,1071.3,0.0,6,5,3,4,1,0,Ativo,1,0.25,0.0
A03098,Associado 3098,55,M,RS,Porto Alegre,Pessoa Física,2022-09-07,Campanha,1,0,0,0,1,0,15,5328.34,0.0,6,9,5,3,0,0,Ativo,2,0.0,0.0
A03099,Associado 3099,39,M,RS,Porto Alegre,Pessoa Física,2019-10-10,Agência,1,1,0,0,1,0,27,3592.41,18387.57,7,2,8,4,3,0,Ativo,3,0.75,0.0
A03100,Associado 3100,49,M,SC,Florianópolis,Pessoa Física,2025-04-20,Agência,1,1,0,0,0,0,22,1303.36,9670.36,9,9,3,6,2,0,Ativo,2,0.33,0.0
A03101,Associado 3101,47,M,RS,Caxias do Sul,Pessoa Física,2018-05-31,Agência,0,0,0,0,0,0,3,0.0,5291.48,8,289,3,8,3,2,Churned,0,0.38,0.67
A03102,Associado 3102,48,M,SP,São Paulo,Pessoa Física,2020-08-01,Digital,1,1,0,0,0,0,1,11843.64,12875.95,5,102,0,8,1,0,Churned,2,0.12,0.0
A03103,Associado 3103,39,F,MG,Belo Horizonte,Pessoa Física,2022-10-24,Agência,1,1,0,0,0,0,23,1465.49,0.0,8,17,3,6,2,0,Ativo,2,0.33,0.0
A03104,Associado 3104,66,F,SC,Joinville,Pessoa Jurídica,2020-05-09,Agência,1,1,0,0,1,0,32,8398.47,12165.48,8,18,5,12,4,1,Ativo,3,0.33,0.25
A03105,Associado 3105,30,M,RS,Porto Alegre,Pessoa Jurídica,2024-06-24,Digital,1,1,1,0,0,0,21,13885.87,0.0,6,101,5,2,0,0,Inativo,3,0.0,0.0
A03106,Associado 3106,40,F,SC,Florianópolis,Pessoa Jurídica,2023-02-12,Digital,1,0,0,0,0,0,15,13451.96,0.0,10,125,1,3,2,0,Inativo,1,0.67,0.0
A03107,Associado 3107,39,F,SP,São Paulo,Pessoa Física,2018-04-25,Agência,0,0,0,0,0,0,0,0.0,0.0,4,321,1,7,1,0,Churned,0,0.14,0.0
A03108,Associado 3108,29,F,RS,Porto Alegre,Agro,2025-07-15,Digital,1,1,1,1,0,1,87,1894.97,4231.55,8,2,20,6,5,2,Ativo,5,0.83,0.4
A03109,Associado 3109,32,M,PR,Londrina,Agro,2019-12-27,Digital,1,1,0,0,1,1,42,13528.54,0.0,10,18,14,5,5,1,Ativo,4,1.0,0.2
A03110,Associado 3110,57,F,PR,Curitiba,Pessoa Física,2022-03-31,Agência,1,1,0,0,0,0,38,1965.17,221172.94,10,16,4,5,2,0,Ativo,2,0.4,0.0
A03111,Associado 3111,21,M,PR,Curitiba,Pessoa Física,2021-01-12,Digital,1,1,1,0,0,0,30,6745.93,0.0,10,12,15,10,6,1,Ativo,3,0.6,0.17
A03112,Associado 3112,50,F,RS,Porto Alegre,Pessoa Física,2020-06-05,Agência,1,0,1,0,0,0,12,1390.21,0.0,6,71,2,4,1,0,Inativo,2,0.25,0.0
A03113,Associado 3113,53,F,SP,São Paulo,Pessoa Física,2025-09-26,Agência,1,0,0,0,0,0,2,3647.19,0.0,5,287,1,3,0,0,Churned,1,0.0,0.0
A03114,Associado 3114,21,M,RS,Caxias do Sul,Pessoa Física,2020-03-20,Digital,0,1,0,0,0,0,7,0.0,3529.05,8,20,19,3,3,1,Ativo,1,1.0,0.33
A03115,Associado 3115,47,M,RS,Porto Alegre,Pessoa Física,2024-01-11,Agência,1,0,0,0,0,0,18,648.16,33215.66,10,7,3,3,0,0,Ativo,1,0.0,0.0
A03116,Associado 3116,35,M,MG,Belo Horizonte,Pessoa Física,2023-01-15,Agência,1,1,1,0,0,0,26,2200.3,0.0,9,1,5,9,3,1,Ativo,3,0.33,0.33
A03117,Associado 3117,41,M,SP,São Paulo,Pessoa Física,2018-09-10,Digital,1,0,0,1,0,0,30,846.11,0.0,9,60,10,5,2,0,Ativo,2,0.4,0.0
A03118,Associado 3118,51,F,RS,Caxias do Sul,Pessoa Física,2024-12-24,Campanha,1,1,0,0,1,0,33,4040.38,13755.64,6,8,10,6,3,0,Ativo,3,0.5,0.0
A03119,Associado 3119,60,M,RS,Porto Alegre,Agro,2024-10-31,Indicação,1,1,1,0,0,0,21,2982.43,22934.97,9,38,1,6,1,0,Ativo,3,0.17,0.0
A03120,Associado 3120,41,M,RS,Caxias do Sul,Pessoa Física,2021-07-20,Indicação,1,1,0,0,0,0,17,921.37,78068.58,9,1,4,5,1,0,Ativo,2,0.2,0.0
A03121,Associado 3121,43,F,RS,Porto Alegre,Pessoa Jurídica,2020-04-04,Campanha,1,1,0,0,1,0,48,9161.05,19250.58,8,1,5,19,5,1,Ativo,3,0.26,0.2
A03122,Associado 3122,32,F,RS,Caxias do Sul,Pessoa Física,2019-05-22,Campanha,1,1,1,0,1,0,2,6156.82,0.0,10,235,2,7,1,0,Churned,4,0.14,0.0
A03123,Associado 3123,46,F,RS,Porto Alegre,Pessoa Física,2023-12-20,Indicação,1,0,0,0,0,0,29,3678.15,17977.17,10,30,3,6,3,0,Ativo,1,0.5,0.0
A03124,Associado 3124,31,M,SC,Florianópolis,Pessoa Física,2022-10-01,Digital,1,0,0,0,0,0,21,4606.82,24994.5,4,0,19,5,4,2,Ativo,1,0.8,0.5
A03125,Associado 3125,50,M,SP,São Paulo,Pessoa Física,2018-12-17,Digital,1,1,0,0,0,0,18,2878.0,0.0,8,24,8,6,2,0,Ativo,2,0.33,0.0
A03126,Associado 3126,53,F,PR,Londrina,Pessoa Física,2021-01-11,Agência,1,0,1,0,0,0,3,2596.92,39147.7,6,222,0,6,2,0,Churned,2,0.33,0.0
A03127,Associado 3127,39,F,PR,Curitiba,Pessoa Física,2023-06-11,Indicação,1,0,0,0,0,0,27,980.28,2920.91,10,9,9,5,3,1,Ativo,1,0.6,0.33
A03128,Associado 3128,38,F,RS,Caxias do Sul,Pessoa Física,2020-03-28,Campanha,1,1,0,0,1,0,33,1811.42,0.0,8,5,5,4,2,1,Ativo,3,0.5,0.5
A03129,Associado 3129,36,M,RJ,Rio de Janeiro,Pessoa Jurídica,2023-12-14,Digital,1,1,0,0,0,0,9,8049.33,0.0,7,302,1,4,1,0,Churned,2,0.25,0.0
A03130,Associado 3130,56,F,SP,São Paulo,Pessoa Física,2020-04-14,Indicação,1,1,0,0,0,0,8,3221.84,11059.51,10,64,0,7,2,1,Inativo,2,0.29,0.5
A03131,Associado 3131,41,M,SP,São Paulo,Pessoa Jurídica,2023-06-11,Digital,1,1,0,0,0,0,62,32845.75,0.0,6,9,14,7,4,1,Ativo,2,0.57,0.25
A03132,Associado 3132,55,M,SP,São Paulo,Pessoa Física,2020-06-14,Digital,1,1,1,0,0,0,51,16011.19,28781.37,3,9,20,6,6,1,Ativo,3,1.0,0.17
A03133,Associado 3133,28,F,MG,Belo Horizonte,Pessoa Jurídica,2024-11-14,Digital,1,1,0,0,0,0,59,16438.48,0.0,9,9,6,4,1,0,Ativo,2,0.25,0.0
A03134,Associado 3134,22,M,SC,Florianópolis,Pessoa Física,2025-04-26,Digital,1,1,0,0,0,0,18,13677.45,0.0,10,137,10,5,2,1,Inativo,2,0.4,0.5
A03135,Associado 3135,40,M,RS,Porto Alegre,Pessoa Jurídica,2023-11-23,Digital,1,1,1,1,0,0,86,13011.63,1318.94,8,1,21,5,3,2,Ativo,4,0.6,0.67
A03136,Associado 3136,44,M,PR,Curitiba,Agro,2018-03-04,Indicação,1,0,0,0,0,1,34,6463.48,6931.34,6,1,2,6,0,0,Ativo,2,0.0,0.0
A03137,Associado 3137,33,M,SP,São Paulo,Agro,2020-01-21,Campanha,1,1,0,0,0,1,31,9091.01,0.0,10,1,10,3,2,0,Ativo,3,0.67,0.0
A03138,Associado 3138,65,M,SP,São Paulo,Pessoa Física,2018-01-26,Campanha,1,1,0,0,0,0,26,1852.03,16971.34,9,8,4,8,2,0,Ativo,2,0.25,0.0
A03139,Associado 3139,47,M,SC,Joinville,Agro,2018-01-01,Agência,1,1,1,1,1,0,50,10240.19,2862.12,10,22,15,8,4,1,Ativo,5,0.5,0.25
A03140,Associado 3140,37,F,RS,Porto Alegre,Pessoa Física,2023-11-12,Campanha,1,1,0,0,0,0,8,4117.33,0.0,6,101,3,10,3,0,Inativo,2,0.3,0.0
A03141,Associado 3141,51,M,SC,Joinville,Agro,2024-11-04,Digital,1,0,0,0,0,1,23,7028.71,3418.29,7,6,4,7,2,1,Ativo,2,0.29,0.5
A03142,Associado 3142,46,F,MG,Belo Horizonte,Pessoa Física,2023-04-22,Digital,1,0,0,0,0,0,35,1288.49,4546.26,6,1,7,6,1,0,Ativo,1,0.17,0.0
A03143,Associado 3143,42,M,PR,Curitiba,Pessoa Física,2022-08-29,Indicação,1,0,1,0,0,0,31,1635.55,14980.17,6,6,10,3,1,1,Ativo,2,0.33,1.0
A03144,Associado 3144,35,F,SC,Joinville,Pessoa Física,2018-10-25,Digital,1,1,0,0,0,0,33,9486.45,0.0,10,3,18,8,5,1,Ativo,2,0.62,0.2
A03145,Associado 3145,39,F,RS,Porto Alegre,Pessoa Física,2023-06-08,Agência,1,1,1,0,0,0,34,4080.08,0.0,8,9,4,9,3,0,Ativo,3,0.33,0.0
A03146,Associado 3146,32,F,SC,Florianópolis,Pessoa Jurídica,2024-04-20,Digital,0,0,0,0,0,0,2,0.0,0.0,6,327,1,7,2,1,Churned,0,0.29,0.5
A03147,Associado 3147,44,M,MG,Belo Horizonte,Agro,2022-05-14,Indicação,1,0,0,1,0,1,2,8823.38,0.0,7,303,0,4,0,0,Churned,3,0.0,0.0
A03148,Associado 3148,33,M,PR,Curitiba,Pessoa Jurídica,2018-07-28,Digital,1,1,0,0,1,0,77,14114.86,0.0,10,1,12,5,3,0,Ativo,3,0.6,0.0
A03149,Associado 3149,47,M,SP,São Paulo,Pessoa Jurídica,2022-01-21,Digital,1,0,0,0,0,0,0,5728.58,0.0,7,261,0,6,0,0,Churned,1,0.0,0.0
A03150,Associado 3150,31,M,SC,Florianópolis,Pessoa Jurídica,2020-06-25,Indicação,1,1,0,0,0,0,54,1480.73,15603.11,8,3,8,6,0,0,Ativo,2,0.0,0.0
A03151,Associado 3151,36,M,PR,Curitiba,Pessoa Física,2018-10-11,Indicação,1,0,0,0,0,0,26,2821.68,9121.71,5,22,3,9,1,0,Ativo,1,0.11,0.0
A03152,Associado 3152,35,M,RS,Porto Alegre,Pessoa Física,2018-12-16,Campanha,1,0,1,0,1,0,24,4252.89,8778.64,10,5,8,6,3,1,Ativo,3,0.5,0.33
A03153,Associado 3153,41,F,SP,São Paulo,Pessoa Física,2021-09-18,Digital,1,0,1,1,0,0,28,11366.42,0.0,10,3,17,2,1,0,Ativo,3,0.5,0.0
A03154,Associado 3154,64,M,SC,Joinville,Pessoa Física,2023-07-06,Agência,1,1,0,0,0,0,30,1641.05,15608.96,8,4,8,9,6,1,Ativo,2,0.67,0.17
A03155,Associado 3155,32,M,SC,Florianópolis,Pessoa Física,2022-11-09,Digital,1,1,0,0,0,0,28,2816.3,0.0,8,3,15,4,4,0,Ativo,2,1.0,0.0
A03156,Associado 3156,47,M,PR,Curitiba,Pessoa Física,2021-09-13,Digital,1,1,1,0,0,0,50,1874.01,15688.16,9,2,24,8,8,0,Ativo,3,1.0,0.0
A03157,Associado 3157,49,F,MG,Belo Horizonte,Pessoa Física,2021-08-10,Indicação,1,1,1,0,0,0,24,1715.42,0.0,9,0,5,2,1,0,Ativo,3,0.5,0.0
A03158,Associado 3158,36,F,RS,Porto Alegre,Pessoa Física,2022-02-26,Agência,1,0,0,0,0,0,6,14286.99,0.0,10,76,0,6,2,0,Inativo,1,0.33,0.0
A03159,Associado 3159,34,F,SP,São Paulo,Agro,2018-07-03,Digital,1,1,0,1,0,0,54,1649.33,5869.43,8,0,17,7,5,0,Ativo,3,0.71,0.0
A03160,Associado 3160,31,F,RS,Caxias do Sul,Pessoa Física,2023-07-24,Indicação,0,0,0,0,0,0,1,0.0,0.0,3,221,1,6,1,1,Churned,0,0.17,1.0
A03161,Associado 3161,48,M,SC,Florianópolis,Pessoa Física,2018-07-31,Indicação,1,0,0,0,0,0,1,1756.31,0.0,10,164,0,1,1,0,Churned,1,1.0,0.0
A03162,Associado 3162,39,M,RS,Caxias do Sul,Pessoa Física,2021-06-28,Indicação,1,0,0,0,0,0,27,1516.15,5057.87,6,10,11,5,3,0,Ativo,1,0.6,0.0
A03163,Associado 3163,23,F,RS,Porto Alegre,Pessoa Física,2018-06-16,Indicação,1,1,0,0,0,0,21,2425.18,0.0,8,37,7,4,3,0,Ativo,2,0.75,0.0
A03164,Associado 3164,28,F,SC,Joinville,Pessoa Física,2023-02-15,Indicação,1,1,0,0,0,0,36,4196.45,49843.21,6,36,14,4,1,0,Ativo,2,0.25,0.0
A03165,Associado 3165,66,M,RS,Caxias do Sul,Pessoa Física,2021-03-31,Indicação,1,1,1,0,1,0,9,12586.35,22282.43,7,85,1,3,1,0,Inativo,4,0.33,0.0
A03166,Associado 3166,48,F,SC,Florianópolis,Pessoa Física,2020-05-24,Digital,0,0,1,0,0,0,3,0.0,23746.32,9,276,0,4,1,0,Churned,1,0.25,0.0
A03167,Associado 3167,55,F,MG,Belo Horizonte,Pessoa Física,2021-12-13,Campanha,1,1,0,0,0,0,27,1497.43,0.0,9,2,9,3,1,0,Ativo,2,0.33,0.0
A03168,Associado 3168,42,F,RS,Porto Alegre,Pessoa Física,2022-07-12,Digital,0,0,0,0,0,0,13,0.0,14395.33,6,12,7,6,1,0,Ativo,0,0.17,0.0
A03169,Associado 3169,64,F,SP,São Paulo,Pessoa Física,2019-02-11,Agência,1,0,0,0,0,0,34,1655.67,0.0,7,2,11,11,5,0,Ativo,1,0.45,0.0
A03170,Associado 3170,51,M,SC,Joinville,Pessoa Jurídica,2024-10-21,Agência,1,1,1,0,1,0,55,4051.12,0.0,10,10,6,4,2,0,Ativo,4,0.5,0.0
A03171,Associado 3171,54,F,PR,Curitiba,Pessoa Física,2019-02-09,Indicação,1,0,0,0,0,0,2,3245.61,33411.86,4,168,0,3,1,0,Churned,1,0.33,0.0
A03172,Associado 3172,51,M,RS,Porto Alegre,Pessoa Física,2018-10-02,Campanha,1,1,0,0,1,0,31,1416.64,0.0,9,0,7,5,2,1,Ativo,3,0.4,0.5
A03173,Associado 3173,28,F,RS,Caxias do Sul,Pessoa Física,2021-12-09,Agência,1,1,0,0,0,0,1,1458.1,10600.97,10,202,1,6,3,1,Churned,2,0.5,0.33
A03174,Associado 3174,32,F,RS,Caxias do Sul,Pessoa Jurídica,2025-02-22,Agência,1,1,1,1,1,0,126,22569.58,16625.5,9,12,18,7,7,0,Ativo,5,1.0,0.0
A03175,Associado 3175,40,M,RS,Caxias do Sul,Pessoa Física,2023-11-30,Campanha,1,0,0,1,0,0,17,1243.85,1903.56,10,2,6,3,2,0,Ativo,2,0.67,0.0
A03176,Associado 3176,54,M,RS,Porto Alegre,Pessoa Jurídica,2020-03-02,Campanha,1,1,0,0,0,0,48,10039.89,30431.24,7,12,3,8,2,1,Ativo,2,0.25,0.5
A03177,Associado 3177,29,F,PR,Curitiba,Pessoa Jurídica,2024-06-07,Agência,1,1,0,0,0,0,13,7261.78,0.0,8,47,4,5,3,0,Inativo,2,0.6,0.0
A03178,Associado 3178,28,F,MG,Belo Horizonte,Pessoa Física,2018-05-16,Digital,0,0,0,0,0,0,13,0.0,0.0,5,2,7,8,5,0,Ativo,0,0.62,0.0
A03179,Associado 3179,44,F,SP,São Paulo,Pessoa Física,2018-11-29,Indicação,0,1,0,0,0,0,17,0.0,29212.49,7,2,11,3,3,0,Ativo,1,1.0,0.0
A03180,Associado 3180,23,M,PR,Londrina,Pessoa Física,2020-10-23,Digital,0,0,0,0,0,0,2,0.0,0.0,4,136,0,3,1,0,Churned,0,0.33,0.0
A03181,Associado 3181,54,F,RS,Caxias do Sul,Pessoa Física,2022-03-16,Campanha,1,0,0,0,0,0,3,7340.17,0.0,8,231,1,7,1,0,Churned,1,0.14,0.0
A03182,Associado 3182,34,F,RS,Porto Alegre,Pessoa Física,2023-10-26,Agência,1,1,0,0,0,0,32,3050.44,0.0,10,2,7,7,3,2,Ativo,2,0.43,0.67
A03183,Associado 3183,63,M,RS,Porto Alegre,Pessoa Física,2024-02-11,Agência,1,1,0,0,0,0,22,1513.47,0.0,9,15,5,7,1,0,Ativo,2,0.14,0.0
A03184,Associado 3184,32,F,RS,Porto Alegre,Pessoa Física,2025-03-02,Agência,1,1,1,0,0,0,34,6029.7,4071.65,6,16,12,8,5,1,Ativo,3,0.62,0.2
A03185,Associado 3185,59,F,SC,Joinville,Pessoa Física,2021-04-01,Agência,1,0,0,0,0,0,2,4177.95,82874.83,5,152,3,7,0,0,Inativo,1,0.0,0.0
A03186,Associado 3186,39,F,SC,Florianópolis,Pessoa Jurídica,2020-11-10,Agência,1,0,0,0,0,1,21,29571.19,4480.43,10,3,3,4,0,0,Ativo,2,0.0,0.0
A03187,Associado 3187,48,M,SC,Florianópolis,Pessoa Física,2022-05-21,Agência,1,0,1,0,1,0,25,7580.7,35985.31,9,5,2,11,3,0,Ativo,3,0.27,0.0
A03188,Associado 3188,49,F,SC,Florianópolis,Agro,2020-08-10,Indicação,0,0,1,0,0,1,10,0.0,0.0,8,82,1,2,1,1,Inativo,2,0.5,1.0
A03189,Associado 3189,48,F,SP,São Paulo,Agro,2024-06-04,Agência,0,0,0,0,0,1,13,0.0,3454.34,8,38,3,6,2,0,Ativo,1,0.33,0.0
A03190,Associado 3190,54,F,SP,São Paulo,Agro,2023-06-10,Campanha,1,1,0,0,1,0,42,3177.52,0.0,10,3,2,8,3,0,Ativo,3,0.38,0.0
A03191,Associado 3191,42,F,RS,Caxias do Sul,Pessoa Jurídica,2019-04-17,Digital,1,1,0,0,1,0,42,66265.31,4069.25,7,30,18,4,3,1,Ativo,3,0.75,0.33
A03192,Associado 3192,55,M,MG,Belo Horizonte,Pessoa Física,2024-09-23,Indicação,1,0,0,0,0,0,1,13307.22,12152.69,7,222,0,6,1,0,Churned,1,0.17,0.0
A03193,Associado 3193,52,F,RJ,Rio de Janeiro,Pessoa Física,2025-06-27,Agência,0,0,0,0,0,0,2,0.0,30216.86,5,291,0,6,2,0,Churned,0,0.33,0.0
A03194,Associado 3194,31,F,RS,Caxias do Sul,Pessoa Física,2018-06-14,Agência,1,0,0,0,0,0,33,3052.91,0.0,9,20,18,7,4,0,Ativo,1,0.57,0.0
A03195,Associado 3195,40,F,SC,Joinville,Pessoa Física,2023-06-15,Digital,1,0,0,0,0,0,2,2693.75,0.0,7,158,0,4,1,0,Churned,1,0.25,0.0
A03196,Associado 3196,36,F,SC,Joinville,Pessoa Jurídica,2025-05-29,Digital,1,1,0,0,0,0,7,25147.97,0.0,6,76,5,6,2,0,Inativo,2,0.33,0.0
A03197,Associado 3197,33,M,MG,Belo Horizonte,Agro,2022-10-06,Indicação,1,1,0,0,1,1,39,7584.83,9548.48,10,6,4,6,0,0,Ativo,4,0.0,0.0
A03198,Associado 3198,43,F,MG,Belo Horizonte,Pessoa Física,2018-06-13,Indicação,1,0,1,0,0,0,26,4380.22,0.0,10,25,6,4,1,0,Ativo,2,0.25,0.0
A03199,Associado 3199,48,F,RS,Caxias do Sul,Pessoa Física,2018-04-14,Indicação,1,1,1,0,0,0,43,4004.93,26259.85,7,2,10,4,1,0,Ativo,3,0.25,0.0
A03200,Associado 3200,30,M,SC,Florianópolis,Pessoa Física,2019-08-19,Digital,1,1,0,0,0,0,47,4107.72,8486.7,8,15,24,5,5,1,Ativo,2,1.0,0.2
A03201,Associado 3201,59,F,PR,Curitiba,Pessoa Física,2018-04-30,Campanha,1,1,0,0,0,0,23,3721.46,11516.02,9,12,7,5,1,0,Ativo,2,0.2,0.0
A03202,Associado 3202,41,M,SC,Florianópolis,Pessoa Física,2024-04-25,Digital,1,1,0,0,0,0,35,3299.6,176482.07,5,9,23,2,2,0,Ativo,2,1.0,0.0
A03203,Associado 3203,50,F,RS,Porto Alegre,Pessoa Física,2021-02-01,Campanha,1,0,0,0,1,0,27,3012.13,33015.78,6,2,6,7,1,1,Ativo,2,0.14,1.0
A03204,Associado 3204,52,M,MG,Belo Horizonte,Pessoa Jurídica,2018-12-30,Indicação,1,1,0,0,1,0,85,22143.16,4368.72,10,36,10,6,1,0,Ativo,3,0.17,0.0
A03205,Associado 3205,47,M,PR,Curitiba,Pessoa Física,2022-04-19,Agência,1,1,0,0,0,1,16,1342.48,5440.23,9,15,2,7,3,0,Ativo,3,0.43,0.0
A03206,Associado 3206,30,F,SP,São Paulo,Agro,2019-01-04,Digital,1,1,0,0,0,1,42,5993.55,0.0,9,4,18,3,2,0,Ativo,3,0.67,0.0
A03207,Associado 3207,26,M,MG,Belo Horizonte,Pessoa Jurídica,2020-08-15,Digital,1,0,0,0,0,0,36,7092.94,0.0,9,21,15,7,2,0,Ativo,1,0.29,0.0
A03208,Associado 3208,45,M,SP,São Paulo,Pessoa Jurídica,2022-11-03,Indicação,1,0,0,0,0,1,5,21582.69,0.0,9,194,0,9,3,0,Churned,2,0.33,0.0
A03209,Associado 3209,36,F,SC,Joinville,Pessoa Física,2021-04-23,Digital,1,0,0,0,0,0,9,2085.21,10292.99,6,139,0,12,3,0,Inativo,1,0.25,0.0
A03210,Associado 3210,39,F,PR,Curitiba,Agro,2024-09-07,Indicação,1,0,0,0,0,0,1,3036.13,1245.45,7,289,0,9,3,1,Churned,1,0.33,0.33
A03211,Associado 3211,63,F,RS,Porto Alegre,Pessoa Jurídica,2025-01-21,Agência,1,1,1,0,1,0,62,21702.89,27496.92,9,15,5,10,5,2,Ativo,4,0.5,0.4
A03212,Associado 3212,30,F,PR,Londrina,Pessoa Física,2021-06-08,Agência,1,0,0,0,0,0,0,1449.94,0.0,6,153,1,8,1,0,Churned,1,0.12,0.0
A03213,Associado 3213,56,F,RS,Porto Alegre,Pessoa Física,2018-05-15,Agência,0,0,1,0,1,0,2,0.0,12313.18,9,273,0,5,1,0,Churned,2,0.2,0.0
A03214,Associado 3214,31,F,PR,Londrina,Agro,2023-09-24,Digital,1,1,0,0,0,1,31,4034.06,0.0,10,9,4,6,1,1,Ativo,3,0.17,1.0
A03215,Associado 3215,23,F,RS,Porto Alegre,Pessoa Física,2025-04-25,Indicação,1,1,0,0,0,0,29,3951.99,0.0,7,22,8,7,3,0,Ativo,2,0.43,0.0
A03216,Associado 3216,27,F,RS,Porto Alegre,Pessoa Física,2022-02-24,Digital,1,1,0,0,0,0,5,8088.32,0.0,8,270,2,5,3,0,Churned,2,0.6,0.0
A03217,Associado 3217,35,F,RS,Caxias do Sul,Pessoa Física,2019-08-18,Digital,1,0,0,0,0,0,35,931.91,0.0,8,3,18,8,7,1,Ativo,1,0.88,0.14
A03218,Associado 3218,49,M,RS,Porto Alegre,Pessoa Jurídica,2021-12-16,Agência,1,1,1,0,0,0,37,23529.87,26269.43,7,24,5,6,2,0,Ativo,3,0.33,0.0
A03219,Associado 3219,51,M,SP,São Paulo,Pessoa Jurídica,2020-02-05,Agência,1,0,0,0,1,0,52,13246.8,0.0,6,21,9,6,4,1,Ativo,2,0.67,0.25
A03220,Associado 3220,48,M,SP,São Paulo,Pessoa Física,2023-04-29,Indicação,1,1,0,1,0,0,29,17606.61,12633.43,5,27,4,6,1,1,Ativo,3,0.17,1.0
A03221,Associado 3221,46,M,SC,Joinville,Pessoa Física,2021-09-02,Digital,1,1,1,1,0,0,2,6813.62,0.0,7,264,1,7,1,0,Churned,4,0.14,0.0
A03222,Associado 3222,74,M,RS,Porto Alegre,Agro,2022-05-06,Indicação,0,1,0,0,0,1,0,0.0,0.0,4,170,0,2,1,0,Churned,2,0.5,0.0
A03223,Associado 3223,40,M,RS,Porto Alegre,Pessoa Jurídica,2024-05-29,Indicação,0,0,0,0,0,0,2,0.0,0.0,7,208,2,6,1,0,Churned,0,0.17,0.0
A03224,Associado 3224,51,M,RS,Porto Alegre,Agro,2019-06-20,Campanha,1,0,0,0,0,1,24,9476.76,10369.22,7,11,2,5,0,0,Ativo,2,0.0,0.0
A03225,Associado 3225,38,F,RS,Porto Alegre,Pessoa Física,2019-09-26,Agência,1,1,0,0,1,0,15,9046.37,4660.93,8,91,4,4,1,0,Inativo,3,0.25,0.0
A03226,Associado 3226,22,M,MG,Belo Horizonte,Pessoa Física,2024-11-18,Digital,1,0,0,0,0,0,5,4273.61,0.0,6,179,2,6,1,1,Churned,1,0.17,1.0
A03227,Associado 3227,35,M,RS,Caxias do Sul,Pessoa Física,2023-09-28,Indicação,1,0,1,1,0,0,7,7006.09,0.0,7,135,5,2,0,0,Inativo,3,0.0,0.0
A03228,Associado 3228,29,M,SC,Florianópolis,Pessoa Jurídica,2019-10-23,Indicação,1,0,0,0,0,0,7,7291.74,9637.79,7,120,0,6,1,0,Inativo,1,0.17,0.0
A03229,Associado 3229,59,M,RS,Caxias do Sul,Pessoa Física,2019-04-04,Indicação,1,0,0,0,0,0,29,1290.82,0.0,5,5,1,3,0,0,Ativo,1,0.0,0.0
A03230,Associado 3230,39,M,RS,Caxias do Sul,Pessoa Física,2025-07-07,Agência,1,0,0,0,0,0,1,958.71,15566.13,8,271,3,7,1,0,Churned,1,0.14,0.0
A03231,Associado 3231,40,F,SC,Florianópolis,Pessoa Física,2025-09-10,Agência,1,1,0,1,0,0,50,2234.83,6602.49,8,4,14,4,2,1,Ativo,3,0.5,0.5
A03232,Associado 3232,39,M,PR,Londrina,Pessoa Física,2024-10-08,Digital,0,0,0,0,1,0,16,0.0,9813.07,9,15,14,10,7,1,Ativo,1,0.7,0.14
A03233,Associado 3233,47,M,RS,Porto Alegre,Pessoa Jurídica,2022-08-08,Indicação,1,0,0,0,1,0,14,6054.39,0.0,7,112,3,4,0,0,Inativo,2,0.0,0.0
A03234,Associado 3234,33,F,RS,Porto Alegre,Pessoa Física,2020-01-25,Digital,1,1,0,0,0,0,25,5531.26,7321.69,7,11,9,7,2,0,Ativo,2,0.29,0.0
A03235,Associado 3235,58,M,SC,Florianópolis,Pessoa Jurídica,2023-03-09,Agência,1,1,0,0,0,1,13,19076.23,13320.65,9,86,2,4,3,0,Inativo,3,0.75,0.0
A03236,Associado 3236,50,F,RS,Porto Alegre,Agro,2025-06-01,Indicação,1,0,1,0,1,0,72,2127.81,0.0,8,8,13,4,3,1,Ativo,3,0.75,0.33
A03237,Associado 3237,39,F,RS,Caxias do Sul,Pessoa Física,2023-10-17,Agência,1,1,1,0,1,1,21,3214.54,7946.32,10,7,4,3,1,0,Ativo,5,0.33,0.0
A03238,Associado 3238,56,F,RJ,Rio de Janeiro,Pessoa Jurídica,2019-05-24,Agência,1,1,0,0,1,0,49,9560.78,0.0,6,35,5,4,0,0,Ativo,3,0.0,0.0
A03239,Associado 3239,46,M,PR,Curitiba,Agro,2020-01-06,Agência,0,0,0,0,0,1,12,0.0,12052.65,8,12,2,5,1,0,Ativo,1,0.2,0.0
A03240,Associado 3240,23,M,PR,Londrina,Agro,2024-03-07,Digital,1,1,1,1,0,0,69,7872.26,10307.4,9,3,43,4,4,1,Ativo,4,1.0,0.25
A03241,Associado 3241,34,F,SC,Joinville,Pessoa Física,2025-07-14,Digital,1,1,1,0,1,0,55,4980.06,9366.23,8,5,17,9,5,0,Ativo,4,0.56,0.0
A03242,Associado 3242,28,M,SC,Joinville,Pessoa Física,2021-08-16,Digital,1,0,0,0,0,0,10,4349.94,5833.75,7,7,2,8,6,0,Ativo,1,0.75,0.0
A03243,Associado 3243,50,M,SC,Florianópolis,Pessoa Física,2023-12-12,Agência,0,1,0,1,0,0,28,0.0,4279.62,10,5,12,5,2,1,Ativo,2,0.4,0.5
A03244,Associado 3244,62,F,PR,Londrina,Pessoa Jurídica,2018-10-19,Agência,1,1,1,0,0,0,58,5134.16,0.0,8,7,3,4,0,0,Ativo,3,0.0,0.0
A03245,Associado 3245,37,F,SP,São Paulo,Pessoa Jurídica,2019-02-25,Agência,1,1,0,0,0,0,36,13597.75,0.0,9,2,7,8,2,0,Ativo,2,0.25,0.0
A03246,Associado 3246,73,M,RS,Caxias do Sul,Pessoa Jurídica,2023-04-03,Indicação,1,1,0,0,0,0,31,18801.85,5358.63,6,4,3,9,6,2,Ativo,2,0.67,0.33
A03247,Associado 3247,53,F,SC,Joinville,Pessoa Física,2020-03-22,Agência,1,1,0,0,0,0,1,7849.27,12584.41,8,267,0,5,4,0,Churned,2,0.8,0.0
A03248,Associado 3248,32,F,SC,Florianópolis,Pessoa Física,2023-09-29,Digital,1,1,0,0,0,0,36,7771.35,0.0,8,1,9,7,2,1,Ativo,2,0.29,0.5
A03249,Associado 3249,36,M,MG,Belo Horizonte,Pessoa Física,2023-07-03,Agência,1,1,1,0,0,0,2,3623.3,3523.36,10,200,0,6,1,0,Churned,3,0.17,0.0
A03250,Associado 3250,63,M,PR,Curitiba,Pessoa Física,2018-07-02,Agência,1,1,0,0,1,0,7,3373.89,19552.38,5,159,1,12,1,0,Inativo,3,0.08,0.0
A03251,Associado 3251,61,F,SC,Florianópolis,Pessoa Jurídica,2018-09-04,Agência,0,0,0,0,0,0,1,0.0,0.0,4,187,0,1,0,0,Churned,0,0.0,0.0
A03252,Associado 3252,46,M,RS,Porto Alegre,Pessoa Física,2019-10-12,Agência,1,0,0,0,0,0,4,1930.21,0.0,6,34,4,7,2,0,Inativo,1,0.29,0.0
A03253,Associado 3253,48,M,PR,Curitiba,Pessoa Física,2025-02-10,Indicação,1,1,0,0,0,0,32,3695.67,0.0,10,8,10,5,2,0,Ativo,2,0.4,0.0
A03254,Associado 3254,42,M,RS,Porto Alegre,Pessoa Física,2019-07-15,Digital,1,1,1,0,0,0,42,2897.9,0.0,7,2,15,4,2,0,Ativo,3,0.5,0.0
A03255,Associado 3255,62,M,RS,Porto Alegre,Pessoa Física,2023-10-21,Indicação,1,1,0,0,0,0,2,1546.66,0.0,5,167,2,10,1,0,Churned,2,0.1,0.0
A03256,Associado 3256,34,M,RS,Caxias do Sul,Pessoa Física,2020-02-09,Agência,1,0,0,0,0,0,23,1890.06,9706.66,5,64,5,7,1,0,Ativo,1,0.14,0.0
A03257,Associado 3257,56,M,PR,Curitiba,Pessoa Física,2019-07-10,Agência,1,0,0,0,0,0,34,11290.88,0.0,7,4,5,2,2,0,Ativo,1,1.0,0.0
A03258,Associado 3258,35,F,RS,Caxias do Sul,Pessoa Física,2019-05-19,Digital,1,0,0,0,0,0,31,2263.54,2793.4,9,1,11,8,7,1,Ativo,1,0.88,0.14
A03259,Associado 3259,47,F,SC,Florianópolis,Pessoa Física,2019-09-20,Indicação,1,1,0,0,0,0,25,3100.17,0.0,10,10,13,9,5,1,Ativo,2,0.56,0.2
A03260,Associado 3260,48,F,MG,Belo Horizonte,Pessoa Física,2025-06-01,Digital,1,1,0,0,1,0,10,1790.52,0.0,7,104,3,7,1,0,Inativo,3,0.14,0.0
A03261,Associado 3261,23,F,RS,Porto Alegre,Pessoa Jurídica,2022-10-20,Digital,0,0,0,0,0,0,0,0.0,0.0,8,227,1,4,0,0,Churned,0,0.0,0.0
A03262,Associado 3262,49,F,SC,Joinville,Pessoa Física,2024-12-30,Digital,1,1,0,1,1,0,49,1319.84,24110.59,10,6,20,7,5,0,Ativo,4,0.71,0.0
A03263,Associado 3263,44,M,SC,Florianópolis,Pessoa Jurídica,2020-12-30,Agência,1,1,1,0,1,0,58,3474.35,30409.88,10,0,5,7,3,0,Ativo,4,0.43,0.0
A03264,Associado 3264,45,M,RS,Porto Alegre,Pessoa Jurídica,2018-06-10,Campanha,1,1,1,1,1,0,35,22427.19,0.0,9,6,7,4,0,0,Ativo,5,0.0,0.0
A03265,Associado 3265,31,F,SP,São Paulo,Pessoa Física,2022-12-14,Digital,1,0,0,0,0,0,17,1758.18,0.0,10,3,5,8,5,0,Ativo,1,0.62,0.0
A03266,Associado 3266,37,M,RS,Porto Alegre,Agro,2023-12-15,Indicação,1,0,0,0,0,1,3,1566.5,0.0,7,79,0,7,4,2,Inativo,2,0.57,0.5
A03267,Associado 3267,51,F,SC,Joinville,Pessoa Física,2022-09-02,Indicação,1,1,0,0,0,0,35,3153.55,209723.1,10,3,5,7,5,0,Ativo,2,0.71,0.0
A03268,Associado 3268,37,M,PR,Londrina,Pessoa Jurídica,2022-04-02,Digital,1,0,0,0,0,0,6,15836.14,10453.38,7,121,1,7,1,0,Inativo,1,0.14,0.0
A03269,Associado 3269,50,F,PR,Curitiba,Agro,2021-08-20,Agência,1,1,0,0,0,1,16,5150.94,37367.7,10,26,7,9,4,1,Ativo,3,0.44,0.25
A03270,Associado 3270,32,M,PR,Curitiba,Agro,2024-12-12,Digital,0,1,0,0,0,0,7,0.0,14532.4,9,116,11,11,3,1,Inativo,1,0.27,0.33
A03271,Associado 3271,45,F,RS,Porto Alegre,Pessoa Física,2024-04-05,Agência,1,0,0,0,0,0,11,2219.02,0.0,10,11,0,6,1,0,Ativo,1,0.17,0.0
A03272,Associado 3272,48,M,RS,Porto Alegre,Pessoa Física,2024-02-02,Digital,1,1,0,0,0,0,15,13879.64,56223.58,7,3,10,8,5,2,Ativo,2,0.62,0.4
A03273,Associado 3273,53,F,SP,São Paulo,Pessoa Física,2024-03-07,Digital,1,1,0,0,0,0,5,2762.8,0.0,8,141,4,5,3,0,Inativo,2,0.6,0.0
A03274,Associado 3274,46,M,SC,Florianópolis,Pessoa Jurídica,2023-07-13,Indicação,1,0,0,0,0,0,4,30640.79,5341.28,10,50,1,5,3,1,Inativo,1,0.6,0.33
A03275,Associado 3275,24,M,SP,São Paulo,Pessoa Jurídica,2024-08-03,Indicação,1,0,0,0,1,0,45,12436.35,45232.18,8,11,6,6,1,0,Ativo,2,0.17,0.0
A03276,Associado 3276,30,F,SP,São Paulo,Pessoa Física,2021-04-27,Indicação,0,0,0,0,0,0,0,0.0,0.0,5,190,0,8,2,0,Churned,0,0.25,0.0
A03277,Associado 3277,56,F,SP,São Paulo,Pessoa Física,2023-06-19,Agência,1,1,1,0,1,0,37,1284.8,44131.79,10,0,5,7,2,0,Ativo,4,0.29,0.0
A03278,Associado 3278,40,F,SC,Florianópolis,Pessoa Jurídica,2019-09-26,Digital,1,0,0,0,0,0,29,17752.94,0.0,7,8,10,7,4,1,Ativo,1,0.57,0.25
A03279,Associado 3279,68,F,RS,Porto Alegre,Pessoa Física,2023-06-30,Agência,1,1,1,1,0,0,35,3335.82,0.0,10,6,4,6,3,0,Ativo,4,0.5,0.0
A03280,Associado 3280,51,F,SP,São Paulo,Agro,2020-11-22,Indicação,1,1,0,1,0,1,37,30026.88,0.0,10,14,8,6,2,1,Ativo,4,0.33,0.5
A03281,Associado 3281,52,F,SC,Florianópolis,Pessoa Jurídica,2019-05-16,Campanha,1,1,0,0,0,0,5,9628.86,0.0,7,233,1,3,0,0,Churned,2,0.0,0.0
A03282,Associado 3282,33,F,RS,Caxias do Sul,Pessoa Física,2024-06-17,Agência,0,0,0,0,1,0,16,0.0,27063.46,7,6,9,5,3,0,Ativo,1,0.6,0.0
A03283,Associado 3283,41,F,MG,Belo Horizonte,Pessoa Jurídica,2022-04-13,Agência,1,1,1,0,1,0,80,61572.43,8320.13,10,16,12,4,3,2,Ativo,4,0.75,0.67
A03284,Associado 3284,31,M,MG,Belo Horizonte,Pessoa Física,2021-03-20,Digital,1,1,0,0,0,0,12,13046.4,9025.01,9,127,4,1,1,0,Inativo,2,1.0,0.0
A03285,Associado 3285,33,M,SC,Joinville,Pessoa Física,2022-05-18,Campanha,1,0,0,0,0,0,21,12021.23,0.0,7,3,7,5,1,1,Ativo,1,0.2,1.0
A03286,Associado 3286,41,M,RS,Caxias do Sul,Agro,2023-11-29,Digital,0,1,0,0,0,1,17,0.0,26543.21,7,2,14,6,2,0,Ativo,2,0.33,0.0
A03287,Associado 3287,56,M,SC,Florianópolis,Agro,2023-06-08,Agência,1,1,0,0,0,1,31,18806.6,5828.42,8,4,4,5,1,0,Ativo,3,0.2,0.0
A03288,Associado 3288,51,F,SP,São Paulo,Pessoa Física,2019-06-04,Campanha,1,0,0,0,1,0,9,887.77,17809.38,10,113,1,5,0,0,Inativo,2,0.0,0.0
A03289,Associado 3289,36,M,MG,Belo Horizonte,Pessoa Física,2023-04-02,Indicação,0,0,0,0,0,0,0,0.0,0.0,5,306,0,2,2,1,Churned,0,1.0,0.5
A03290,Associado 3290,50,M,RS,Porto Alegre,Pessoa Física,2021-08-21,Agência,1,0,0,0,0,0,7,2174.18,0.0,6,159,0,6,1,0,Inativo,1,0.17,0.0
A03291,Associado 3291,23,F,RS,Caxias do Sul,Pessoa Física,2023-01-21,Campanha,1,0,0,0,0,0,11,5207.92,3419.93,6,5,6,4,2,1,Ativo,1,0.5,0.5
A03292,Associado 3292,43,M,MG,Belo Horizonte,Pessoa Física,2020-07-21,Digital,1,1,0,0,0,0,31,1565.57,2967.03,7,10,8,6,4,0,Ativo,2,0.67,0.0
A03293,Associado 3293,36,F,SC,Joinville,Pessoa Física,2022-03-22,Digital,1,1,0,0,0,0,10,7565.5,65869.43,7,79,7,2,0,0,Inativo,2,0.0,0.0
A03294,Associado 3294,31,M,SC,Florianópolis,Pessoa Física,2019-02-12,Digital,1,1,1,1,0,0,6,6673.78,8714.15,8,118,8,6,2,1,Inativo,4,0.33,0.5
A03295,Associado 3295,47,M,RJ,Rio de Janeiro,Pessoa Física,2022-03-12,Indicação,1,0,1,0,0,0,21,3288.8,0.0,9,6,5,5,1,0,Ativo,2,0.2,0.0
A03296,Associado 3296,48,F,RS,Porto Alegre,Pessoa Física,2019-09-16,Indicação,1,1,0,0,0,0,40,1506.25,11317.97,9,0,6,7,3,0,Ativo,2,0.43,0.0
A03297,Associado 3297,45,F,PR,Londrina,Agro,2025-07-29,Agência,1,0,0,0,0,1,28,2570.29,15398.79,8,33,6,6,1,0,Ativo,2,0.17,0.0
A03298,Associado 3298,33,M,RS,Porto Alegre,Pessoa Jurídica,2019-07-06,Campanha,1,1,0,0,0,0,63,30088.96,1388.31,7,11,10,9,2,0,Ativo,2,0.22,0.0
A03299,Associado 3299,60,M,SC,Florianópolis,Pessoa Física,2025-09-28,Agência,1,1,0,0,1,0,16,1523.75,23617.16,8,145,3,2,1,0,Inativo,3,0.5,0.0
A03300,Associado 3300,26,M,SP,São Paulo,Pessoa Física,2018-11-16,Indicação,1,1,0,1,0,0,35,11097.65,0.0,10,16,12,5,3,0,Ativo,3,0.6,0.0
A03301,Associado 3301,43,F,SC,Florianópolis,Pessoa Física,2020-12-05,Digital,1,1,0,0,0,0,26,7062.43,33175.45,10,38,12,6,3,1,Ativo,2,0.5,0.33
A03302,Associado 3302,45,F,RJ,Rio de Janeiro,Pessoa Física,2019-10-29,Agência,1,0,0,0,0,0,5,1781.37,7669.55,4,137,0,4,1,0,Inativo,1,0.25,0.0
A03303,Associado 3303,31,F,PR,Londrina,Pessoa Física,2019-09-20,Agência,1,0,0,0,0,0,2,3047.48,0.0,10,261,0,10,0,0,Churned,1,0.0,0.0
A03304,Associado 3304,61,F,RS,Porto Alegre,Pessoa Jurídica,2022-11-20,Campanha,0,0,0,0,1,0,2,0.0,13615.3,8,80,0,7,1,0,Churned,1,0.14,0.0
A03305,Associado 3305,34,F,RS,Porto Alegre,Pessoa Jurídica,2022-02-18,Digital,0,1,0,0,0,0,19,0.0,0.0,8,6,19,3,3,1,Ativo,1,1.0,0.33
A03306,Associado 3306,65,F,SC,Florianópolis,Pessoa Jurídica,2021-02-07,Indicação,1,0,1,0,0,0,66,3751.12,19413.62,8,7,9,5,3,0,Ativo,2,0.6,0.0
A03307,Associado 3307,32,M,SC,Florianópolis,Pessoa Física,2022-02-18,Digital,1,1,1,0,0,1,33,2742.22,0.0,10,37,13,3,2,0,Ativo,4,0.67,0.0
A03308,Associado 3308,61,F,RS,Porto Alegre,Agro,2023-02-02,Indicação,1,0,1,0,0,0,35,6978.27,3470.7,8,17,6,4,2,0,Ativo,2,0.5,0.0
A03309,Associado 3309,38,F,SC,Florianópolis,Agro,2022-06-04,Digital,1,0,1,0,0,0,18,9586.34,0.0,9,6,6,6,3,0,Ativo,2,0.5,0.0
A03310,Associado 3310,47,M,SC,Joinville,Pessoa Física,2023-10-25,Agência,1,1,0,0,1,0,33,1593.48,28933.54,9,4,9,2,1,1,Ativo,3,0.5,1.0
A03311,Associado 3311,29,M,SP,São Paulo,Pessoa Física,2019-09-02,Digital,1,1,0,0,0,0,35,2564.5,45800.48,10,2,13,10,7,2,Ativo,2,0.7,0.29
A03312,Associado 3312,45,F,PR,Londrina,Pessoa Física,2022-03-02,Campanha,1,1,1,0,0,0,31,5225.64,21104.46,8,7,7,5,2,0,Ativo,3,0.4,0.0
A03313,Associado 3313,21,F,SP,São Paulo,Pessoa Física,2019-04-24,Digital,1,1,0,0,0,0,21,1572.83,11082.18,6,25,11,4,1,0,Ativo,2,0.25,0.0
A03314,Associado 3314,37,F,RS,Porto Alegre,Pessoa Jurídica,2019-08-11,Agência,1,1,1,1,1,0,143,48273.48,1269.6,9,30,27,6,5,2,Ativo,5,0.83,0.4
A03315,Associado 3315,48,F,RS,Porto Alegre,Pessoa Física,2019-08-16,Campanha,1,0,0,0,1,0,10,2381.32,11237.79,6,12,3,1,1,1,Ativo,2,1.0,1.0
A03316,Associado 3316,42,M,PR,Londrina,Pessoa Física,2024-08-08,Indicação,1,1,0,0,1,0,31,1990.53,12271.08,8,3,7,4,1,0,Ativo,3,0.25,0.0
A03317,Associado 3317,37,M,SC,Joinville,Pessoa Física,2018-11-05,Agência,1,1,0,1,0,0,5,15275.92,26969.83,9,242,1,5,2,1,Churned,3,0.4,0.5
A03318,Associado 3318,43,M,RS,Caxias do Sul,Pessoa Física,2018-09-24,Campanha,1,1,1,0,0,0,37,2330.81,3142.77,10,25,12,7,5,1,Ativo,3,0.71,0.2
A03319,Associado 3319,53,F,SP,São Paulo,Agro,2023-09-12,Indicação,1,0,0,0,1,0,33,11978.41,36958.61,6,31,6,7,2,0,Ativo,2,0.29,0.0
A03320,Associado 3320,57,M,SP,São Paulo,Pessoa Física,2023-01-07,Agência,1,1,1,1,1,0,26,1192.88,40000.58,10,13,5,7,5,0,Ativo,5,0.71,0.0
A03321,Associado 3321,27,F,SC,Florianópolis,Pessoa Jurídica,2023-09-19,Agência,1,1,1,0,0,0,73,12135.51,5120.98,10,4,10,2,2,0,Ativo,3,1.0,0.0
A03322,Associado 3322,42,M,RS,Porto Alegre,Pessoa Física,2019-11-17,Indicação,0,1,0,0,0,0,11,0.0,17364.15,7,15,7,10,5,1,Ativo,1,0.5,0.2
A03323,Associado 3323,44,F,SP,São Paulo,Pessoa Física,2024-04-26,Indicação,1,0,1,0,0,0,9,6045.26,0.0,5,63,0,2,1,1,Inativo,2,0.5,1.0
A03324,Associado 3324,32,F,PR,Curitiba,Pessoa Física,2025-08-15,Agência,1,0,0,0,0,0,3,5203.53,10983.33,8,347,1,5,1,0,Churned,1,0.2,0.0
A03325,Associado 3325,45,M,SP,São Paulo,Pessoa Jurídica,2024-05-03,Agência,1,1,0,0,0,0,49,5269.9,12137.46,8,12,6,8,3,0,Ativo,2,0.38,0.0
A03326,Associado 3326,29,M,SP,São Paulo,Pessoa Física,2023-06-24,Digital,1,1,1,1,0,0,47,17648.59,0.0,7,1,20,2,0,0,Ativo,4,0.0,0.0
A03327,Associado 3327,38,F,SP,São Paulo,Pessoa Física,2019-10-29,Digital,1,1,1,0,0,0,34,3804.66,3597.35,8,13,14,3,2,0,Ativo,3,0.67,0.0
A03328,Associado 3328,47,M,SC,Florianópolis,Pessoa Física,2022-08-12,Agência,1,0,1,0,0,0,23,7713.17,13760.71,9,8,5,4,1,1,Ativo,2,0.25,1.0
A03329,Associado 3329,35,F,RS,Porto Alegre,Pessoa Física,2021-11-07,Agência,1,0,0,0,0,0,1,770.05,0.0,3,241,1,6,2,0,Churned,1,0.33,0.0
A03330,Associado 3330,70,F,PR,Londrina,Agro,2022-03-02,Indicação,1,1,0,1,1,0,37,8652.84,0.0,10,2,5,7,2,2,Ativo,4,0.29,1.0
A03331,Associado 3331,56,M,PR,Curitiba,Pessoa Física,2025-05-10,Indicação,0,0,0,0,0,0,12,0.0,0.0,7,36,8,9,3,0,Ativo,0,0.33,0.0
A03332,Associado 3332,54,M,SP,São Paulo,Pessoa Física,2020-10-17,Digital,1,0,0,0,1,0,26,3587.04,23045.71,10,14,9,6,4,1,Ativo,2,0.67,0.25
A03333,Associado 3333,36,F,RS,Porto Alegre,Pessoa Física,2019-03-22,Digital,1,1,1,1,0,0,19,4471.34,6088.88,10,6,8,5,1,0,Ativo,4,0.2,0.0
A03334,Associado 3334,32,F,RS,Caxias do Sul,Agro,2018-10-15,Digital,1,0,0,0,1,1,59,6004.97,0.0,7,14,23,7,5,1,Ativo,3,0.71,0.2
A03335,Associado 3335,25,F,MG,Belo Horizonte,Pessoa Física,2020-12-17,Digital,0,1,0,0,0,0,15,0.0,0.0,7,9,16,3,2,0,Ativo,1,0.67,0.0
A03336,Associado 3336,47,F,SP,São Paulo,Pessoa Jurídica,2022-08-18,Campanha,1,1,1,0,0,0,67,11921.52,0.0,8,34,9,8,6,1,Ativo,3,0.75,0.17
A03337,Associado 3337,46,F,MG,Belo Horizonte,Agro,2020-03-04,Indicação,1,0,0,0,0,1,28,4209.96,0.0,9,1,6,5,2,0,Ativo,2,0.4,0.0
A03338,Associado 3338,54,F,SP,São Paulo,Pessoa Física,2022-04-14,Agência,1,0,1,0,0,0,3,3516.72,0.0,7,214,1,8,2,0,Churned,2,0.25,0.0
A03339,Associado 3339,31,M,PR,Londrina,Pessoa Física,2020-02-14,Digital,0,0,0,0,0,0,2,0.0,1152.82,9,133,1,7,1,0,Churned,0,0.14,0.0
A03340,Associado 3340,38,M,PR,Curitiba,Pessoa Física,2018-10-04,Digital,1,0,1,0,0,0,20,4898.69,7685.6,9,2,8,7,1,0,Ativo,2,0.14,0.0
A03341,Associado 3341,51,M,MG,Belo Horizonte,Pessoa Jurídica,2023-06-23,Digital,1,0,0,0,0,0,24,15457.75,0.0,8,11,6,8,2,0,Ativo,1,0.25,0.0
A03342,Associado 3342,45,F,PR,Londrina,Pessoa Física,2020-08-20,Digital,1,0,0,1,0,0,17,6135.31,13161.95,8,9,12,5,2,0,Ativo,2,0.4,0.0
A03343,Associado 3343,54,F,PR,Londrina,Pessoa Física,2022-03-26,Indicação,0,0,1,1,0,0,6,0.0,5133.8,8,12,3,8,3,1,Ativo,2,0.38,0.33
A03344,Associado 3344,58,M,RS,Porto Alegre,Pessoa Jurídica,2020-01-06,Indicação,1,0,0,0,0,0,25,10317.52,17631.54,10,9,3,6,2,0,Ativo,1,0.33,0.0
A03345,Associado 3345,37,M,SC,Florianópolis,Pessoa Física,2025-08-15,Digital,1,1,0,0,0,0,19,1890.68,4150.13,10,18,10,7,5,0,Ativo,2,0.71,0.0
A03346,Associado 3346,43,M,SP,São Paulo,Pessoa Física,2018-04-24,Campanha,0,1,1,1,0,0,3,0.0,0.0,8,145,2,10,3,0,Inativo,3,0.3,0.0
A03347,Associado 3347,62,F,RS,Caxias do Sul,Pessoa Física,2020-02-11,Indicação,1,0,0,0,0,0,21,1736.46,0.0,8,4,3,8,2,1,Ativo,1,0.25,0.5
A03348,Associado 3348,50,F,RS,Porto Alegre,Pessoa Física,2024-01-14,Indicação,1,1,0,0,0,0,58,5027.53,0.0,10,51,11,8,6,1,Ativo,2,0.75,0.17
A03349,Associado 3349,54,F,RS,Porto Alegre,Pessoa Física,2021-11-20,Campanha,1,0,0,0,0,0,1,2380.93,0.0,8,203,0,6,3,0,Churned,1,0.5,0.0
A03350,Associado 3350,63,M,RS,Porto Alegre,Pessoa Física,2020-10-09,Agência,1,1,1,0,1,0,32,2636.02,64327.43,8,4,7,8,2,0,Ativo,4,0.25,0.0
A03351,Associado 3351,55,M,RS,Porto Alegre,Agro,2024-04-21,Agência,1,0,1,0,0,0,1,2136.89,81490.11,7,135,0,5,2,0,Churned,2,0.4,0.0
A03352,Associado 3352,57,M,SC,Florianópolis,Pessoa Física,2021-06-06,Campanha,1,1,0,0,0,0,40,11273.87,2781.6,10,9,11,7,5,2,Ativo,2,0.71,0.4
A03353,Associado 3353,41,F,MG,Belo Horizonte,Agro,2018-04-18,Indicação,1,0,0,0,0,1,4,7563.25,0.0,7,182,0,10,1,0,Inativo,2,0.1,0.0
A03354,Associado 3354,64,M,SC,Florianópolis,Pessoa Jurídica,2018-10-09,Campanha,1,1,0,0,0,0,48,3549.55,3261.06,6,19,6,5,1,0,Ativo,2,0.2,0.0
A03355,Associado 3355,54,M,RS,Porto Alegre,Pessoa Física,2025-04-22,Agência,1,1,1,0,1,0,53,1016.53,5884.23,8,9,10,4,2,0,Ativo,4,0.5,0.0
A03356,Associado 3356,21,F,RS,Porto Alegre,Pessoa Jurídica,2024-09-03,Digital,1,1,0,0,0,0,2,14037.56,0.0,5,275,0,3,0,0,Churned,2,0.0,0.0
A03357,Associado 3357,59,F,PR,Londrina,Pessoa Física,2025-01-20,Agência,0,1,0,0,0,0,11,0.0,6196.97,5,17,5,5,3,1,Ativo,1,0.6,0.33
A03358,Associado 3358,44,M,SC,Joinville,Agro,2021-11-28,Digital,1,0,0,0,0,1,35,5558.41,3606.05,7,4,19,9,5,0,Ativo,2,0.56,0.0
A03359,Associado 3359,32,F,SP,São Paulo,Agro,2020-05-27,Agência,1,0,0,0,0,1,15,37584.53,6356.31,10,9,4,3,1,0,Ativo,2,0.33,0.0
A03360,Associado 3360,36,M,PR,Curitiba,Pessoa Física,2021-04-13,Agência,0,1,0,0,0,0,7,0.0,9699.52,8,109,1,4,1,0,Inativo,1,0.25,0.0
A03361,Associado 3361,55,F,SP,São Paulo,Pessoa Física,2019-03-30,Agência,1,0,1,0,1,0,2,11894.7,5873.76,10,221,0,4,0,0,Churned,3,0.0,0.0
A03362,Associado 3362,35,F,RS,Porto Alegre,Pessoa Física,2019-05-24,Digital,1,1,0,0,0,0,20,1765.88,6762.26,7,7,16,3,2,1,Ativo,2,0.67,0.5
A03363,Associado 3363,33,F,PR,Curitiba,Pessoa Física,2021-06-17,Digital,1,1,0,0,0,0,24,1471.5,37053.38,7,47,7,7,2,0,Inativo,2,0.29,0.0
A03364,Associado 3364,45,F,RS,Porto Alegre,Pessoa Física,2023-11-14,Agência,1,1,0,0,1,0,42,1661.55,45511.68,9,12,7,7,3,0,Ativo,3,0.43,0.0
A03365,Associado 3365,28,F,MG,Belo Horizonte,Pessoa Física,2024-02-28,Digital,1,0,1,0,0,0,8,1032.12,6741.65,8,99,9,7,1,0,Inativo,2,0.14,0.0
A03366,Associado 3366,46,F,PR,Londrina,Pessoa Jurídica,2018-04-01,Agência,1,1,1,0,0,0,65,1935.97,0.0,10,18,13,10,6,0,Ativo,3,0.6,0.0
A03367,Associado 3367,38,M,RS,Porto Alegre,Pessoa Física,2018-08-21,Campanha,1,1,0,0,1,0,17,4062.93,16363.08,8,2,4,7,3,1,Ativo,3,0.43,0.33
A03368,Associado 3368,41,M,RS,Caxias do Sul,Pessoa Jurídica,2019-10-21,Digital,1,0,1,0,0,0,51,9577.44,10844.03,7,5,11,2,0,0,Ativo,2,0.0,0.0
A03369,Associado 3369,33,M,RS,Porto Alegre,Pessoa Jurídica,2020-06-30,Digital,1,0,0,0,0,0,3,24459.3,0.0,5,183,6,5,4,0,Churned,1,0.8,0.0
A03370,Associado 3370,55,F,PR,Curitiba,Pessoa Física,2024-04-19,Indicação,0,0,0,0,0,0,1,0.0,2440.41,5,258,2,6,1,1,Churned,0,0.17,1.0
A03371,Associado 3371,23,F,RS,Caxias do Sul,Agro,2025-08-03,Digital,0,1,1,0,0,1,0,0.0,0.0,6,150,1,10,1,0,Churned,3,0.1,0.0
A03372,Associado 3372,65,M,PR,Londrina,Pessoa Física,2022-01-07,Indicação,1,1,0,0,0,0,2,1465.65,0.0,10,222,1,5,2,1,Churned,2,0.4,0.5
A03373,Associado 3373,53,M,RS,Caxias do Sul,Pessoa Física,2019-03-17,Digital,1,0,0,0,0,0,21,2128.09,45664.83,8,24,6,5,1,1,Ativo,1,0.2,1.0
A03374,Associado 3374,54,M,PR,Curitiba,Pessoa Jurídica,2020-09-22,Campanha,1,0,0,0,0,0,5,18420.67,0.0,5,365,0,11,2,0,Churned,1,0.18,0.0
A03375,Associado 3375,39,F,SP,São Paulo,Pessoa Física,2023-10-13,Agência,1,1,0,0,0,0,36,2812.65,4585.39,9,14,9,8,3,0,Ativo,2,0.38,0.0
A03376,Associado 3376,36,M,SP,São Paulo,Pessoa Física,2018-01-05,Campanha,1,1,1,0,0,0,13,2711.54,113076.65,9,6,5,4,0,0,Ativo,3,0.0,0.0
A03377,Associado 3377,64,M,SP,São Paulo,Agro,2023-10-21,Indicação,1,1,1,1,0,1,17,6437.62,66959.42,10,144,4,6,1,0,Inativo,5,0.17,0.0
A03378,Associado 3378,52,M,RS,Porto Alegre,Agro,2019-09-09,Digital,1,1,0,0,1,1,39,5092.74,24270.15,9,15,15,5,3,0,Ativo,4,0.6,0.0
A03379,Associado 3379,29,M,RS,Porto Alegre,Pessoa Jurídica,2024-07-05,Indicação,1,1,0,0,0,0,2,4744.43,8354.14,7,203,1,2,1,0,Churned,2,0.5,0.0
A03380,Associado 3380,26,F,PR,Londrina,Pessoa Jurídica,2021-03-16,Digital,1,1,0,0,0,0,12,36987.24,4994.52,6,93,7,8,2,0,Inativo,2,0.25,0.0
A03381,Associado 3381,49,M,SC,Florianópolis,Pessoa Física,2024-07-24,Agência,1,0,0,0,0,0,26,1885.4,7951.67,2,18,2,9,3,0,Ativo,1,0.33,0.0
A03382,Associado 3382,38,M,SC,Florianópolis,Pessoa Física,2018-12-31,Agência,1,1,0,0,0,0,30,1442.37,5300.0,7,7,13,4,4,0,Ativo,2,1.0,0.0
A03383,Associado 3383,34,F,RS,Porto Alegre,Pessoa Jurídica,2024-09-29,Campanha,1,0,0,0,1,0,17,6727.22,0.0,10,104,2,6,1,0,Inativo,2,0.17,0.0
A03384,Associado 3384,25,F,RS,Caxias do Sul,Pessoa Física,2019-09-17,Digital,1,1,0,0,0,0,5,1636.3,4572.8,6,105,4,5,1,0,Inativo,2,0.2,0.0
A03385,Associado 3385,29,F,RS,Caxias do Sul,Pessoa Física,2019-05-22,Digital,1,1,0,0,0,0,28,3419.45,5935.38,8,2,17,5,3,2,Ativo,2,0.6,0.67
A03386,Associado 3386,54,F,MG,Belo Horizonte,Pessoa Física,2019-06-07,Indicação,1,1,1,0,0,0,29,1093.56,25665.09,7,1,6,4,1,1,Ativo,3,0.25,1.0
A03387,Associado 3387,35,F,RS,Caxias do Sul,Pessoa Jurídica,2019-12-07,Digital,1,1,0,0,0,0,9,11936.52,6410.59,6,54,2,4,0,0,Inativo,2,0.0,0.0
A03388,Associado 3388,47,M,PR,Curitiba,Pessoa Física,2022-10-26,Agência,0,0,0,0,0,0,15,0.0,0.0,7,5,6,3,1,0,Ativo,0,0.33,0.0
A03389,Associado 3389,52,M,RS,Caxias do Sul,Pessoa Jurídica,2018-09-07,Indicação,1,1,1,1,0,0,72,2951.8,9159.63,10,13,16,8,5,1,Ativo,4,0.62,0.2
A03390,Associado 3390,45,M,PR,Londrina,Pessoa Física,2020-06-19,Indicação,1,1,0,1,0,0,21,5714.43,0.0,8,1,8,9,3,1,Ativo,3,0.33,0.33
A03391,Associado 3391,59,F,RS,Caxias do Sul,Pessoa Física,2018-09-06,Agência,1,1,0,1,1,0,38,5647.64,24408.55,9,4,6,8,2,0,Ativo,4,0.25,0.0
A03392,Associado 3392,30,M,MG,Belo Horizonte,Pessoa Física,2021-10-06,Campanha,1,0,0,0,0,0,20,2147.34,0.0,10,2,3,12,4,0,Ativo,1,0.33,0.0
A03393,Associado 3393,38,F,MG,Belo Horizonte,Pessoa Física,2021-07-16,Agência,1,1,0,0,0,0,10,592.96,12012.68,10,170,3,2,2,0,Inativo,2,1.0,0.0
A03394,Associado 3394,58,F,RS,Porto Alegre,Agro,2024-10-31,Digital,1,1,1,1,1,1,74,8722.59,36207.22,10,6,25,9,9,1,Ativo,6,1.0,0.11
A03395,Associado 3395,55,M,MG,Belo Horizonte,Pessoa Física,2023-01-01,Agência,1,1,0,1,0,0,2,2995.84,30382.05,10,216,0,3,2,0,Churned,3,0.67,0.0
A03396,Associado 3396,36,F,RJ,Rio de Janeiro,Pessoa Física,2023-11-01,Digital,1,1,0,0,0,0,35,10432.36,14945.08,10,14,13,6,6,1,Ativo,2,1.0,0.17
A03397,Associado 3397,50,M,SP,São Paulo,Pessoa Física,2024-07-14,Digital,1,1,1,0,0,0,29,2619.3,20802.12,8,10,7,6,3,0,Ativo,3,0.5,0.0
A03398,Associado 3398,46,F,SP,São Paulo,Pessoa Física,2021-01-08,Digital,1,1,1,1,1,0,33,2268.35,4643.22,9,10,13,5,4,0,Ativo,5,0.8,0.0
A03399,Associado 3399,29,M,RS,Porto Alegre,Pessoa Física,2023-11-13,Indicação,1,0,1,0,0,0,2,3065.71,21337.85,8,343,0,10,3,1,Churned,2,0.3,0.33
A03400,Associado 3400,67,F,PR,Londrina,Pessoa Física,2018-09-16,Agência,0,0,0,0,0,0,4,0.0,26207.36,6,77,5,10,4,3,Inativo,0,0.4,0.75
A03401,Associado 3401,29,F,RS,Caxias do Sul,Agro,2018-05-02,Indicação,1,1,1,0,1,1,31,4438.3,32771.99,9,2,12,7,4,0,Ativo,5,0.57,0.0
A03402,Associado 3402,25,F,RS,Porto Alegre,Pessoa Jurídica,2021-02-21,Digital,1,1,0,0,0,0,21,19276.49,0.0,8,22,4,6,2,0,Ativo,2,0.33,0.0
A03403,Associado 3403,34,M,RJ,Rio de Janeiro,Pessoa Física,2025-01-26,Campanha,1,1,1,0,0,0,19,4458.53,0.0,9,4,11,3,1,1,Ativo,3,0.33,1.0
A03404,Associado 3404,32,F,RS,Porto Alegre,Pessoa Física,2020-06-23,Digital,1,0,0,0,0,0,19,4512.03,13000.91,10,23,5,7,3,1,Ativo,1,0.43,0.33
A03405,Associado 3405,42,M,SP,São Paulo,Pessoa Física,2020-08-04,Agência,1,1,0,0,1,0,32,5556.65,0.0,7,2,5,6,1,0,Ativo,3,0.17,0.0
A03406,Associado 3406,57,F,SP,São Paulo,Pessoa Física,2023-11-10,Agência,1,1,0,0,1,0,30,1010.15,17974.21,9,14,8,2,1,0,Ativo,3,0.5,0.0
A03407,Associado 3407,31,M,MG,Belo Horizonte,Pessoa Jurídica,2020-11-13,Campanha,1,1,0,0,0,0,2,4960.12,0.0,5,256,0,3,0,0,Churned,2,0.0,0.0
A03408,Associado 3408,53,F,RJ,Rio de Janeiro,Agro,2018-02-21,Indicação,1,0,0,0,0,0,31,1763.23,21295.52,7,1,5,7,2,1,Ativo,1,0.29,0.5
A03409,Associado 3409,29,M,RS,Caxias do Sul,Pessoa Física,2025-07-21,Digital,1,1,0,0,0,1,3,4506.88,457.46,10,136,1,4,2,0,Inativo,3,0.5,0.0
A03410,Associado 3410,31,F,RS,Porto Alegre,Pessoa Jurídica,2018-10-21,Digital,1,1,0,0,1,1,62,35156.53,0.0,10,24,17,11,6,0,Ativo,4,0.55,0.0
A03411,Associado 3411,48,F,SC,Florianópolis,Pessoa Física,2024-06-05,Digital,1,0,0,0,0,0,13,4444.43,12196.13,5,14,5,5,2,0,Ativo,1,0.4,0.0
A03412,Associado 3412,65,F,RS,Caxias do Sul,Pessoa Física,2024-07-20,Campanha,1,1,0,0,0,0,28,1756.68,72383.16,8,43,7,7,2,0,Ativo,2,0.29,0.0
A03413,Associado 3413,54,M,RS,Caxias do Sul,Pessoa Física,2021-11-06,Campanha,1,1,0,0,0,0,1,4720.55,9322.63,8,265,0,4,1,0,Churned,2,0.25,0.0
A03414,Associado 3414,43,F,SC,Florianópolis,Pessoa Física,2022-05-11,Campanha,0,0,0,0,0,0,12,0.0,0.0,8,4,9,5,3,0,Ativo,0,0.6,0.0
A03415,Associado 3415,51,F,SP,São Paulo,Agro,2024-02-20,Campanha,1,0,0,0,0,0,1,8847.58,61726.22,9,228,0,8,3,1,Churned,1,0.38,0.33
A03416,Associado 3416,38,F,PR,Curitiba,Pessoa Física,2024-10-19,Campanha,1,1,0,0,0,0,21,2526.18,0.0,6,4,3,4,2,0,Ativo,2,0.5,0.0
A03417,Associado 3417,59,M,RS,Porto Alegre,Pessoa Física,2024-08-29,Agência,1,1,1,1,1,0,66,5929.53,0.0,10,2,10,5,2,0,Ativo,5,0.4,0.0
A03418,Associado 3418,59,F,PR,Curitiba,Agro,2020-05-04,Indicação,1,0,0,0,0,0,27,4048.02,0.0,10,10,5,6,2,1,Ativo,1,0.33,0.5
A03419,Associado 3419,47,M,RS,Caxias do Sul,Agro,2020-01-21,Indicação,0,1,0,0,1,1,23,0.0,0.0,10,1,7,5,2,1,Ativo,3,0.4,0.5
A03420,Associado 3420,49,M,RS,Porto Alegre,Pessoa Jurídica,2021-10-27,Campanha,1,1,1,0,0,0,102,19448.23,34463.79,8,11,11,6,4,0,Ativo,3,0.67,0.0
A03421,Associado 3421,18,F,SP,São Paulo,Agro,2024-06-25,Digital,1,1,0,0,0,1,25,13992.75,0.0,9,17,12,4,2,1,Ativo,3,0.5,0.5
A03422,Associado 3422,30,F,PR,Curitiba,Pessoa Física,2018-08-27,Agência,1,1,0,0,0,0,3,1618.99,0.0,7,263,0,4,1,1,Churned,2,0.25,1.0
A03423,Associado 3423,27,M,SP,São Paulo,Pessoa Jurídica,2024-09-05,Digital,1,1,1,0,1,0,57,14210.63,4862.82,10,33,8,5,3,0,Ativo,4,0.6,0.0
A03424,Associado 3424,45,M,RS,Porto Alegre,Pessoa Jurídica,2023-07-11,Indicação,1,1,0,0,0,0,10,7645.8,0.0,10,98,2,2,1,1,Inativo,2,0.5,1.0
A03425,Associado 3425,59,F,SP,São Paulo,Agro,2023-05-17,Agência,1,1,0,0,0,1,36,20134.76,26433.49,10,2,9,4,2,1,Ativo,3,0.5,0.5
A03426,Associado 3426,23,M,PR,Curitiba,Pessoa Jurídica,2025-05-19,Digital,1,1,1,0,1,0,83,13463.32,0.0,10,26,26,5,4,0,Ativo,4,0.8,0.0
A03427,Associado 3427,53,M,PR,Curitiba,Pessoa Física,2023-08-23,Digital,0,0,0,0,0,0,0,0.0,46470.37,7,192,0,4,0,0,Churned,0,0.0,0.0
A03428,Associado 3428,42,F,PR,Londrina,Pessoa Jurídica,2019-06-25,Digital,1,1,1,0,0,0,45,8449.24,0.0,6,0,12,6,6,4,Ativo,3,1.0,0.67
A03429,Associado 3429,46,F,MG,Belo Horizonte,Pessoa Física,2025-06-30,Digital,1,1,1,0,0,0,0,4357.4,18519.56,9,179,1,10,0,0,Churned,3,0.0,0.0
A03430,Associado 3430,59,M,PR,Curitiba,Pessoa Física,2021-08-09,Agência,1,1,0,0,1,0,21,1130.84,4523.09,9,2,10,2,2,1,Ativo,3,1.0,0.5
A03431,Associado 3431,37,M,PR,Curitiba,Pessoa Física,2024-04-23,Campanha,1,1,0,0,0,0,21,720.52,0.0,9,1,9,6,4,2,Ativo,2,0.67,0.5
A03432,Associado 3432,61,F,RJ,Rio de Janeiro,Agro,2018-04-18,Indicação,1,1,0,0,0,1,18,19805.17,15619.94,6,1,3,3,1,0,Ativo,3,0.33,0.0
A03433,Associado 3433,46,M,SP,São Paulo,Pessoa Física,2022-05-24,Agência,1,1,1,0,0,0,28,4277.69,0.0,10,23,8,5,3,0,Ativo,3,0.6,0.0
A03434,Associado 3434,22,M,SC,Joinville,Pessoa Física,2023-03-24,Indicação,1,0,0,0,0,0,19,8776.0,4743.39,6,18,12,5,3,0,Ativo,1,0.6,0.0
A03435,Associado 3435,55,F,SP,São Paulo,Pessoa Física,2024-02-09,Indicação,0,0,0,0,1,0,12,0.0,0.0,8,3,5,12,5,2,Ativo,1,0.42,0.4
A03436,Associado 3436,56,M,SC,Florianópolis,Agro,2019-01-02,Agência,1,0,0,0,0,1,13,8678.48,23300.98,10,5,4,3,0,0,Ativo,2,0.0,0.0
A03437,Associado 3437,24,M,RS,Porto Alegre,Pessoa Física,2020-04-10,Digital,1,0,0,0,0,0,10,4982.46,14265.37,10,24,9,10,4,2,Ativo,1,0.4,0.5
A03438,Associado 3438,36,M,PR,Curitiba,Pessoa Jurídica,2018-06-22,Digital,1,1,1,0,0,0,83,55212.0,8452.12,9,9,22,7,6,2,Ativo,3,0.86,0.33
A03439,Associado 3439,40,M,MG,Belo Horizonte,Agro,2022-10-07,Digital,1,1,1,0,0,1,14,26477.81,0.0,9,23,7,4,2,2,Ativo,4,0.5,1.0
A03440,Associado 3440,23,F,MG,Belo Horizonte,Pessoa Física,2025-09-08,Indicação,1,1,1,0,0,0,40,2162.54,5184.26,8,10,9,10,6,2,Ativo,3,0.6,0.33
A03441,Associado 3441,24,M,RS,Porto Alegre,Pessoa Física,2025-09-19,Digital,0,0,0,0,0,0,5,0.0,0.0,9,2,8,7,3,1,Ativo,0,0.43,0.33
A03442,Associado 3442,62,M,SC,Florianópolis,Pessoa Jurídica,2021-09-15,Agência,1,0,0,0,0,0,1,25484.21,6956.85,4,194,1,3,2,0,Churned,1,0.67,0.0
A03443,Associado 3443,36,F,RS,Porto Alegre,Agro,2019-03-28,Campanha,1,1,0,0,0,0,26,4668.88,0.0,8,85,4,6,2,0,Ativo,2,0.33,0.0
A03444,Associado 3444,68,M,RJ,Rio de Janeiro,Pessoa Jurídica,2023-08-07,Agência,1,0,0,0,0,0,9,11738.83,5904.12,10,120,1,2,0,0,Inativo,1,0.0,0.0
A03445,Associado 3445,62,M,RJ,Rio de Janeiro,Pessoa Física,2019-04-16,Indicação,1,0,0,0,0,0,3,2837.32,18761.52,6,169,0,9,1,1,Churned,1,0.11,1.0
A03446,Associado 3446,65,F,PR,Curitiba,Agro,2021-01-09,Agência,1,1,1,0,1,1,57,11394.36,70134.83,10,5,8,1,1,0,Ativo,5,1.0,0.0
A03447,Associado 3447,44,M,SP,São Paulo,Pessoa Física,2018-11-17,Digital,0,0,0,0,1,0,13,0.0,2174.48,6,9,4,4,1,0,Ativo,1,0.25,0.0
A03448,Associado 3448,47,M,SP,São Paulo,Pessoa Física,2019-03-17,Digital,1,1,1,1,1,0,45,3294.42,17919.96,7,24,16,8,4,0,Ativo,5,0.5,0.0
A03449,Associado 3449,33,M,PR,Curitiba,Pessoa Jurídica,2024-09-12,Agência,1,1,0,0,1,0,60,7323.62,19160.71,9,31,14,4,2,0,Ativo,3,0.5,0.0
A03450,Associado 3450,26,M,RS,Porto Alegre,Pessoa Física,2024-02-14,Digital,1,1,1,0,0,0,43,1870.92,0.0,7,5,21,10,7,1,Ativo,3,0.7,0.14
A03451,Associado 3451,18,M,SC,Joinville,Pessoa Jurídica,2020-06-03,Agência,1,0,0,0,0,0,34,6458.15,0.0,10,1,7,9,4,0,Ativo,1,0.44,0.0
A03452,Associado 3452,28,M,PR,Londrina,Pessoa Física,2023-04-06,Digital,1,0,0,0,1,0,14,7261.92,0.0,10,26,9,6,1,0,Ativo,2,0.17,0.0
A03453,Associado 3453,44,M,PR,Londrina,Agro,2020-01-13,Indicação,1,1,0,0,0,0,20,4760.93,39811.35,6,15,3,3,0,0,Ativo,2,0.0,0.0
A03454,Associado 3454,30,F,SC,Florianópolis,Pessoa Física,2022-02-02,Agência,1,1,1,0,0,0,40,19049.97,9957.19,9,20,5,4,2,0,Ativo,3,0.5,0.0
A03455,Associado 3455,34,F,MG,Belo Horizonte,Pessoa Física,2023-08-02,Campanha,1,1,0,0,0,0,26,932.66,0.0,6,25,8,5,3,0,Ativo,2,0.6,0.0
A03456,Associado 3456,43,F,RS,Porto Alegre,Pessoa Jurídica,2025-01-06,Agência,1,0,0,0,0,0,9,5120.61,0.0,8,90,3,3,0,0,Inativo,1,0.0,0.0
A03457,Associado 3457,50,M,SC,Joinville,Pessoa Física,2021-06-14,Agência,1,1,0,0,0,0,31,2045.44,3965.04,7,4,8,9,4,0,Ativo,2,0.44,0.0
A03458,Associado 3458,35,F,PR,Curitiba,Pessoa Física,2018-06-30,Indicação,1,0,1,0,0,0,12,4740.57,0.0,7,44,3,3,2,0,Ativo,2,0.67,0.0
A03459,Associado 3459,33,F,PR,Curitiba,Agro,2019-02-14,Digital,1,1,0,0,0,1,43,4941.37,13310.89,6,6,13,3,2,1,Ativo,3,0.67,0.5
A03460,Associado 3460,21,F,PR,Londrina,Pessoa Física,2025-01-07,Digital,1,0,1,0,0,0,0,12433.47,0.0,4,223,1,4,0,0,Churned,2,0.0,0.0
A03461,Associado 3461,47,F,RS,Porto Alegre,Agro,2020-06-30,Agência,1,1,0,0,0,1,38,6005.64,16864.04,7,12,5,6,2,0,Ativo,3,0.33,0.0
A03462,Associado 3462,38,M,RS,Caxias do Sul,Pessoa Física,2024-02-08,Indicação,0,0,0,0,0,0,1,0.0,4922.3,7,230,0,2,1,0,Churned,0,0.5,0.0
A03463,Associado 3463,21,M,PR,Curitiba,Pessoa Física,2023-11-22,Digital,0,1,0,1,0,0,10,0.0,16281.63,10,93,9,4,2,1,Inativo,2,0.5,0.5
A03464,Associado 3464,66,M,PR,Curitiba,Pessoa Jurídica,2024-05-23,Agência,1,0,0,0,0,0,2,5486.89,0.0,6,273,0,5,1,0,Churned,1,0.2,0.0
A03465,Associado 3465,28,F,RS,Caxias do Sul,Pessoa Jurídica,2023-11-05,Digital,1,1,0,1,0,0,53,16811.25,2518.61,9,57,14,9,4,0,Ativo,3,0.44,0.0
A03466,Associado 3466,58,M,SP,São Paulo,Pessoa Física,2019-01-21,Indicação,1,0,0,1,0,0,5,3921.95,0.0,10,142,1,5,0,0,Inativo,2,0.0,0.0
A03467,Associado 3467,42,F,SC,Joinville,Pessoa Física,2019-08-26,Digital,1,1,1,1,0,0,24,6776.71,15549.46,9,22,9,1,0,0,Ativo,4,0.0,0.0
A03468,Associado 3468,44,M,PR,Curitiba,Pessoa Jurídica,2025-07-09,Agência,1,1,0,0,0,0,42,14132.54,3794.64,10,2,1,11,3,0,Ativo,2,0.27,0.0
A03469,Associado 3469,35,M,SP,São Paulo,Pessoa Física,2019-03-19,Digital,1,0,0,0,0,0,21,1202.83,1253.53,8,27,13,6,3,1,Ativo,1,0.5,0.33
A03470,Associado 3470,24,F,RS,Porto Alegre,Pessoa Física,2023-04-26,Agência,0,0,0,0,0,0,16,0.0,0.0,5,8,7,5,3,1,Ativo,0,0.6,0.33
A03471,Associado 3471,49,F,RS,Porto Alegre,Pessoa Física,2025-03-17,Digital,1,1,0,0,1,0,36,584.99,8897.71,8,4,23,3,3,0,Ativo,3,1.0,0.0
A03472,Associado 3472,36,M,SP,São Paulo,Pessoa Física,2022-10-27,Indicação,1,1,0,0,0,0,19,913.87,0.0,9,1,8,7,2,0,Ativo,2,0.29,0.0
A03473,Associado 3473,29,M,PR,Curitiba,Pessoa Física,2024-04-20,Digital,1,1,1,0,0,0,37,11278.36,0.0,6,12,7,11,4,1,Ativo,3,0.36,0.25
A03474,Associado 3474,47,M,PR,Londrina,Pessoa Física,2018-12-21,Digital,1,0,1,0,0,0,21,3495.99,0.0,10,3,8,6,5,0,Ativo,2,0.83,0.0
A03475,Associado 3475,50,F,SP,São Paulo,Pessoa Física,2022-11-21,Campanha,1,0,0,0,0,0,2,4026.87,0.0,6,105,1,1,1,1,Inativo,1,1.0,1.0
A03476,Associado 3476,22,F,SP,São Paulo,Pessoa Física,2024-09-23,Digital,1,1,0,0,0,0,3,1763.38,9845.11,8,219,3,9,3,0,Churned,2,0.33,0.0
A03477,Associado 3477,41,F,RJ,Rio de Janeiro,Pessoa Física,2024-10-12,Digital,1,1,1,0,1,0,122,754.3,3725.29,9,5,67,7,7,1,Ativo,4,1.0,0.14
A03478,Associado 3478,48,F,SC,Florianópolis,Pessoa Jurídica,2022-11-08,Agência,0,0,0,0,0,0,10,0.0,0.0,6,30,4,7,1,1,Ativo,0,0.14,1.0
A03479,Associado 3479,28,M,SC,Joinville,Pessoa Física,2019-04-20,Digital,1,1,0,0,0,0,40,2972.41,5577.29,7,18,22,3,1,0,Ativo,2,0.33,0.0
A03480,Associado 3480,29,F,SC,Florianópolis,Agro,2025-03-20,Digital,0,0,0,0,0,0,0,0.0,6931.89,5,252,0,8,0,0,Churned,0,0.0,0.0
A03481,Associado 3481,30,F,RS,Porto Alegre,Pessoa Jurídica,2024-07-17,Digital,1,0,0,0,0,0,38,7159.09,3729.44,6,28,16,3,1,0,Ativo,1,0.33,0.0
A03482,Associado 3482,46,F,PR,Londrina,Pessoa Física,2024-11-26,Campanha,1,0,0,0,1,0,5,5714.84,7837.37,7,103,0,6,3,1,Inativo,2,0.5,0.33
A03483,Associado 3483,33,M,RS,Porto Alegre,Pessoa Jurídica,2023-01-05,Campanha,1,0,0,0,1,0,55,4411.31,0.0,7,13,5,8,1,0,Ativo,2,0.12,0.0
A03484,Associado 3484,35,M,MG,Belo Horizonte,Pessoa Física,2024-09-10,Indicação,1,0,0,0,0,0,1,8215.82,0.0,3,217,0,5,0,0,Churned,1,0.0,0.0
A03485,Associado 3485,52,F,PR,Curitiba,Pessoa Jurídica,2021-12-20,Digital,1,1,0,0,0,0,30,21791.98,5692.5,6,39,12,7,6,0,Ativo,2,0.86,0.0
A03486,Associado 3486,25,F,PR,Curitiba,Agro,2020-12-04,Digital,1,0,0,0,0,1,5,8266.33,0.0,6,285,1,3,2,1,Churned,2,0.67,0.5
A03487,Associado 3487,48,M,SC,Joinville,Pessoa Física,2025-07-01,Agência,1,0,0,0,0,0,12,1887.39,24957.61,7,5,4,7,3,1,Ativo,1,0.43,0.33
A03488,Associado 3488,22,M,RS,Caxias do Sul,Pessoa Jurídica,2020-01-04,Digital,1,1,0,0,0,0,37,4164.1,9834.99,10,19,13,9,7,0,Ativo,2,0.78,0.0
A03489,Associado 3489,48,F,RS,Caxias do Sul,Pessoa Física,2020-11-06,Indicação,1,0,0,0,0,0,14,3769.44,0.0,8,1,5,7,3,0,Ativo,1,0.43,0.0
A03490,Associado 3490,46,M,SC,Florianópolis,Pessoa Física,2024-03-16,Digital,1,0,0,0,0,0,26,1469.97,0.0,4,1,6,3,1,0,Ativo,1,0.33,0.0
A03491,Associado 3491,48,F,RS,Porto Alegre,Agro,2019-08-19,Campanha,0,1,0,0,0,1,8,0.0,9710.15,7,17,12,10,6,2,Ativo,2,0.6,0.33
A03492,Associado 3492,35,M,PR,Londrina,Pessoa Física,2018-07-10,Agência,1,0,0,0,0,0,8,2210.93,0.0,8,82,3,6,2,0,Inativo,1,0.33,0.0
A03493,Associado 3493,39,F,MG,Belo Horizonte,Pessoa Física,2019-10-06,Digital,1,1,0,0,0,0,35,1163.82,0.0,10,7,13,5,2,0,Ativo,2,0.4,0.0
A03494,Associado 3494,48,F,MG,Belo Horizonte,Pessoa Física,2022-12-28,Digital,1,1,1,0,0,0,6,1177.84,6012.92,10,84,5,6,2,0,Inativo,3,0.33,0.0
A03495,Associado 3495,39,F,PR,Londrina,Pessoa Jurídica,2018-04-04,Digital,1,1,0,0,1,0,66,6035.66,11035.42,10,4,16,7,5,0,Ativo,3,0.71,0.0
A03496,Associado 3496,50,F,RS,Porto Alegre,Pessoa Física,2021-01-23,Campanha,1,1,0,0,1,0,66,10036.34,0.0,6,39,12,6,4,1,Ativo,3,0.67,0.25
A03497,Associado 3497,56,M,MG,Belo Horizonte,Agro,2022-07-26,Campanha,1,1,1,0,0,1,16,32563.0,0.0,10,151,3,6,2,0,Inativo,4,0.33,0.0
A03498,Associado 3498,29,M,MG,Belo Horizonte,Pessoa Física,2021-01-10,Agência,1,1,1,0,0,0,39,13927.08,14244.89,9,3,11,6,3,1,Ativo,3,0.5,0.33
A03499,Associado 3499,67,F,RS,Porto Alegre,Pessoa Física,2018-12-06,Agência,1,1,0,0,0,0,31,5068.03,25992.86,10,4,8,11,3,0,Ativo,2,0.27,0.0
A03500,Associado 3500,33,M,SP,São Paulo,Pessoa Jurídica,2024-08-04,Agência,1,0,0,0,0,0,5,5290.95,0.0,10,244,0,6,1,0,Churned,1,0.17,0.0
A03501,Associado 3501,57,F,RS,Caxias do Sul,Pessoa Física,2023-07-30,Indicação,1,0,0,0,0,0,2,18636.08,0.0,3,309,0,4,2,0,Churned,1,0.5,0.0
A03502,Associado 3502,29,M,SP,São Paulo,Pessoa Jurídica,2023-11-30,Digital,1,1,0,0,0,0,32,2988.54,5776.27,8,9,13,3,1,0,Ativo,2,0.33,0.0
A03503,Associado 3503,35,F,RJ,Rio de Janeiro,Pessoa Física,2018-10-30,Indicação,1,0,0,0,0,0,14,3138.93,0.0,9,10,4,1,0,0,Ativo,1,0.0,0.0
A03504,Associado 3504,37,M,RS,Porto Alegre,Pessoa Física,2023-01-16,Digital,1,0,1,1,1,0,37,3047.73,20830.73,10,4,25,10,9,2,Ativo,4,0.9,0.22
A03505,Associado 3505,35,M,MG,Belo Horizonte,Pessoa Física,2023-04-27,Digital,1,1,0,0,0,0,41,4287.07,27961.14,7,25,17,3,2,0,Ativo,2,0.67,0.0
A03506,Associado 3506,69,M,PR,Londrina,Agro,2018-02-20,Indicação,1,1,0,0,0,1,40,4225.23,10052.23,7,0,5,8,2,0,Ativo,3,0.25,0.0
A03507,Associado 3507,46,M,RJ,Rio de Janeiro,Pessoa Física,2020-03-16,Digital,1,0,0,0,0,0,22,3213.88,0.0,5,6,2,3,1,0,Ativo,1,0.33,0.0
A03508,Associado 3508,51,F,SC,Florianópolis,Pessoa Jurídica,2023-04-13,Digital,1,0,1,0,0,0,4,26730.55,95964.6,7,149,0,6,2,0,Churned,2,0.33,0.0
A03509,Associado 3509,40,F,SP,São Paulo,Pessoa Física,2019-12-02,Agência,1,1,1,0,0,0,50,1814.79,2671.06,10,7,9,6,2,0,Ativo,3,0.33,0.0
A03510,Associado 3510,48,M,RS,Caxias do Sul,Pessoa Física,2019-10-23,Digital,1,1,1,1,1,0,58,2879.03,19019.46,10,6,36,11,11,3,Ativo,5,1.0,0.27
A03511,Associado 3511,30,M,RS,Caxias do Sul,Pessoa Física,2022-12-06,Digital,1,1,0,0,0,0,32,1388.88,38268.45,7,0,14,11,9,1,Ativo,2,0.82,0.11
A03512,Associado 3512,29,M,RS,Porto Alegre,Agro,2023-03-23,Digital,1,1,1,0,1,1,53,12644.92,0.0,9,7,13,7,4,1,Ativo,5,0.57,0.25
A03513,Associado 3513,49,M,RJ,Rio de Janeiro,Pessoa Jurídica,2021-07-28,Campanha,1,1,0,0,0,0,44,16670.07,12211.82,8,2,6,9,3,0,Ativo,2,0.33,0.0
A03514,Associado 3514,29,F,SP,São Paulo,Pessoa Jurídica,2021-02-10,Campanha,1,1,1,0,0,0,72,9814.5,9600.15,9,32,18,2,1,0,Ativo,3,0.5,0.0
A03515,Associado 3515,43,M,MG,Belo Horizonte,Pessoa Física,2018-02-05,Indicação,1,0,0,0,0,0,3,3161.88,0.0,9,26,2,10,1,0,Ativo,1,0.1,0.0
A03516,Associado 3516,46,M,MG,Belo Horizonte,Pessoa Física,2019-09-15,Digital,1,0,0,0,0,0,0,20892.29,19533.61,8,162,1,6,2,1,Churned,1,0.33,0.5
A03517,Associado 3517,54,M,RS,Porto Alegre,Pessoa Física,2025-06-23,Indicação,0,1,0,1,0,0,9,0.0,3344.51,8,6,6,7,2,0,Ativo,2,0.29,0.0
A03518,Associado 3518,20,M,SC,Joinville,Agro,2022-04-13,Digital,1,0,0,0,0,1,0,3248.09,0.0,7,272,2,6,3,1,Churned,2,0.5,0.33
A03519,Associado 3519,54,M,RS,Caxias do Sul,Pessoa Física,2023-09-24,Agência,1,1,0,0,0,0,7,3744.7,10089.41,8,110,3,4,1,1,Inativo,2,0.25,1.0
A03520,Associado 3520,36,M,RS,Porto Alegre,Pessoa Física,2020-05-22,Digital,1,1,0,0,0,0,20,5868.49,0.0,7,7,6,8,1,0,Ativo,2,0.12,0.0
A03521,Associado 3521,44,M,RS,Porto Alegre,Pessoa Física,2021-08-20,Agência,0,0,0,0,0,0,1,0.0,0.0,7,340,0,7,0,0,Churned,0,0.0,0.0
A03522,Associado 3522,33,M,SC,Joinville,Pessoa Física,2021-11-16,Digital,1,0,0,0,0,0,1,704.88,0.0,8,301,1,6,1,1,Churned,1,0.17,1.0
A03523,Associado 3523,53,F,RS,Porto Alegre,Pessoa Física,2025-05-25,Digital,1,1,0,0,1,0,23,204.98,0.0,6,22,12,4,3,0,Ativo,3,0.75,0.0
A03524,Associado 3524,48,M,RS,Caxias do Sul,Agro,2023-08-25,Campanha,0,0,0,0,0,1,4,0.0,3351.83,10,199,1,4,0,0,Inativo,1,0.0,0.0
A03525,Associado 3525,22,M,RS,Caxias do Sul,Pessoa Física,2025-05-11,Digital,0,0,0,0,0,0,2,0.0,3952.29,6,283,0,6,3,0,Churned,0,0.5,0.0
A03526,Associado 3526,51,M,RS,Caxias do Sul,Agro,2018-06-16,Campanha,1,1,0,0,0,0,53,3817.2,27584.8,7,40,5,4,1,0,Ativo,2,0.25,0.0
A03527,Associado 3527,50,M,RJ,Rio de Janeiro,Pessoa Jurídica,2022-08-16,Agência,1,1,0,0,1,0,14,16048.09,8526.93,9,83,0,7,0,0,Inativo,3,0.0,0.0
A03528,Associado 3528,61,F,SP,São Paulo,Pessoa Física,2018-03-04,Agência,1,0,0,0,0,0,26,5465.92,11157.24,10,2,4,5,1,0,Ativo,1,0.2,0.0
A03529,Associado 3529,30,M,RJ,Rio de Janeiro,Pessoa Física,2018-07-22,Digital,0,0,0,0,0,0,7,0.0,0.0,8,28,10,10,8,4,Ativo,0,0.8,0.5
A03530,Associado 3530,46,F,SC,Joinville,Pessoa Física,2021-03-26,Indicação,1,1,1,0,1,0,35,541.01,55438.18,7,46,15,4,2,2,Ativo,4,0.5,1.0
A03531,Associado 3531,38,F,RS,Caxias do Sul,Agro,2022-03-19,Agência,1,1,0,0,0,1,39,4415.59,0.0,10,15,11,5,2,0,Ativo,3,0.4,0.0
A03532,Associado 3532,53,F,SP,São Paulo,Pessoa Física,2024-05-14,Agência,1,1,1,0,0,0,14,2334.36,42375.57,6,10,8,7,5,1,Ativo,3,0.71,0.2
A03533,Associado 3533,23,F,RS,Caxias do Sul,Pessoa Física,2021-01-29,Digital,1,0,0,0,0,0,15,3697.13,0.0,9,22,5,3,1,0,Ativo,1,0.33,0.0
A03534,Associado 3534,18,M,RS,Caxias do Sul,Pessoa Física,2020-06-13,Digital,1,1,1,0,0,0,15,1865.81,0.0,6,14,10,11,6,0,Ativo,3,0.55,0.0
A03535,Associado 3535,45,F,RS,Porto Alegre,Pessoa Física,2021-04-07,Indicação,0,1,0,0,0,0,9,0.0,19841.08,6,37,3,9,4,1,Ativo,1,0.44,0.25
A03536,Associado 3536,36,F,RS,Porto Alegre,Pessoa Física,2022-04-05,Digital,1,1,1,0,0,0,8,1193.17,20144.67,10,221,1,6,2,0,Inativo,3,0.33,0.0
A03537,Associado 3537,65,M,RS,Caxias do Sul,Pessoa Física,2024-09-16,Agência,1,1,1,0,1,0,36,3704.06,10239.12,10,12,5,2,0,0,Ativo,4,0.0,0.0
A03538,Associado 3538,69,F,SC,Joinville,Pessoa Jurídica,2021-03-10,Campanha,1,1,0,0,1,0,72,13133.55,12705.68,10,9,5,8,5,1,Ativo,3,0.62,0.2
A03539,Associado 3539,41,F,PR,Londrina,Pessoa Jurídica,2024-07-22,Agência,1,1,0,0,1,0,25,4819.33,1167.03,10,147,5,4,0,0,Inativo,3,0.0,0.0
A03540,Associado 3540,29,F,RS,Caxias do Sul,Pessoa Física,2020-02-26,Indicação,1,1,0,0,0,0,6,1927.19,0.0,7,3,2,6,3,1,Ativo,2,0.5,0.33
A03541,Associado 3541,50,F,RS,Caxias do Sul,Pessoa Física,2020-09-02,Indicação,0,1,0,0,0,0,3,0.0,5564.97,8,128,0,7,1,0,Inativo,1,0.14,0.0
A03542,Associado 3542,40,M,SP,São Paulo,Agro,2020-04-13,Campanha,1,1,0,0,1,1,39,3382.57,17654.36,10,0,6,7,2,0,Ativo,4,0.29,0.0
A03543,Associado 3543,40,F,RS,Porto Alegre,Pessoa Física,2018-07-12,Digital,1,1,0,0,0,0,28,6753.24,55383.8,8,6,12,6,5,0,Ativo,2,0.83,0.0
A03544,Associado 3544,41,M,RS,Caxias do Sul,Agro,2024-01-09,Digital,1,1,0,0,0,0,23,5684.55,0.0,9,8,12,5,4,0,Ativo,2,0.8,0.0
A03545,Associado 3545,29,M,MG,Belo Horizonte,Pessoa Física,2019-01-21,Digital,0,0,1,1,0,0,20,0.0,0.0,10,1,15,4,2,0,Ativo,2,0.5,0.0
A03546,Associado 3546,47,M,RS,Caxias do Sul,Pessoa Jurídica,2023-05-30,Indicação,1,1,1,1,0,0,50,10325.8,1953.6,10,32,5,7,4,2,Ativo,4,0.57,0.5
A03547,Associado 3547,25,F,RS,Porto Alegre,Pessoa Física,2021-11-12,Digital,1,1,0,0,0,0,22,1639.48,0.0,10,4,7,6,2,0,Ativo,2,0.33,0.0
A03548,Associado 3548,24,F,SC,Florianópolis,Pessoa Física,2021-01-06,Digital,1,1,0,0,0,0,9,9794.69,0.0,8,4,2,6,0,0,Ativo,2,0.0,0.0
A03549,Associado 3549,57,M,RS,Porto Alegre,Agro,2023-06-24,Campanha,1,0,0,0,0,0,30,8499.54,6833.43,9,8,8,3,0,0,Ativo,1,0.0,0.0
A03550,Associado 3550,47,M,PR,Curitiba,Pessoa Física,2018-06-21,Agência,1,0,0,0,0,0,0,11568.54,0.0,5,256,0,4,2,0,Churned,1,0.5,0.0
A03551,Associado 3551,47,M,SP,São Paulo,Pessoa Física,2018-12-03,Campanha,1,1,0,1,0,0,35,2424.64,1267.3,7,15,9,7,4,0,Ativo,3,0.57,0.0
A03552,Associado 3552,36,M,RS,Porto Alegre,Pessoa Física,2021-12-25,Campanha,1,1,0,0,0,0,35,1622.49,0.0,6,13,13,9,5,1,Ativo,2,0.56,0.2
A03553,Associado 3553,43,M,PR,Londrina,Pessoa Jurídica,2019-08-28,Digital,1,1,0,0,1,0,37,8922.01,0.0,9,40,7,7,3,0,Ativo,3,0.43,0.0
A03554,Associado 3554,24,M,SC,Florianópolis,Pessoa Física,2024-12-11,Digital,1,1,0,0,0,0,10,6091.34,2039.51,10,5,8,10,5,1,Ativo,2,0.5,0.2
A03555,Associado 3555,29,F,RS,Porto Alegre,Pessoa Jurídica,2019-10-28,Digital,1,0,0,0,0,0,42,6906.51,8743.28,8,2,4,8,3,1,Ativo,1,0.38,0.33
A03556,Associado 3556,45,F,PR,Londrina,Pessoa Física,2023-11-24,Campanha,1,0,0,0,0,0,2,1850.68,47045.17,9,87,0,8,2,2,Inativo,1,0.25,1.0
A03557,Associado 3557,63,F,RS,Porto Alegre,Pessoa Física,2021-05-17,Agência,1,1,1,1,0,0,41,1253.71,8301.69,8,8,7,6,4,0,Ativo,4,0.67,0.0
A03558,Associado 3558,29,M,SC,Florianópolis,Pessoa Jurídica,2023-04-13,Digital,1,0,0,0,0,0,48,17216.47,12476.73,7,0,18,10,6,1,Ativo,1,0.6,0.17
A03559,Associado 3559,53,F,RS,Porto Alegre,Pessoa Física,2018-12-18,Indicação,1,1,0,0,0,0,11,2757.91,0.0,8,102,1,5,3,1,Inativo,2,0.6,0.33
A03560,Associado 3560,39,M,SC,Florianópolis,Pessoa Física,2022-10-28,Campanha,1,1,1,0,1,0,52,2748.93,10492.84,8,23,17,4,3,0,Ativo,4,0.75,0.0
A03561,Associado 3561,67,M,RS,Porto Alegre,Pessoa Física,2023-09-27,Indicação,1,1,1,0,1,0,1,6612.5,0.0,8,250,0,8,4,1,Churned,4,0.5,0.25
A03562,Associado 3562,33,F,SP,São Paulo,Pessoa Física,2023-09-10,Digital,1,1,0,0,0,0,26,4494.41,15215.42,10,8,11,3,1,0,Ativo,2,0.33,0.0
A03563,Associado 3563,61,M,RS,Caxias do Sul,Pessoa Jurídica,2019-04-20,Agência,1,0,0,0,0,0,37,16964.31,6220.5,10,1,2,3,1,1,Ativo,1,0.33,1.0
A03564,Associado 3564,27,F,SC,Florianópolis,Pessoa Física,2024-11-29,Digital,1,1,1,0,1,0,3,4689.13,0.0,5,265,2,5,2,0,Churned,4,0.4,0.0
A03565,Associado 3565,31,F,SC,Joinville,Pessoa Física,2021-02-23,Agência,1,1,1,0,0,0,25,2070.97,10328.34,7,17,8,4,1,0,Ativo,3,0.25,0.0
A03566,Associado 3566,43,F,SP,São Paulo,Pessoa Física,2024-03-16,Campanha,1,1,0,0,0,0,2,2606.4,74371.94,8,254,0,10,4,0,Churned,2,0.4,0.0
A03567,Associado 3567,49,M,PR,Curitiba,Pessoa Física,2024-04-11,Indicação,1,1,1,0,1,0,40,6521.8,60324.52,8,2,7,6,3,0,Ativo,4,0.5,0.0
A03568,Associado 3568,40,M,PR,Londrina,Pessoa Física,2019-03-19,Indicação,1,1,1,0,0,0,24,4491.63,0.0,8,5,9,5,1,0,Ativo,3,0.2,0.0
A03569,Associado 3569,55,M,SP,São Paulo,Agro,2022-08-02,Indicação,0,0,0,0,0,1,3,0.0,0.0,6,49,1,8,0,0,Inativo,1,0.0,0.0
A03570,Associado 3570,36,F,MG,Belo Horizonte,Agro,2024-12-23,Digital,1,1,1,0,0,1,4,9454.25,0.0,9,175,0,7,4,0,Churned,4,0.57,0.0
A03571,Associado 3571,21,M,RS,Caxias do Sul,Pessoa Física,2025-09-17,Agência,1,1,0,0,0,0,25,7577.19,3783.41,10,7,7,5,1,0,Ativo,2,0.2,0.0
A03572,Associado 3572,37,F,SC,Florianópolis,Pessoa Física,2018-09-12,Digital,1,1,0,0,0,0,38,4048.26,0.0,8,11,17,6,3,2,Ativo,2,0.5,0.67
A03573,Associado 3573,35,M,SP,São Paulo,Agro,2018-03-11,Agência,1,1,1,0,0,0,41,5152.89,4153.21,8,4,5,3,1,0,Ativo,3,0.33,0.0
A03574,Associado 3574,42,F,RJ,Rio de Janeiro,Pessoa Física,2024-11-07,Indicação,1,1,1,0,0,0,21,3091.44,16523.03,9,6,5,5,2,0,Ativo,3,0.4,0.0
A03575,Associado 3575,65,F,MG,Belo Horizonte,Pessoa Física,2019-08-01,Agência,1,1,1,1,1,0,51,3256.89,0.0,10,36,12,6,4,1,Ativo,5,0.67,0.25
A03576,Associado 3576,67,M,SC,Florianópolis,Pessoa Jurídica,2019-05-10,Indicação,1,1,1,0,1,0,22,3391.73,90867.29,7,87,2,7,1,0,Inativo,4,0.14,0.0
A03577,Associado 3577,39,M,RS,Caxias do Sul,Pessoa Física,2024-06-30,Indicação,1,1,0,0,1,0,33,3784.16,26715.39,10,8,10,7,3,0,Ativo,3,0.43,0.0
A03578,Associado 3578,31,F,SC,Florianópolis,Pessoa Física,2020-02-20,Digital,1,1,1,1,0,0,37,1402.73,0.0,9,17,30,5,4,1,Ativo,4,0.8,0.25
A03579,Associado 3579,39,F,SP,São Paulo,Agro,2024-09-16,Agência,1,1,1,0,0,1,35,6213.24,0.0,7,4,4,2,1,0,Ativo,4,0.5,0.0
A03580,Associado 3580,38,M,SC,Joinville,Pessoa Jurídica,2020-04-30,Digital,1,0,0,1,0,0,14,8116.19,27085.19,6,130,3,4,1,0,Inativo,2,0.25,0.0
A03581,Associado 3581,31,F,SC,Joinville,Pessoa Física,2023-01-13,Digital,1,0,0,0,0,0,3,1566.31,12831.76,2,203,0,5,1,0,Churned,1,0.2,0.0
A03582,Associado 3582,25,M,SP,São Paulo,Pessoa Física,2018-05-09,Indicação,1,0,0,0,0,0,8,4509.69,0.0,10,70,1,8,3,3,Inativo,1,0.38,1.0
A03583,Associado 3583,47,M,SC,Joinville,Pessoa Física,2022-02-15,Agência,1,0,0,0,0,0,16,3292.68,7357.03,8,14,5,7,1,0,Ativo,1,0.14,0.0
A03584,Associado 3584,49,F,MG,Belo Horizonte,Pessoa Jurídica,2024-01-03,Indicação,1,0,0,0,0,0,20,106494.1,0.0,8,3,4,9,1,0,Ativo,1,0.11,0.0
A03585,Associado 3585,38,M,SC,Florianópolis,Pessoa Física,2022-07-07,Indicação,1,1,0,0,0,0,18,5295.62,38768.53,9,7,3,8,3,1,Ativo,2,0.38,0.33
A03586,Associado 3586,59,F,RS,Porto Alegre,Pessoa Física,2022-12-29,Agência,1,0,0,0,0,0,5,4542.35,26571.48,7,158,2,4,1,0,Inativo,1,0.25,0.0
A03587,Associado 3587,41,M,SC,Joinville,Agro,2024-12-23,Indicação,1,0,0,0,0,1,12,7723.28,0.0,7,4,5,4,1,0,Ativo,2,0.25,0.0
A03588,Associado 3588,38,F,SP,São Paulo,Pessoa Física,2022-01-19,Indicação,1,1,1,0,0,0,29,2920.79,48044.95,10,2,13,5,4,1,Ativo,3,0.8,0.25
A03589,Associado 3589,52,M,RS,Porto Alegre,Pessoa Física,2022-12-08,Indicação,1,1,1,1,0,0,21,7157.47,3224.97,10,3,6,10,4,2,Ativo,4,0.4,0.5
A03590,Associado 3590,27,M,RS,Caxias do Sul,Pessoa Física,2021-11-28,Agência,0,1,0,0,0,0,2,0.0,0.0,6,76,2,3,2,0,Inativo,1,0.67,0.0
A03591,Associado 3591,57,F,RJ,Rio de Janeiro,Pessoa Física,2018-01-08,Agência,1,0,0,0,0,0,15,3078.93,0.0,8,5,3,11,2,0,Ativo,1,0.18,0.0
A03592,Associado 3592,41,M,RS,Porto Alegre,Pessoa Física,2018-08-08,Agência,1,1,0,0,0,0,25,10208.55,16464.29,6,25,5,5,2,0,Ativo,2,0.4,0.0
A03593,Associado 3593,42,F,PR,Curitiba,Agro,2019-12-26,Digital,1,1,0,0,0,1,20,1903.21,46018.21,9,8,11,10,4,0,Ativo,3,0.4,0.0
A03594,Associado 3594,61,F,PR,Curitiba,Agro,2018-04-12,Indicação,1,1,0,0,0,1,30,11525.8,0.0,8,16,1,7,2,1,Ativo,3,0.29,0.5
A03595,Associado 3595,54,F,SC,Florianópolis,Pessoa Física,2022-08-29,Indicação,1,1,0,0,0,0,2,1846.09,31532.93,6,192,0,8,2,0,Churned,2,0.25,0.0
A03596,Associado 3596,36,F,PR,Curitiba,Pessoa Física,2025-09-22,Campanha,1,1,1,0,0,0,38,25090.72,0.0,7,13,10,8,4,0,Ativo,3,0.5,0.0
A03597,Associado 3597,31,F,RS,Caxias do Sul,Pessoa Física,2023-08-12,Agência,1,1,0,0,1,0,25,1527.44,24998.21,10,1,8,4,0,0,Ativo,3,0.0,0.0
A03598,Associado 3598,29,M,PR,Curitiba,Pessoa Física,2025-07-05,Agência,1,1,0,0,0,0,10,1529.13,4708.19,6,117,5,12,1,0,Inativo,2,0.08,0.0
A03599,Associado 3599,59,M,SC,Joinville,Pessoa Física,2020-02-10,Indicação,1,0,0,0,1,0,5,5540.63,10759.82,7,117,1,6,1,0,Inativo,2,0.17,0.0
A03600,Associado 3600,44,M,PR,Curitiba,Agro,2020-04-13,Agência,1,0,0,0,0,1,22,2666.14,0.0,8,12,5,5,2,0,Ativo,2,0.4,0.0
A03601,Associado 3601,32,M,RS,Caxias do Sul,Pessoa Física,2020-01-10,Digital,1,1,0,0,0,0,19,8407.43,0.0,5,138,7,8,5,1,Inativo,2,0.62,0.2
A03602,Associado 3602,35,M,PR,Curitiba,Pessoa Física,2018-07-19,Digital,1,1,0,1,0,0,26,2365.92,0.0,10,2,16,8,4,1,Ativo,3,0.5,0.25
A03603,Associado 3603,59,M,RS,Porto Alegre,Pessoa Física,2023-06-16,Agência,1,1,0,0,0,0,3,1676.38,0.0,6,155,1,4,0,0,Churned,2,0.0,0.0
A03604,Associado 3604,41,M,RS,Caxias do Sul,Pessoa Física,2018-01-26,Digital,1,1,0,1,0,0,38,15367.94,18550.58,6,1,12,6,3,0,Ativo,3,0.5,0.0
A03605,Associado 3605,19,F,RS,Porto Alegre,Pessoa Física,2023-07-11,Digital,0,1,0,0,0,0,9,0.0,5854.92,7,3,11,4,2,0,Ativo,1,0.5,0.0
A03606,Associado 3606,23,F,RS,Porto Alegre,Pessoa Física,2020-08-01,Digital,0,0,0,0,0,0,1,0.0,28730.41,6,215,0,7,1,0,Churned,0,0.14,0.0
A03607,Associado 3607,48,F,SP,São Paulo,Pessoa Física,2018-04-12,Indicação,1,1,0,0,0,0,20,2450.22,7830.68,8,10,4,4,0,0,Ativo,2,0.0,0.0
A03608,Associado 3608,50,M,RS,Caxias do Sul,Pessoa Jurídica,2021-09-16,Agência,1,1,1,1,0,0,77,24167.26,0.0,9,12,11,6,2,1,Ativo,4,0.33,0.5
A03609,Associado 3609,49,F,MG,Belo Horizonte,Pessoa Física,2024-08-16,Campanha,1,1,1,0,1,0,24,958.76,0.0,9,2,6,5,4,1,Ativo,4,0.8,0.25
A03610,Associado 3610,31,M,RJ,Rio de Janeiro,Pessoa Física,2018-07-16,Digital,1,1,1,0,0,0,35,11914.41,0.0,8,3,10,12,5,0,Ativo,3,0.42,0.0
A03611,Associado 3611,55,M,PR,Curitiba,Pessoa Física,2019-05-25,Campanha,0,1,0,0,0,0,0,0.0,0.0,6,341,0,13,6,1,Churned,1,0.46,0.17
A03612,Associado 3612,50,M,RS,Porto Alegre,Agro,2023-06-19,Agência,1,1,0,0,0,1,34,4305.0,0.0,10,6,1,5,0,0,Ativo,3,0.0,0.0
A03613,Associado 3613,23,F,SC,Joinville,Pessoa Física,2020-10-11,Digital,1,0,0,0,0,1,28,7121.44,2284.93,10,6,21,6,6,1,Ativo,2,1.0,0.17
A03614,Associado 3614,34,F,SP,São Paulo,Pessoa Física,2020-07-11,Digital,1,0,0,0,0,0,0,2852.41,5171.49,4,171,0,4,2,0,Churned,1,0.5,0.0
A03615,Associado 3615,49,F,SC,Florianópolis,Pessoa Física,2024-06-04,Indicação,1,1,0,0,0,0,5,5346.72,0.0,10,187,2,4,2,0,Churned,2,0.5,0.0
A03616,Associado 3616,38,M,RS,Caxias do Sul,Pessoa Jurídica,2022-11-27,Digital,1,1,0,0,0,0,27,31431.14,0.0,9,10,10,8,5,1,Ativo,2,0.62,0.2
A03617,Associado 3617,36,M,PR,Curitiba,Pessoa Física,2022-04-05,Digital,1,1,1,0,0,0,20,1519.7,17392.98,10,24,8,8,7,2,Ativo,3,0.88,0.29
A03618,Associado 3618,56,M,SP,São Paulo,Pessoa Física,2021-08-24,Campanha,1,0,0,0,0,0,20,2755.58,7755.13,7,1,4,7,3,0,Ativo,1,0.43,0.0
A03619,Associado 3619,28,M,SP,São Paulo,Pessoa Física,2018-01-21,Digital,1,1,0,0,0,0,13,7706.87,0.0,6,116,4,10,2,0,Inativo,2,0.2,0.0
A03620,Associado 3620,55,F,RS,Porto Alegre,Pessoa Física,2023-04-07,Agência,1,0,0,0,0,0,19,7130.81,0.0,6,3,5,3,1,0,Ativo,1,0.33,0.0
A03621,Associado 3621,59,F,PR,Curitiba,Pessoa Física,2020-11-30,Digital,1,0,0,0,0,0,27,2416.21,116777.5,6,2,12,5,0,0,Ativo,1,0.0,0.0
A03622,Associado 3622,31,F,RS,Porto Alegre,Pessoa Física,2023-03-31,Digital,0,0,0,0,0,0,0,0.0,0.0,5,161,3,5,3,1,Churned,0,0.6,0.33
A03623,Associado 3623,32,F,RS,Porto Alegre,Pessoa Jurídica,2022-03-02,Digital,1,0,0,0,0,0,47,6953.25,10022.02,8,11,9,2,0,0,Ativo,1,0.0,0.0
A03624,Associado 3624,41,M,MG,Belo Horizonte,Pessoa Jurídica,2023-06-07,Digital,1,0,0,0,0,0,4,10912.92,109645.63,6,258,0,2,0,0,Churned,1,0.0,0.0
A03625,Associado 3625,72,M,RS,Caxias do Sul,Pessoa Física,2023-03-15,Campanha,1,0,0,0,0,0,13,2623.83,64041.65,8,2,4,9,3,0,Ativo,1,0.33,0.0
A03626,Associado 3626,53,F,RS,Porto Alegre,Pessoa Física,2020-08-24,Indicação,1,1,0,0,0,0,13,512.83,13664.88,8,14,3,4,1,0,Ativo,2,0.25,0.0
A03627,Associado 3627,46,M,RS,Porto Alegre,Pessoa Física,2022-08-15,Agência,0,0,0,0,0,0,0,0.0,135145.66,5,249,1,10,4,1,Churned,0,0.4,0.25
A03628,Associado 3628,56,M,MG,Belo Horizonte,Pessoa Física,2021-08-24,Agência,1,0,0,0,1,0,9,4333.35,0.0,10,19,5,7,2,0,Ativo,2,0.29,0.0
A03629,Associado 3629,40,F,SP,São Paulo,Agro,2024-11-11,Campanha,1,0,0,0,1,0,37,8462.1,0.0,8,4,11,5,2,0,Ativo,2,0.4,0.0
A03630,Associado 3630,57,F,PR,Curitiba,Agro,2019-05-29,Indicação,1,1,0,0,0,1,9,4842.46,50214.26,5,173,3,5,2,1,Inativo,3,0.4,0.5
A03631,Associado 3631,57,M,SP,São Paulo,Pessoa Física,2018-02-10,Campanha,0,1,0,0,0,0,3,0.0,20724.71,9,249,0,5,1,0,Churned,1,0.2,0.0
A03632,Associado 3632,24,F,RS,Caxias do Sul,Pessoa Física,2018-09-20,Digital,1,0,0,0,0,0,13,2644.22,3218.17,5,7,5,4,1,1,Ativo,1,0.25,1.0
A03633,Associado 3633,41,F,SC,Florianópolis,Pessoa Física,2021-08-10,Indicação,1,1,0,0,0,0,1,4390.01,25326.45,10,294,0,5,1,0,Churned,2,0.2,0.0
A03634,Associado 3634,31,F,SC,Joinville,Pessoa Jurídica,2025-06-25,Indicação,1,1,0,0,0,0,54,3661.41,0.0,10,3,12,5,2,0,Ativo,2,0.4,0.0
A03635,Associado 3635,39,F,RS,Porto Alegre,Pessoa Jurídica,2020-10-29,Agência,1,1,0,0,0,0,79,17733.14,1668.65,7,2,9,4,1,0,Ativo,2,0.25,0.0
A03636,Associado 3636,27,F,SC,Florianópolis,Pessoa Jurídica,2022-12-25,Digital,1,1,0,0,0,0,88,9740.03,7745.95,6,26,22,8,6,0,Ativo,2,0.75,0.0
A03637,Associado 3637,54,F,MG,Belo Horizonte,Pessoa Jurídica,2018-05-08,Digital,1,1,0,0,0,0,24,5390.57,668232.61,7,70,3,5,1,0,Inativo,2,0.2,0.0
A03638,Associado 3638,38,F,RS,Caxias do Sul,Pessoa Física,2025-01-22,Digital,1,1,1,0,0,0,29,8514.91,67921.35,10,7,11,5,4,0,Ativo,3,0.8,0.0
A03639,Associado 3639,50,F,RS,Porto Alegre,Pessoa Jurídica,2023-06-11,Indicação,1,0,1,0,0,0,34,14942.86,13689.01,5,29,4,4,2,0,Ativo,2,0.5,0.0
A03640,Associado 3640,46,F,RS,Caxias do Sul,Pessoa Jurídica,2025-05-15,Indicação,1,0,0,0,1,0,40,11995.96,111876.89,9,18,5,6,3,1,Ativo,2,0.5,0.33
A03641,Associado 3641,42,M,RS,Caxias do Sul,Pessoa Física,2019-06-09,Campanha,1,0,0,0,0,0,7,2009.87,30006.0,10,97,2,5,2,0,Inativo,1,0.4,0.0
A03642,Associado 3642,56,F,MG,Belo Horizonte,Pessoa Física,2022-10-22,Indicação,1,0,0,0,0,0,18,2731.78,12408.12,7,4,3,6,2,0,Ativo,1,0.33,0.0
A03643,Associado 3643,36,F,SC,Joinville,Pessoa Jurídica,2020-01-27,Digital,1,0,0,0,0,0,4,15085.29,0.0,10,132,1,8,3,0,Inativo,1,0.38,0.0
A03644,Associado 3644,36,F,SC,Florianópolis,Pessoa Física,2020-06-12,Digital,1,1,0,0,0,0,30,18296.31,13992.28,7,15,16,5,3,0,Ativo,2,0.6,0.0
A03645,Associado 3645,60,M,SP,São Paulo,Pessoa Jurídica,2025-09-07,Indicação,1,1,0,1,0,0,17,20434.18,81080.84,8,55,0,6,1,1,Inativo,3,0.17,1.0
A03646,Associado 3646,35,F,RS,Porto Alegre,Pessoa Jurídica,2024-03-29,Digital,1,0,0,0,0,0,37,3828.83,33461.04,4,3,11,9,4,0,Ativo,1,0.44,0.0
A03647,Associado 3647,56,F,SC,Florianópolis,Pessoa Jurídica,2022-05-11,Agência,1,1,1,0,1,0,1,13700.98,6379.51,9,212,2,7,3,1,Churned,4,0.43,0.33
A03648,Associado 3648,32,M,SC,Florianópolis,Pessoa Jurídica,2018-03-29,Digital,1,1,0,0,0,0,132,9607.59,8114.21,9,15,25,3,1,0,Ativo,2,0.33,0.0
A03649,Associado 3649,37,M,PR,Londrina,Pessoa Física,2025-09-14,Agência,1,0,0,0,0,0,1,2187.01,0.0,8,277,0,9,1,0,Churned,1,0.11,0.0
A03650,Associado 3650,46,F,RJ,Rio de Janeiro,Pessoa Jurídica,2022-05-07,Indicação,1,1,1,0,0,0,62,6171.56,3504.97,7,8,5,9,2,0,Ativo,3,0.22,0.0
A03651,Associado 3651,25,M,SP,São Paulo,Pessoa Física,2022-11-23,Digital,1,1,0,1,0,0,28,3471.63,0.0,8,6,10,9,7,1,Ativo,3,0.78,0.14
A03652,Associado 3652,29,M,SC,Florianópolis,Pessoa Física,2019-09-29,Agência,1,1,1,0,1,0,60,5457.25,0.0,9,45,13,5,2,0,Ativo,4,0.4,0.0
A03653,Associado 3653,44,M,SP,São Paulo,Pessoa Física,2024-02-27,Campanha,0,0,0,1,0,0,12,0.0,0.0,7,3,4,6,1,0,Ativo,1,0.17,0.0
A03654,Associado 3654,36,M,RS,Porto Alegre,Pessoa Física,2024-08-05,Indicação,1,1,0,0,0,0,41,4112.78,0.0,7,0,7,7,1,0,Ativo,2,0.14,0.0
A03655,Associado 3655,58,M,RS,Caxias do Sul,Pessoa Física,2023-12-20,Indicação,1,1,0,0,1,0,35,5761.11,0.0,7,2,10,5,3,1,Ativo,3,0.6,0.33
A03656,Associado 3656,36,F,RS,Porto Alegre,Agro,2018-06-26,Digital,1,1,0,0,0,0,54,11588.46,0.0,7,8,18,6,4,1,Ativo,2,0.67,0.25
A03657,Associado 3657,50,M,RS,Caxias do Sul,Pessoa Física,2022-04-19,Indicação,1,0,0,0,0,0,19,3271.14,0.0,8,0,4,4,0,0,Ativo,1,0.0,0.0
A03658,Associado 3658,38,F,SC,Florianópolis,Pessoa Física,2018-01-22,Indicação,1,0,1,0,0,0,23,4229.28,5674.64,9,3,3,8,2,1,Ativo,2,0.25,0.5
A03659,Associado 3659,32,F,PR,Curitiba,Pessoa Física,2019-10-15,Digital,1,1,0,0,0,0,32,3610.18,0.0,10,3,16,2,1,1,Ativo,2,0.5,1.0
A03660,Associado 3660,26,F,MG,Belo Horizonte,Pessoa Física,2020-02-22,Campanha,1,1,1,0,0,0,34,3947.52,0.0,7,1,6,4,3,0,Ativo,3,0.75,0.0
A03661,Associado 3661,52,M,SC,Florianópolis,Pessoa Jurídica,2018-06-17,Agência,1,1,1,0,1,0,19,4813.46,11023.07,10,126,0,4,1,0,Inativo,4,0.25,0.0
A03662,Associado 3662,31,F,SC,Joinville,Pessoa Física,2020-11-27,Campanha,1,0,0,0,0,0,11,2189.72,0.0,7,37,3,3,1,1,Ativo,1,0.33,1.0
A03663,Associado 3663,31,M,RS,Porto Alegre,Pessoa Jurídica,2020-05-22,Digital,1,1,0,0,0,0,89,3073.94,10966.12,6,13,21,7,6,1,Ativo,2,0.86,0.17
A03664,Associado 3664,48,F,RS,Porto Alegre,Pessoa Jurídica,2022-11-17,Digital,1,1,1,0,0,0,78,18913.79,11691.38,6,25,20,6,6,1,Ativo,3,1.0,0.17
A03665,Associado 3665,49,F,PR,Curitiba,Pessoa Física,2022-11-06,Agência,1,0,0,0,0,0,14,4115.77,0.0,9,8,4,7,4,2,Ativo,1,0.57,0.5
A03666,Associado 3666,33,F,SC,Florianópolis,Agro,2022-05-10,Digital,1,1,0,1,0,0,47,12602.76,18711.9,9,7,21,5,2,1,Ativo,3,0.4,0.5
A03667,Associado 3667,29,M,SP,São Paulo,Pessoa Física,2021-10-28,Digital,1,1,0,0,1,0,34,853.96,73786.12,10,36,12,6,1,0,Ativo,3,0.17,0.0
A03668,Associado 3668,38,F,RS,Porto Alegre,Pessoa Física,2019-09-24,Campanha,0,0,0,0,0,0,1,0.0,25328.47,8,264,0,7,1,0,Churned,0,0.14,0.0
A03669,Associado 3669,44,M,RS,Caxias do Sul,Agro,2022-05-21,Campanha,1,1,1,0,0,1,13,5919.6,341592.22,9,72,4,6,2,0,Inativo,4,0.33,0.0
A03670,Associado 3670,46,M,SC,Joinville,Agro,2021-12-21,Campanha,1,1,0,0,0,1,36,10213.35,0.0,6,2,7,4,2,1,Ativo,3,0.5,0.5
A03671,Associado 3671,54,M,RS,Porto Alegre,Pessoa Física,2023-02-07,Digital,0,0,0,0,0,0,3,0.0,6883.24,8,112,2,6,2,0,Inativo,0,0.33,0.0
A03672,Associado 3672,45,F,RS,Caxias do Sul,Pessoa Física,2019-12-23,Campanha,1,1,1,0,0,1,38,933.58,20721.73,9,6,9,6,3,0,Ativo,4,0.5,0.0
A03673,Associado 3673,35,F,SP,São Paulo,Pessoa Física,2019-03-16,Digital,1,1,0,0,1,0,60,3378.86,0.0,10,0,28,7,6,0,Ativo,3,0.86,0.0
A03674,Associado 3674,47,F,RS,Caxias do Sul,Pessoa Física,2018-08-31,Campanha,1,0,1,0,0,0,15,4721.3,12351.57,8,12,0,8,0,0,Ativo,2,0.0,0.0
A03675,Associado 3675,48,F,PR,Londrina,Agro,2025-04-02,Agência,1,1,0,0,1,1,17,7196.91,10669.35,9,133,4,6,0,0,Inativo,4,0.0,0.0
A03676,Associado 3676,37,M,RS,Porto Alegre,Pessoa Física,2025-09-10,Digital,1,0,0,0,1,1,9,8491.09,2383.69,9,111,3,7,2,0,Inativo,3,0.29,0.0
A03677,Associado 3677,33,F,RS,Porto Alegre,Pessoa Física,2019-06-27,Campanha,1,1,0,0,0,0,15,1267.99,0.0,8,7,7,11,2,0,Ativo,2,0.18,0.0
A03678,Associado 3678,48,M,SC,Joinville,Agro,2018-10-04,Campanha,1,0,0,0,1,1,56,14977.12,162173.2,10,1,7,4,2,0,Ativo,3,0.5,0.0
A03679,Associado 3679,60,M,SP,São Paulo,Pessoa Física,2019-07-04,Indicação,1,1,0,0,0,0,15,4083.62,0.0,7,55,3,5,3,2,Ativo,2,0.6,0.67
A03680,Associado 3680,51,F,SC,Joinville,Pessoa Física,2021-08-24,Indicação,1,0,0,0,1,0,20,2851.52,19703.35,7,1,6,7,4,0,Ativo,2,0.57,0.0
A03681,Associado 3681,36,F,SP,São Paulo,Agro,2019-02-07,Agência,1,0,0,0,0,1,29,15295.06,0.0,10,17,4,4,1,0,Ativo,2,0.25,0.0
A03682,Associado 3682,56,M,RS,Caxias do Sul,Pessoa Jurídica,2025-05-21,Indicação,1,0,0,0,0,0,38,9576.19,19171.0,8,16,2,7,1,0,Ativo,1,0.14,0.0
A03683,Associado 3683,29,M,SP,São Paulo,Pessoa Jurídica,2021-12-24,Digital,1,0,1,0,0,0,53,12442.24,1375.16,8,11,12,11,8,1,Ativo,2,0.73,0.12
A03684,Associado 3684,55,F,RS,Porto Alegre,Pessoa Física,2020-09-23,Agência,1,1,0,0,0,0,8,1097.63,0.0,6,126,1,7,4,0,Inativo,2,0.57,0.0
A03685,Associado 3685,42,F,PR,Londrina,Pessoa Jurídica,2018-03-17,Agência,1,1,1,1,0,0,68,37364.42,51673.32,9,3,8,5,3,1,Ativo,4,0.6,0.33
A03686,Associado 3686,50,F,PR,Londrina,Pessoa Física,2024-07-14,Agência,1,0,0,0,0,0,29,1712.13,0.0,8,5,5,2,1,0,Ativo,1,0.5,0.0
A03687,Associado 3687,40,M,MG,Belo Horizonte,Pessoa Física,2025-09-13,Indicação,1,1,0,0,0,0,37,6129.02,11507.47,9,35,6,5,4,1,Ativo,2,0.8,0.25
A03688,Associado 3688,40,M,SC,Florianópolis,Agro,2022-01-13,Agência,1,1,1,0,0,1,34,3852.76,0.0,9,29,11,7,3,1,Ativo,4,0.43,0.33
A03689,Associado 3689,38,F,RS,Caxias do Sul,Pessoa Física,2023-09-17,Digital,1,1,0,0,0,0,41,2115.23,3672.35,10,4,20,9,6,0,Ativo,2,0.67,0.0
A03690,Associado 3690,31,M,RS,Porto Alegre,Pessoa Jurídica,2018-11-14,Digital,1,0,0,1,1,0,32,10873.95,0.0,8,13,7,3,1,1,Ativo,3,0.33,1.0
A03691,Associado 3691,42,M,SP,São Paulo,Pessoa Física,2021-04-01,Digital,1,1,0,0,1,0,20,2562.05,0.0,10,0,7,8,3,1,Ativo,3,0.38,0.33
A03692,Associado 3692,51,M,SC,Florianópolis,Pessoa Física,2021-10-13,Indicação,0,0,0,1,0,0,1,0.0,10268.87,5,301,0,4,1,0,Churned,1,0.25,0.0
A03693,Associado 3693,49,M,SP,São Paulo,Pessoa Jurídica,2023-05-17,Indicação,1,1,1,0,0,0,49,21297.28,18545.34,10,8,6,5,1,1,Ativo,3,0.2,1.0
A03694,Associado 3694,35,F,RS,Porto Alegre,Pessoa Física,2025-05-11,Digital,1,1,1,0,0,0,16,2686.52,0.0,10,26,7,5,1,0,Ativo,3,0.2,0.0
A03695,Associado 3695,37,M,RS,Caxias do Sul,Pessoa Jurídica,2025-06-10,Digital,1,1,1,0,0,0,85,60118.58,3300.57,9,26,21,4,4,0,Ativo,3,1.0,0.0
A03696,Associado 3696,50,F,RS,Porto Alegre,Pessoa Física,2018-11-25,Digital,1,0,0,0,1,0,19,2429.42,10801.86,8,28,5,5,0,0,Ativo,2,0.0,0.0
A03697,Associado 3697,37,F,RJ,Rio de Janeiro,Agro,2023-01-29,Campanha,1,0,0,0,0,0,24,16180.0,33948.77,10,23,3,3,2,0,Ativo,1,0.67,0.0
A03698,Associado 3698,41,M,PR,Curitiba,Pessoa Física,2023-03-20,Digital,1,0,0,0,0,0,10,3019.86,33423.18,8,115,6,5,2,0,Inativo,1,0.4,0.0
A03699,Associado 3699,56,F,MG,Belo Horizonte,Pessoa Física,2023-05-03,Agência,1,1,1,0,0,0,8,1854.69,8145.16,7,132,3,7,1,0,Inativo,3,0.14,0.0
A03700,Associado 3700,40,F,RS,Porto Alegre,Pessoa Física,2019-04-21,Indicação,0,0,0,0,0,0,0,0.0,0.0,7,109,0,3,0,0,Churned,0,0.0,0.0
A03701,Associado 3701,46,F,PR,Curitiba,Agro,2022-10-19,Digital,1,1,0,0,1,1,5,10993.76,0.0,7,112,3,6,1,0,Inativo,4,0.17,0.0
A03702,Associado 3702,52,M,PR,Londrina,Pessoa Jurídica,2022-10-04,Indicação,1,1,0,0,0,0,32,31744.58,20453.05,9,1,6,10,3,0,Ativo,2,0.3,0.0
A03703,Associado 3703,33,F,RS,Porto Alegre,Pessoa Jurídica,2022-12-19,Digital,1,1,0,0,0,0,39,42266.08,5783.05,10,12,13,6,3,1,Ativo,2,0.5,0.33
A03704,Associado 3704,33,M,SP,São Paulo,Pessoa Física,2023-05-09,Indicação,1,1,0,0,0,0,24,7530.95,0.0,10,11,6,6,5,4,Ativo,2,0.83,0.8
A03705,Associado 3705,34,F,MG,Belo Horizonte,Pessoa Física,2021-03-21,Agência,1,1,0,0,0,0,11,1912.54,6862.74,7,134,0,6,0,0,Inativo,2,0.0,0.0
A03706,Associado 3706,47,F,MG,Belo Horizonte,Pessoa Física,2019-06-22,Digital,0,0,0,1,0,0,17,0.0,2957.14,7,6,15,3,3,1,Ativo,1,1.0,0.33
A03707,Associado 3707,36,F,SP,São Paulo,Pessoa Física,2024-07-18,Digital,1,0,0,0,0,0,1,4841.3,6175.05,8,241,2,11,3,1,Churned,1,0.27,0.33
A03708,Associado 3708,22,F,RS,Porto Alegre,Pessoa Física,2022-11-25,Indicação,0,0,0,0,0,0,2,0.0,0.0,5,97,0,8,2,0,Churned,0,0.25,0.0
A03709,Associado 3709,50,M,RS,Porto Alegre,Agro,2021-04-05,Campanha,1,1,1,0,1,1,50,8834.76,10263.62,10,4,10,3,2,1,Ativo,5,0.67,0.5
A03710,Associado 3710,48,F,RJ,Rio de Janeiro,Pessoa Jurídica,2022-02-04,Digital,1,1,0,0,0,0,12,57035.37,0.0,7,90,2,3,2,0,Inativo,2,0.67,0.0
A03711,Associado 3711,42,F,RS,Caxias do Sul,Pessoa Física,2023-12-28,Indicação,0,1,0,0,0,0,18,0.0,79007.87,5,9,10,3,2,0,Ativo,1,0.67,0.0
A03712,Associado 3712,38,F,SP,São Paulo,Pessoa Física,2023-10-22,Indicação,1,1,0,0,1,0,35,3765.95,5366.91,8,10,16,8,5,1,Ativo,3,0.62,0.2
A03713,Associado 3713,49,M,SP,São Paulo,Pessoa Jurídica,2019-03-04,Campanha,1,1,0,0,0,1,54,4816.18,4525.15,10,26,8,6,1,0,Ativo,3,0.17,0.0
A03714,Associado 3714,46,M,PR,Curitiba,Pessoa Física,2021-06-13,Indicação,1,1,1,0,1,0,29,11082.12,0.0,9,6,4,3,0,0,Ativo,4,0.0,0.0
A03715,Associado 3715,58,F,RJ,Rio de Janeiro,Pessoa Física,2022-09-27,Agência,1,0,0,0,0,0,24,2048.43,19517.08,5,2,5,3,1,0,Ativo,1,0.33,0.0
A03716,Associado 3716,39,F,RS,Porto Alegre,Pessoa Física,2019-08-23,Indicação,1,1,1,0,0,0,59,2589.16,0.0,6,24,13,3,0,0,Ativo,3,0.0,0.0
A03717,Associado 3717,24,F,RS,Porto Alegre,Pessoa Física,2018-04-07,Digital,1,1,0,1,0,0,26,6766.9,12308.09,10,34,10,11,6,0,Inativo,3,0.55,0.0
A03718,Associado 3718,53,F,RS,Caxias do Sul,Pessoa Jurídica,2019-04-23,Agência,1,1,0,0,0,0,54,55940.16,178406.65,10,10,13,6,4,0,Ativo,2,0.67,0.0
A03719,Associado 3719,47,M,SC,Florianópolis,Pessoa Física,2022-08-29,Agência,1,1,0,0,1,0,1,2841.88,0.0,9,191,0,5,1,0,Churned,3,0.2,0.0
A03720,Associado 3720,55,M,RS,Porto Alegre,Pessoa Física,2020-10-18,Campanha,1,1,1,1,0,0,43,9578.38,0.0,9,4,7,3,1,0,Ativo,4,0.33,0.0
A03721,Associado 3721,49,M,RS,Porto Alegre,Pessoa Física,2019-05-06,Campanha,0,1,1,0,0,0,17,0.0,0.0,10,13,5,4,1,0,Ativo,2,0.25,0.0
A03722,Associado 3722,44,F,SP,São Paulo,Pessoa Jurídica,2021-08-12,Indicação,1,1,0,0,0,0,35,13397.93,800.75,9,1,3,7,4,0,Ativo,2,0.57,0.0
A03723,Associado 3723,42,F,MG,Belo Horizonte,Pessoa Física,2019-02-10,Campanha,1,1,0,0,1,0,34,1643.64,0.0,9,57,15,7,2,1,Ativo,3,0.29,0.5
A03724,Associado 3724,74,F,RS,Caxias do Sul,Pessoa Física,2019-12-16,Indicação,1,1,0,1,1,0,50,404.84,30201.46,10,12,5,10,6,0,Ativo,4,0.6,0.0
A03725,Associado 3725,64,F,SC,Joinville,Agro,2024-10-30,Agência,1,1,0,0,0,1,31,84476.58,0.0,9,1,6,5,0,0,Ativo,3,0.0,0.0
A03726,Associado 3726,52,M,MG,Belo Horizonte,Agro,2025-07-09,Agência,1,1,1,1,1,1,63,9030.24,9342.22,10,5,15,4,2,1,Ativo,6,0.5,0.5
A03727,Associado 3727,47,M,RS,Caxias do Sul,Agro,2021-07-22,Agência,1,0,0,0,0,0,1,3454.83,15069.8,4,162,1,6,3,0,Churned,1,0.5,0.0
A03728,Associado 3728,52,M,RS,Porto Alegre,Pessoa Jurídica,2020-11-09,Agência,1,0,0,0,1,0,41,6607.46,0.0,6,42,3,8,0,0,Ativo,2,0.0,0.0
A03729,Associado 3729,56,F,RS,Caxias do Sul,Pessoa Física,2019-08-08,Agência,1,1,0,0,0,0,12,6655.81,0.0,5,38,1,10,3,0,Ativo,2,0.3,0.0
A03730,Associado 3730,24,F,PR,Curitiba,Pessoa Física,2024-10-10,Digital,1,1,0,0,0,0,16,2324.92,0.0,10,7,11,6,3,1,Ativo,2,0.5,0.33
A03731,Associado 3731,37,F,RS,Porto Alegre,Pessoa Física,2020-08-11,Indicação,1,1,0,0,0,0,15,1827.46,0.0,5,140,1,4,0,0,Inativo,2,0.0,0.0
A03732,Associado 3732,67,F,RJ,Rio de Janeiro,Pessoa Física,2023-07-24,Campanha,1,1,1,0,0,0,48,6197.15,9578.73,8,1,12,11,9,2,Ativo,3,0.82,0.22
A03733,Associado 3733,44,F,SC,Joinville,Agro,2019-08-17,Digital,1,0,1,0,0,1,61,5994.88,22003.4,9,1,20,5,3,0,Ativo,3,0.6,0.0
A03734,Associado 3734,70,M,SC,Florianópolis,Pessoa Jurídica,2023-01-06,Campanha,1,1,0,1,1,0,75,7856.27,5832.3,10,3,9,8,4,1,Ativo,4,0.5,0.25
A03735,Associado 3735,50,F,RS,Caxias do Sul,Pessoa Jurídica,2018-12-22,Digital,1,1,0,0,0,0,14,10121.28,0.0,9,94,3,2,0,0,Inativo,2,0.0,0.0
A03736,Associado 3736,43,F,SC,Florianópolis,Pessoa Física,2023-09-06,Campanha,1,0,0,0,0,0,1,2262.17,35439.31,8,230,1,9,2,0,Churned,1,0.22,0.0
A03737,Associado 3737,23,M,PR,Curitiba,Agro,2022-08-04,Digital,1,1,0,0,0,1,33,2199.28,0.0,6,26,14,4,3,0,Ativo,3,0.75,0.0
A03738,Associado 3738,50,M,SP,São Paulo,Pessoa Jurídica,2024-11-08,Agência,1,1,0,0,0,0,3,9796.75,0.0,6,136,2,4,0,0,Inativo,2,0.0,0.0
A03739,Associado 3739,48,F,SP,São Paulo,Pessoa Física,2018-04-22,Campanha,1,1,0,0,0,0,44,6670.84,0.0,8,1,12,6,2,0,Ativo,2,0.33,0.0
A03740,Associado 3740,49,M,PR,Londrina,Agro,2025-08-26,Digital,1,0,0,0,0,1,4,5706.08,0.0,9,91,4,4,2,0,Inativo,2,0.5,0.0
A03741,Associado 3741,50,F,MG,Belo Horizonte,Pessoa Física,2019-01-10,Digital,1,0,0,0,0,0,30,2230.88,0.0,10,5,4,5,2,0,Ativo,1,0.4,0.0
A03742,Associado 3742,29,F,SP,São Paulo,Pessoa Física,2021-08-31,Digital,1,1,0,1,0,0,28,8217.08,0.0,8,2,12,7,3,0,Ativo,3,0.43,0.0
A03743,Associado 3743,41,M,SP,São Paulo,Pessoa Jurídica,2020-04-24,Indicação,1,1,1,0,0,0,26,4705.6,0.0,6,126,5,8,0,0,Inativo,3,0.0,0.0
A03744,Associado 3744,40,F,RS,Porto Alegre,Pessoa Jurídica,2023-12-14,Campanha,1,0,1,0,0,0,6,11726.69,35321.88,10,190,0,7,0,0,Churned,2,0.0,0.0
A03745,Associado 3745,51,F,RS,Porto Alegre,Pessoa Física,2025-02-22,Agência,1,0,1,0,0,0,10,5164.21,0.0,5,88,1,7,0,0,Inativo,2,0.0,0.0
A03746,Associado 3746,28,F,RS,Porto Alegre,Pessoa Física,2021-10-15,Campanha,0,0,0,0,0,0,2,0.0,6988.16,6,155,0,2,0,0,Churned,0,0.0,0.0
A03747,Associado 3747,43,M,PR,Curitiba,Agro,2025-03-10,Agência,1,1,1,0,0,1,36,5960.24,0.0,9,31,10,5,3,0,Ativo,4,0.6,0.0
A03748,Associado 3748,35,M,SC,Joinville,Pessoa Jurídica,2018-12-28,Digital,1,1,0,0,1,0,33,11208.93,0.0,8,21,4,4,2,0,Ativo,3,0.5,0.0
A03749,Associado 3749,31,M,SC,Florianópolis,Pessoa Jurídica,2019-11-10,Agência,0,0,0,0,0,0,11,0.0,0.0,3,161,2,3,0,0,Inativo,0,0.0,0.0
A03750,Associado 3750,48,M,MG,Belo Horizonte,Pessoa Física,2020-09-09,Indicação,1,1,1,1,0,1,26,1500.71,33058.46,8,0,3,10,3,0,Ativo,5,0.3,0.0
A03751,Associado 3751,38,F,MG,Belo Horizonte,Pessoa Física,2025-09-12,Agência,1,0,1,0,0,0,21,1117.02,80276.69,7,9,11,6,1,0,Ativo,2,0.17,0.0
A03752,Associado 3752,32,M,MG,Belo Horizonte,Pessoa Física,2025-09-23,Digital,1,0,0,0,0,0,16,2132.44,12983.68,7,14,10,2,1,1,Ativo,1,0.5,1.0
A03753,Associado 3753,66,F,RS,Porto Alegre,Pessoa Física,2022-09-28,Agência,1,0,0,0,1,0,21,3137.79,0.0,7,8,5,6,3,1,Ativo,2,0.5,0.33
A03754,Associado 3754,26,M,PR,Londrina,Pessoa Física,2023-07-30,Agência,1,1,1,1,1,0,55,6339.91,2382.37,9,1,8,5,3,0,Ativo,5,0.6,0.0
A03755,Associado 3755,55,M,RS,Porto Alegre,Pessoa Física,2022-09-15,Indicação,1,1,1,1,1,0,60,1405.06,0.0,10,30,12,4,2,1,Ativo,5,0.5,0.5
A03756,Associado 3756,40,F,RS,Caxias do Sul,Pessoa Física,2021-07-11,Agência,1,1,1,1,0,0,48,17505.14,670.2,9,31,11,4,2,1,Ativo,4,0.5,0.5
A03757,Associado 3757,40,M,RS,Porto Alegre,Pessoa Física,2020-03-10,Agência,1,0,0,0,0,0,0,861.59,0.0,6,256,0,5,1,0,Churned,1,0.2,0.0
A03758,Associado 3758,33,M,RS,Porto Alegre,Pessoa Jurídica,2018-10-02,Agência,1,0,1,1,0,0,39,2616.97,0.0,9,6,3,10,3,0,Ativo,3,0.3,0.0
A03759,Associado 3759,29,F,SC,Joinville,Pessoa Física,2022-07-12,Digital,1,0,1,1,0,0,16,1229.64,6948.5,8,13,11,5,2,1,Ativo,3,0.4,0.5
A03760,Associado 3760,44,M,SP,São Paulo,Pessoa Física,2024-09-09,Indicação,1,1,1,0,0,0,31,1107.51,39805.56,10,21,5,2,1,1,Ativo,3,0.5,1.0
A03761,Associado 3761,42,F,RS,Porto Alegre,Pessoa Física,2021-08-29,Agência,1,1,1,1,0,0,34,2485.9,9535.28,8,0,13,7,5,1,Ativo,4,0.71,0.2
A03762,Associado 3762,47,M,SP,São Paulo,Pessoa Física,2020-06-24,Agência,0,0,0,1,0,0,1,0.0,3857.48,6,165,1,6,1,0,Churned,1,0.17,0.0
A03763,Associado 3763,28,F,SC,Joinville,Pessoa Física,2023-02-26,Digital,0,0,0,0,0,0,0,0.0,3855.81,6,157,1,5,2,0,Churned,0,0.4,0.0
A03764,Associado 3764,33,M,RS,Porto Alegre,Agro,2019-05-07,Digital,1,1,0,0,0,1,57,19726.96,0.0,6,15,22,7,6,0,Ativo,3,0.86,0.0
A03765,Associado 3765,40,F,SC,Joinville,Pessoa Jurídica,2021-11-28,Campanha,1,1,0,0,0,0,40,14104.61,17196.45,8,24,9,10,2,0,Ativo,2,0.2,0.0
A03766,Associado 3766,57,M,RS,Caxias do Sul,Pessoa Física,2024-08-21,Indicação,1,1,1,0,1,0,40,1001.56,0.0,10,4,10,3,3,1,Ativo,4,1.0,0.33
A03767,Associado 3767,50,F,PR,Londrina,Pessoa Física,2019-10-21,Digital,1,1,0,0,1,0,35,4656.48,14631.81,3,1,21,9,6,2,Ativo,3,0.67,0.33
A03768,Associado 3768,40,M,SC,Florianópolis,Pessoa Física,2019-06-25,Digital,1,1,0,0,0,0,7,3289.45,6531.16,10,111,1,7,2,1,Inativo,2,0.29,0.5
A03769,Associado 3769,41,M,RS,Porto Alegre,Pessoa Jurídica,2018-11-16,Indicação,1,0,1,0,0,0,24,23320.75,7377.42,10,9,6,8,2,0,Ativo,2,0.25,0.0
A03770,Associado 3770,37,M,RS,Porto Alegre,Pessoa Física,2023-07-30,Indicação,1,0,0,1,0,0,39,4081.43,0.0,10,10,3,5,4,2,Ativo,2,0.8,0.5
A03771,Associado 3771,37,F,SC,Florianópolis,Pessoa Física,2024-03-22,Digital,1,1,0,0,0,0,24,4420.94,1356.59,5,39,11,4,2,0,Ativo,2,0.5,0.0
A03772,Associado 3772,33,F,MG,Belo Horizonte,Pessoa Jurídica,2019-04-01,Indicação,1,0,0,0,0,0,47,20411.21,0.0,8,9,10,9,6,1,Ativo,1,0.67,0.17
A03773,Associado 3773,41,M,RS,Porto Alegre,Pessoa Jurídica,2019-10-13,Indicação,1,1,0,0,0,0,64,24585.59,9820.64,9,17,16,6,3,1,Ativo,2,0.5,0.33
A03774,Associado 3774,46,M,SP,São Paulo,Pessoa Jurídica,2021-08-05,Digital,1,1,0,0,0,0,49,9420.06,23804.56,5,7,10,3,2,0,Ativo,2,0.67,0.0
A03775,Associado 3775,39,M,PR,Curitiba,Agro,2021-07-28,Digital,1,1,1,0,1,1,81,12681.63,0.0,9,8,26,8,6,2,Ativo,5,0.75,0.33
A03776,Associado 3776,61,M,MG,Belo Horizonte,Agro,2019-02-21,Indicação,1,1,0,0,1,1,35,13772.92,27952.62,8,8,10,2,0,0,Ativo,4,0.0,0.0
A03777,Associado 3777,43,M,SP,São Paulo,Pessoa Física,2022-02-16,Agência,1,0,0,0,1,0,18,1477.65,26022.99,7,15,5,4,2,1,Ativo,2,0.5,0.5
A03778,Associado 3778,69,M,PR,Londrina,Pessoa Física,2020-03-14,Indicação,1,0,0,0,0,0,21,4251.49,15702.48,9,16,3,8,1,0,Ativo,1,0.12,0.0
A03779,Associado 3779,44,M,PR,Londrina,Pessoa Jurídica,2025-09-27,Indicação,1,1,0,0,0,0,59,7958.29,0.0,10,14,9,13,7,1,Ativo,2,0.54,0.14
A03780,Associado 3780,56,M,MG,Belo Horizonte,Pessoa Jurídica,2020-03-08,Indicação,1,0,0,0,0,0,34,16648.24,2914.8,10,31,2,3,0,0,Ativo,1,0.0,0.0
A03781,Associado 3781,29,M,SC,Joinville,Agro,2019-09-01,Digital,1,1,0,0,0,0,47,7984.98,0.0,8,12,13,2,1,0,Ativo,2,0.5,0.0
A03782,Associado 3782,48,M,RS,Caxias do Sul,Pessoa Física,2023-07-06,Agência,1,0,0,0,0,0,0,921.11,0.0,8,203,0,7,1,0,Churned,1,0.14,0.0
A03783,Associado 3783,30,F,RS,Porto Alegre,Pessoa Física,2022-06-20,Agência,1,1,0,0,0,0,5,2518.94,0.0,4,242,1,1,0,0,Churned,2,0.0,0.0
A03784,Associado 3784,47,F,SP,São Paulo,Pessoa Física,2020-12-16,Indicação,1,0,0,0,0,0,9,1792.74,36319.73,6,97,1,3,0,0,Inativo,1,0.0,0.0
A03785,Associado 3785,39,M,SP,São Paulo,Pessoa Física,2021-08-06,Campanha,1,1,0,0,0,0,26,3566.14,3976.07,7,3,9,10,5,2,Ativo,2,0.5,0.4
A03786,Associado 3786,43,M,RS,Porto Alegre,Pessoa Física,2025-03-30,Indicação,0,1,0,0,0,0,2,0.0,0.0,6,343,0,4,0,0,Churned,1,0.0,0.0
A03787,Associado 3787,70,M,PR,Londrina,Pessoa Jurídica,2021-08-26,Agência,1,1,0,1,1,0,92,23658.92,8844.87,10,47,15,7,5,0,Ativo,4,0.71,0.0
A03788,Associado 3788,31,F,SC,Joinville,Pessoa Física,2023-08-16,Campanha,1,0,0,0,0,0,1,1067.91,2652.09,6,255,1,5,2,0,Churned,1,0.4,0.0
A03789,Associado 3789,50,F,RS,Porto Alegre,Pessoa Jurídica,2018-11-06,Campanha,1,1,1,1,0,0,71,7204.8,4626.57,7,51,7,5,2,1,Ativo,4,0.4,0.5
A03790,Associado 3790,34,M,RJ,Rio de Janeiro,Pessoa Jurídica,2020-02-24,Digital,1,1,1,0,0,0,8,16887.5,17523.19,7,78,2,5,1,0,Churned,3,0.2,0.0
A03791,Associado 3791,37,M,RS,Porto Alegre,Pessoa Física,2023-04-30,Digital,1,0,0,0,0,0,10,3439.87,44351.31,5,9,4,4,1,0,Ativo,1,0.25,0.0
A03792,Associado 3792,55,M,RS,Porto Alegre,Pessoa Física,2020-06-23,Indicação,0,1,0,0,0,0,11,0.0,7761.37,6,6,5,7,4,1,Ativo,1,0.57,0.25
A03793,Associado 3793,50,F,PR,Curitiba,Pessoa Jurídica,2020-10-22,Indicação,1,1,1,0,0,0,56,3300.01,86015.74,10,15,5,3,1,0,Ativo,3,0.33,0.0
A03794,Associado 3794,43,F,SP,São Paulo,Pessoa Jurídica,2022-06-15,Campanha,1,0,0,0,0,0,48,25531.86,9325.65,10,16,11,6,4,0,Ativo,1,0.67,0.0
A03795,Associado 3795,38,F,RS,Caxias do Sul,Agro,2025-09-22,Agência,1,1,0,0,0,1,29,1426.42,0.0,8,10,8,6,4,0,Ativo,3,0.67,0.0
A03796,Associado 3796,32,F,PR,Londrina,Agro,2025-09-02,Digital,0,1,0,0,1,1,4,0.0,3678.79,5,116,6,2,2,1,Inativo,3,1.0,0.5
A03797,Associado 3797,66,M,SC,Florianópolis,Agro,2021-10-30,Indicação,0,0,0,0,0,1,1,0.0,0.0,7,114,0,8,3,1,Churned,1,0.38,0.33
A03798,Associado 3798,35,M,RS,Caxias do Sul,Pessoa Física,2022-06-03,Campanha,0,1,1,0,0,0,20,0.0,2987.88,8,17,5,5,2,0,Ativo,2,0.4,0.0
A03799,Associado 3799,69,M,RS,Caxias do Sul,Agro,2020-04-02,Campanha,1,0,0,0,0,0,4,6986.31,0.0,7,197,1,6,1,1,Churned,1,0.17,1.0
A03800,Associado 3800,60,M,PR,Curitiba,Pessoa Jurídica,2021-08-20,Campanha,1,0,0,0,1,0,1,2584.54,48108.59,8,171,1,7,2,0,Churned,2,0.29,0.0
A03801,Associado 3801,40,M,RS,Porto Alegre,Agro,2018-02-27,Digital,1,1,1,0,0,1,45,12208.87,0.0,10,8,21,6,6,0,Ativo,4,1.0,0.0
A03802,Associado 3802,50,F,MG,Belo Horizonte,Pessoa Física,2021-06-02,Indicação,1,1,1,0,0,0,20,2128.42,47243.65,10,140,2,8,3,0,Inativo,3,0.38,0.0
A03803,Associado 3803,23,M,SP,São Paulo,Agro,2021-12-20,Digital,1,1,1,1,0,0,50,6844.28,0.0,9,3,18,8,4,1,Ativo,4,0.5,0.25
A03804,Associado 3804,30,M,RJ,Rio de Janeiro,Pessoa Física,2021-05-10,Digital,1,1,1,0,0,0,9,3103.56,0.0,10,38,3,1,0,0,Inativo,3,0.0,0.0
A03805,Associado 3805,38,F,RS,Porto Alegre,Pessoa Jurídica,2023-04-25,Agência,1,0,0,0,0,0,2,10500.09,0.0,5,245,0,5,1,0,Churned,1,0.2,0.0
A03806,Associado 3806,55,M,RJ,Rio de Janeiro,Pessoa Física,2019-06-02,Indicação,1,0,0,0,1,0,12,6487.78,0.0,10,133,1,4,1,0,Inativo,2,0.25,0.0
A03807,Associado 3807,50,M,SC,Florianópolis,Pessoa Física,2023-09-09,Campanha,1,1,0,0,0,0,8,16852.71,30488.78,7,223,2,4,2,2,Churned,2,0.5,1.0
A03808,Associado 3808,44,M,RS,Porto Alegre,Pessoa Física,2018-05-31,Agência,0,0,0,0,0,0,0,0.0,0.0,8,194,0,7,2,0,Churned,0,0.29,0.0
A03809,Associado 3809,39,F,RS,Caxias do Sul,Pessoa Física,2019-07-02,Agência,1,1,1,0,0,0,51,1797.07,0.0,7,16,14,6,4,0,Ativo,3,0.67,0.0
A03810,Associado 3810,41,M,RS,Porto Alegre,Pessoa Física,2023-11-28,Indicação,1,1,0,0,0,0,1,7663.07,0.0,9,192,0,7,2,0,Churned,2,0.29,0.0
A03811,Associado 3811,25,F,PR,Londrina,Pessoa Jurídica,2021-02-18,Digital,0,0,0,0,0,0,4,0.0,0.0,8,86,5,5,2,0,Inativo,0,0.4,0.0
A03812,Associado 3812,52,F,SC,Joinville,Pessoa Física,2024-04-07,Campanha,0,1,0,0,1,0,7,0.0,5372.2,5,72,2,6,3,0,Inativo,2,0.5,0.0
A03813,Associado 3813,44,F,RS,Caxias do Sul,Pessoa Física,2020-11-19,Agência,1,1,1,0,1,0,57,2690.71,8756.03,10,5,17,7,4,0,Ativo,4,0.57,0.0
A03814,Associado 3814,38,F,PR,Curitiba,Pessoa Física,2024-11-18,Agência,1,0,0,0,0,1,4,1553.97,0.0,8,227,0,6,0,0,Churned,2,0.0,0.0
A03815,Associado 3815,35,M,RS,Porto Alegre,Pessoa Física,2024-11-17,Digital,1,0,0,0,0,0,18,3128.65,27026.52,8,9,12,5,3,0,Ativo,1,0.6,0.0
A03816,Associado 3816,58,F,PR,Curitiba,Pessoa Física,2024-04-03,Agência,1,1,1,1,1,0,29,1764.25,14940.3,8,0,12,8,5,2,Ativo,5,0.62,0.4
A03817,Associado 3817,59,M,SC,Joinville,Pessoa Física,2021-10-26,Agência,1,1,0,0,1,0,30,3349.7,0.0,6,26,7,9,3,0,Ativo,3,0.33,0.0
A03818,Associado 3818,72,F,SP,São Paulo,Pessoa Física,2022-09-02,Agência,1,0,0,0,1,0,5,2430.43,29067.51,6,109,1,4,1,0,Churned,2,0.25,0.0
A03819,Associado 3819,56,M,SP,São Paulo,Pessoa Jurídica,2021-03-18,Agência,1,1,1,0,0,0,43,9416.57,23598.03,9,3,5,6,2,0,Ativo,3,0.33,0.0
A03820,Associado 3820,37,M,SC,Joinville,Pessoa Física,2024-08-18,Agência,1,1,1,0,0,0,77,1478.24,19139.56,8,3,21,7,5,0,Ativo,3,0.71,0.0
A03821,Associado 3821,35,M,SC,Joinville,Pessoa Física,2019-08-23,Campanha,1,0,0,0,0,0,27,1351.41,0.0,9,9,5,8,2,1,Ativo,1,0.25,0.5
A03822,Associado 3822,58,M,SC,Florianópolis,Pessoa Física,2025-01-07,Agência,1,1,0,0,1,1,24,1736.61,47855.11,9,26,5,6,4,1,Ativo,4,0.67,0.25
A03823,Associado 3823,44,M,SP,São Paulo,Agro,2024-04-18,Digital,1,1,0,0,0,1,39,4044.95,0.0,8,9,18,4,4,0,Ativo,3,1.0,0.0
A03824,Associado 3824,45,M,RS,Porto Alegre,Pessoa Física,2022-02-05,Campanha,1,1,0,0,1,0,48,9338.92,0.0,10,2,10,9,4,0,Ativo,3,0.44,0.0
A03825,Associado 3825,20,M,RS,Porto Alegre,Pessoa Física,2025-02-23,Indicação,0,1,1,0,0,0,24,0.0,17933.45,10,1,14,4,3,1,Ativo,2,0.75,0.33
A03826,Associado 3826,26,M,RS,Porto Alegre,Pessoa Física,2025-01-27,Digital,1,0,0,0,0,0,2,12222.85,0.0,6,178,2,4,1,0,Churned,1,0.25,0.0
A03827,Associado 3827,56,M,SC,Florianópolis,Pessoa Física,2025-04-29,Indicação,0,0,0,0,1,0,12,0.0,15272.26,7,12,5,5,2,0,Ativo,1,0.4,0.0
A03828,Associado 3828,49,M,SC,Joinville,Pessoa Física,2019-08-30,Indicação,1,0,1,0,0,0,25,2645.79,12055.95,6,13,6,8,3,0,Ativo,2,0.38,0.0
A03829,Associado 3829,57,F,SP,São Paulo,Pessoa Física,2019-03-11,Campanha,1,0,0,0,0,0,14,1723.76,8829.97,6,0,5,6,3,0,Ativo,1,0.5,0.0
A03830,Associado 3830,40,M,RS,Caxias do Sul,Pessoa Física,2025-04-12,Digital,1,1,0,0,0,0,17,2429.75,0.0,9,34,6,4,2,0,Ativo,2,0.5,0.0
A03831,Associado 3831,44,M,SC,Joinville,Pessoa Física,2024-05-12,Campanha,1,1,1,0,0,0,10,3650.12,0.0,10,22,3,7,2,0,Inativo,3,0.29,0.0
A03832,Associado 3832,28,M,SP,São Paulo,Pessoa Física,2022-03-12,Digital,1,0,0,0,1,0,15,9090.88,0.0,8,84,1,7,2,1,Inativo,2,0.29,0.5
A03833,Associado 3833,49,F,SP,São Paulo,Pessoa Jurídica,2022-10-01,Agência,1,1,1,1,0,0,99,4601.06,11900.39,10,11,21,7,7,3,Ativo,4,1.0,0.43
A03834,Associado 3834,57,F,SC,Florianópolis,Agro,2019-10-29,Campanha,0,0,0,0,0,0,3,0.0,35768.86,5,226,0,4,0,0,Churned,0,0.0,0.0
A03835,Associado 3835,31,M,SC,Florianópolis,Pessoa Física,2020-02-21,Digital,1,0,0,0,1,0,10,2060.09,22930.92,7,136,4,8,1,1,Inativo,2,0.12,1.0
A03836,Associado 3836,65,M,RS,Caxias do Sul,Pessoa Jurídica,2021-11-26,Campanha,1,1,0,0,0,0,50,23247.09,48677.16,8,1,5,10,3,0,Ativo,2,0.3,0.0
A03837,Associado 3837,59,F,MG,Belo Horizonte,Agro,2020-04-12,Agência,1,1,1,0,1,1,42,9989.81,0.0,10,41,12,6,3,1,Ativo,5,0.5,0.33
A03838,Associado 3838,44,M,RS,Porto Alegre,Pessoa Jurídica,2024-12-26,Digital,1,0,0,0,0,0,6,10983.35,0.0,9,114,2,7,1,0,Inativo,1,0.14,0.0
A03839,Associado 3839,47,M,MG,Belo Horizonte,Pessoa Física,2024-05-12,Campanha,1,1,1,0,1,0,26,7772.81,10654.61,10,1,9,4,2,1,Ativo,4,0.5,0.5
A03840,Associado 3840,31,F,PR,Londrina,Pessoa Jurídica,2018-11-22,Agência,1,1,1,0,1,0,72,44868.08,3029.44,7,4,12,5,0,0,Ativo,4,0.0,0.0
A03841,Associado 3841,52,F,SC,Joinville,Pessoa Física,2019-07-11,Campanha,1,0,0,0,0,0,2,957.93,0.0,7,228,0,5,0,0,Churned,1,0.0,0.0
A03842,Associado 3842,26,M,RS,Porto Alegre,Pessoa Física,2019-05-28,Campanha,1,1,0,0,0,0,24,1698.9,5357.61,10,39,8,5,3,0,Ativo,2,0.6,0.0
A03843,Associado 3843,42,M,SC,Florianópolis,Pessoa Física,2024-05-31,Campanha,1,1,1,0,1,0,50,3500.68,7276.18,8,9,12,2,0,0,Ativo,4,0.0,0.0
A03844,Associado 3844,30,M,SC,Florianópolis,Pessoa Física,2024-08-19,Digital,1,1,0,0,0,0,22,1443.18,0.0,9,13,8,9,4,0,Ativo,2,0.44,0.0
A03845,Associado 3845,48,F,RS,Caxias do Sul,Pessoa Física,2022-08-18,Digital,0,0,0,0,1,0,1,0.0,2723.04,3,263,1,5,3,1,Churned,1,0.6,0.33
A03846,Associado 3846,50,M,PR,Londrina,Pessoa Física,2018-02-25,Campanha,1,0,1,0,0,0,38,1893.13,60553.23,8,5,9,2,0,0,Ativo,2,0.0,0.0
A03847,Associado 3847,48,M,RJ,Rio de Janeiro,Pessoa Jurídica,2020-06-30,Indicação,1,1,0,0,0,0,42,2603.96,0.0,7,13,3,5,2,0,Ativo,2,0.4,0.0
A03848,Associado 3848,37,F,PR,Curitiba,Pessoa Física,2023-06-21,Digital,1,0,0,0,0,0,17,1477.63,0.0,9,13,5,12,5,1,Ativo,1,0.42,0.2
A03849,Associado 3849,30,M,SP,São Paulo,Pessoa Física,2022-03-23,Campanha,0,0,0,0,0,1,7,0.0,0.0,6,21,3,7,0,0,Inativo,1,0.0,0.0
A03850,Associado 3850,47,M,RS,Caxias do Sul,Pessoa Física,2018-01-20,Indicação,1,1,1,0,0,0,29,3076.45,0.0,10,7,6,7,2,1,Ativo,3,0.29,0.5
A03851,Associado 3851,47,M,SC,Joinville,Pessoa Física,2025-03-23,Campanha,1,1,0,0,0,0,23,3718.69,10261.59,7,39,9,7,4,0,Ativo,2,0.57,0.0
A03852,Associado 3852,34,M,RS,Porto Alegre,Pessoa Física,2020-07-09,Agência,0,1,0,0,0,0,1,0.0,0.0,8,81,4,8,2,0,Inativo,1,0.25,0.0
A03853,Associado 3853,32,F,PR,Curitiba,Agro,2024-08-10,Agência,1,1,0,0,0,0,20,13244.12,0.0,7,1,7,5,4,0,Ativo,2,0.8,0.0
A03854,Associado 3854,28,F,MG,Belo Horizonte,Pessoa Física,2018-01-01,Digital,1,0,0,0,0,0,20,1234.03,2494.43,6,8,6,6,2,0,Ativo,1,0.33,0.0
A03855,Associado 3855,36,F,PR,Curitiba,Pessoa Física,2020-04-27,Digital,1,1,0,0,0,0,34,1831.45,17785.82,4,2,21,10,10,2,Ativo,2,1.0,0.2
A03856,Associado 3856,41,M,RS,Porto Alegre,Agro,2021-06-06,Indicação,1,0,0,0,0,0,40,3173.33,0.0,9,7,4,5,2,1,Ativo,1,0.4,0.5
A03857,Associado 3857,33,M,SC,Joinville,Pessoa Física,2019-12-26,Agência,1,1,1,0,0,0,12,2097.38,8865.95,7,110,1,8,3,1,Inativo,3,0.38,0.33
A03858,Associado 3858,49,M,PR,Londrina,Agro,2021-07-30,Campanha,0,0,1,0,0,0,7,0.0,0.0,9,4,7,4,1,0,Ativo,1,0.25,0.0
A03859,Associado 3859,44,M,SC,Joinville,Pessoa Física,2020-01-30,Digital,1,1,1,0,0,0,32,682.7,4374.73,10,12,12,8,5,0,Ativo,3,0.62,0.0
A03860,Associado 3860,43,F,SP,São Paulo,Pessoa Física,2021-02-16,Digital,1,1,0,0,0,0,41,2640.61,5978.12,10,6,19,3,2,0,Ativo,2,0.67,0.0
A03861,Associado 3861,39,M,SP,São Paulo,Pessoa Física,2023-03-30,Agência,1,1,0,0,0,0,42,507.19,33863.37,10,0,9,9,4,1,Ativo,2,0.44,0.25
A03862,Associado 3862,27,M,PR,Londrina,Pessoa Física,2018-08-15,Digital,0,0,0,0,0,0,11,0.0,3821.53,8,5,12,5,1,0,Ativo,0,0.2,0.0
A03863,Associado 3863,44,M,SC,Florianópolis,Pessoa Física,2019-12-03,Agência,1,1,1,0,0,0,53,2687.76,7780.19,9,1,8,3,1,0,Ativo,3,0.33,0.0
A03864,Associado 3864,32,F,RS,Porto Alegre,Agro,2018-11-04,Agência,1,0,0,1,0,0,33,3033.96,3526.29,10,12,5,5,4,1,Ativo,2,0.8,0.25
A03865,Associado 3865,58,M,RS,Porto Alegre,Pessoa Jurídica,2025-03-01,Indicação,1,0,0,0,0,0,0,9420.57,0.0,8,286,0,7,1,0,Churned,1,0.14,0.0
A03866,Associado 3866,50,M,SC,Joinville,Pessoa Jurídica,2022-02-26,Agência,1,1,0,0,0,0,43,11534.95,9779.02,8,4,4,8,5,0,Ativo,2,0.62,0.0
A03867,Associado 3867,45,M,SC,Joinville,Pessoa Jurídica,2022-03-12,Agência,1,0,0,0,0,0,3,9172.33,0.0,8,174,1,5,0,0,Churned,1,0.0,0.0
A03868,Associado 3868,27,M,PR,Londrina,Pessoa Física,2023-01-19,Indicação,1,1,0,0,0,0,28,4203.63,0.0,6,1,11,6,2,0,Ativo,2,0.33,0.0
A03869,Associado 3869,37,M,PR,Curitiba,Pessoa Jurídica,2021-01-17,Agência,1,0,0,0,0,0,45,17540.35,0.0,10,3,8,5,1,0,Ativo,1,0.2,0.0
A03870,Associado 3870,42,F,RS,Porto Alegre,Pessoa Física,2025-04-22,Digital,1,0,0,0,0,0,3,736.81,0.0,4,263,0,4,2,0,Churned,1,0.5,0.0
A03871,Associado 3871,28,M,SC,Joinville,Pessoa Jurídica,2019-10-15,Agência,1,1,0,1,0,0,99,7945.94,0.0,8,6,17,7,4,1,Ativo,3,0.57,0.25
A03872,Associado 3872,18,M,RS,Porto Alegre,Pessoa Física,2020-03-07,Digital,1,0,0,1,0,0,10,4955.37,7890.7,7,28,10,7,1,0,Ativo,2,0.14,0.0
A03873,Associado 3873,46,M,RS,Porto Alegre,Pessoa Jurídica,2019-04-25,Indicação,1,0,0,0,0,0,4,9516.32,0.0,7,203,0,9,6,1,Churned,1,0.67,0.17
A03874,Associado 3874,50,M,SP,São Paulo,Agro,2022-11-15,Agência,1,1,0,0,1,1,54,7015.47,50018.76,9,9,10,5,2,0,Ativo,4,0.4,0.0
A03875,Associado 3875,28,M,RS,Porto Alegre,Pessoa Física,2020-06-15,Campanha,1,1,0,0,0,0,33,5427.8,3198.15,6,6,21,3,1,0,Ativo,2,0.33,0.0
A03876,Associado 3876,48,F,SC,Joinville,Pessoa Física,2019-08-09,Campanha,1,1,0,0,0,0,22,3324.78,58057.27,10,34,9,1,0,0,Ativo,2,0.0,0.0
A03877,Associado 3877,26,M,RS,Porto Alegre,Pessoa Física,2021-10-10,Agência,0,1,1,0,0,0,16,0.0,24597.04,8,3,9,10,5,0,Ativo,2,0.5,0.0
A03878,Associado 3878,47,F,MG,Belo Horizonte,Pessoa Física,2018-09-19,Campanha,1,1,0,0,1,0,26,1921.92,34060.3,10,2,3,1,0,0,Ativo,3,0.0,0.0
A03879,Associado 3879,38,F,PR,Curitiba,Pessoa Jurídica,2021-04-14,Agência,1,0,0,0,0,0,4,7123.25,0.0,8,190,1,4,2,1,Churned,1,0.5,0.5
A03880,Associado 3880,36,M,RS,Caxias do Sul,Agro,2024-09-17,Agência,0,0,0,0,0,1,0,0.0,0.0,6,251,1,5,0,0,Churned,1,0.0,0.0
A03881,Associado 3881,56,M,SC,Florianópolis,Pessoa Física,2022-05-31,Agência,1,1,0,0,0,0,38,3801.75,0.0,7,10,4,6,2,0,Ativo,2,0.33,0.0
A03882,Associado 3882,35,F,SP,São Paulo,Pessoa Física,2021-09-08,Digital,1,1,1,0,0,0,30,2544.69,5823.19,8,2,8,7,3,0,Ativo,3,0.43,0.0
A03883,Associado 3883,44,M,RJ,Rio de Janeiro,Pessoa Jurídica,2019-11-26,Digital,1,1,1,0,1,0,63,5683.38,22856.25,10,8,20,8,4,0,Ativo,4,0.5,0.0
A03884,Associado 3884,49,F,RS,Caxias do Sul,Pessoa Física,2024-05-13,Digital,1,1,0,0,0,0,39,2066.95,26060.44,8,13,19,2,1,0,Ativo,2,0.5,0.0
A03885,Associado 3885,61,F,MG,Belo Horizonte,Pessoa Física,2025-06-17,Indicação,0,0,0,0,0,0,1,0.0,0.0,6,90,1,7,2,0,Inativo,0,0.29,0.0
A03886,Associado 3886,32,M,MG,Belo Horizonte,Agro,2024-03-14,Indicação,1,0,1,0,0,1,14,2922.05,0.0,10,147,2,4,1,1,Inativo,3,0.25,1.0
A03887,Associado 3887,44,M,MG,Belo Horizonte,Pessoa Jurídica,2023-01-22,Digital,1,0,0,0,0,0,22,4598.06,7213.29,8,2,6,7,2,0,Ativo,1,0.29,0.0
A03888,Associado 3888,46,F,PR,Londrina,Pessoa Física,2024-02-16,Indicação,1,1,0,0,1,0,5,5459.06,22608.02,8,182,1,9,1,0,Inativo,3,0.11,0.0
A03889,Associado 3889,41,M,PR,Londrina,Pessoa Física,2020-11-07,Campanha,1,1,0,0,0,0,16,910.4,31068.51,9,12,1,13,5,1,Ativo,2,0.38,0.2
A03890,Associado 3890,32,F,SC,Florianópolis,Pessoa Jurídica,2020-01-14,Agência,1,1,0,0,1,0,57,12212.05,0.0,9,2,5,3,2,0,Ativo,3,0.67,0.0
A03891,Associado 3891,25,F,SP,São Paulo,Pessoa Jurídica,2018-08-31,Digital,1,0,0,0,0,1,20,4345.15,11971.07,6,96,10,4,2,1,Inativo,2,0.5,0.5
A03892,Associado 3892,38,M,SC,Florianópolis,Pessoa Jurídica,2021-12-20,Digital,1,1,1,1,0,1,108,1948.36,7529.74,10,13,27,8,8,1,Ativo,5,1.0,0.12
A03893,Associado 3893,35,F,PR,Curitiba,Pessoa Física,2023-10-02,Digital,1,1,0,0,0,0,14,2990.57,0.0,6,207,4,4,0,0,Inativo,2,0.0,0.0
A03894,Associado 3894,43,F,SC,Florianópolis,Agro,2021-06-03,Digital,1,1,0,0,0,0,37,8595.01,4612.58,8,27,10,10,4,1,Ativo,2,0.4,0.25
A03895,Associado 3895,21,F,SP,São Paulo,Pessoa Física,2022-10-04,Digital,1,1,1,1,0,0,36,11430.18,9682.42,8,18,24,4,4,0,Ativo,4,1.0,0.0
A03896,Associado 3896,63,F,SP,São Paulo,Pessoa Jurídica,2025-02-22,Indicação,1,1,1,0,0,0,89,8650.7,50471.23,6,9,12,9,4,2,Ativo,3,0.44,0.5
A03897,Associado 3897,42,F,RS,Porto Alegre,Pessoa Física,2023-04-03,Digital,0,0,1,0,1,0,5,0.0,0.0,7,10,5,9,4,0,Ativo,2,0.44,0.0
A03898,Associado 3898,34,F,SP,São Paulo,Pessoa Física,2025-09-20,Digital,1,1,1,1,0,0,35,2035.89,13723.69,8,8,14,5,3,1,Ativo,4,0.6,0.33
A03899,Associado 3899,32,M,SC,Joinville,Agro,2018-11-15,Agência,0,1,1,0,0,1,20,0.0,0.0,8,6,8,8,2,0,Ativo,3,0.25,0.0
A03900,Associado 3900,38,F,SP,São Paulo,Pessoa Física,2025-07-17,Digital,1,0,0,0,0,0,4,5639.4,0.0,6,275,0,7,3,0,Churned,1,0.43,0.0
A03901,Associado 3901,33,F,SC,Joinville,Pessoa Física,2021-10-24,Digital,1,1,0,0,0,0,29,8025.56,2423.94,9,5,12,6,4,0,Ativo,2,0.67,0.0
A03902,Associado 3902,32,M,SC,Joinville,Pessoa Jurídica,2018-09-05,Digital,1,1,0,0,0,0,81,16216.51,2658.7,5,8,19,4,4,0,Ativo,2,1.0,0.0
A03903,Associado 3903,59,M,MG,Belo Horizonte,Pessoa Jurídica,2018-06-26,Campanha,1,0,0,0,0,0,6,11781.62,0.0,8,144,0,4,3,0,Inativo,1,0.75,0.0
A03904,Associado 3904,35,M,RS,Caxias do Sul,Pessoa Jurídica,2022-08-13,Digital,1,0,0,1,0,0,60,64577.36,5317.56,8,5,11,6,5,0,Ativo,2,0.83,0.0
A03905,Associado 3905,59,F,SP,São Paulo,Pessoa Física,2023-04-16,Agência,1,1,1,0,0,0,5,706.48,0.0,8,102,2,3,1,0,Inativo,3,0.33,0.0
A03906,Associado 3906,58,M,SC,Joinville,Pessoa Física,2018-01-13,Digital,1,0,0,0,1,0,25,4856.88,0.0,10,1,5,12,3,0,Ativo,2,0.25,0.0
A03907,Associado 3907,52,F,SC,Florianópolis,Agro,2018-10-16,Indicação,1,1,0,0,0,1,42,11785.27,7247.15,10,17,7,6,5,0,Ativo,3,0.83,0.0
A03908,Associado 3908,44,F,RS,Caxias do Sul,Pessoa Física,2019-03-07,Indicação,0,0,0,0,0,0,0,0.0,52227.16,10,55,1,5,1,1,Churned,0,0.2,1.0
A03909,Associado 3909,38,F,PR,Londrina,Agro,2025-03-08,Digital,1,1,0,0,1,1,5,3475.68,17514.69,10,92,3,3,2,0,Inativo,4,0.67,0.0
A03910,Associado 3910,26,F,RS,Porto Alegre,Pessoa Física,2021-09-24,Agência,1,1,0,0,0,0,21,5326.12,0.0,4,2,12,6,4,0,Ativo,2,0.67,0.0
A03911,Associado 3911,35,M,RS,Porto Alegre,Pessoa Jurídica,2023-09-13,Digital,1,1,1,0,1,0,81,14529.28,14692.19,10,2,19,10,8,1,Ativo,4,0.8,0.12
A03912,Associado 3912,22,F,RS,Caxias do Sul,Pessoa Física,2021-09-09,Digital,1,1,1,0,0,0,45,3614.77,5556.13,8,41,24,9,7,1,Ativo,3,0.78,0.14
A03913,Associado 3913,22,F,RS,Caxias do Sul,Pessoa Física,2022-04-24,Campanha,1,1,1,1,0,0,68,682.32,3888.87,10,13,21,7,4,2,Ativo,4,0.57,0.5
A03914,Associado 3914,21,F,RJ,Rio de Janeiro,Agro,2022-01-19,Digital,1,1,0,0,0,0,25,3437.85,0.0,10,4,11,4,1,0,Ativo,2,0.25,0.0
A03915,Associado 3915,24,F,RJ,Rio de Janeiro,Pessoa Física,2021-06-02,Indicação,1,0,1,0,0,0,15,2424.49,0.0,8,7,7,9,3,0,Ativo,2,0.33,0.0
A03916,Associado 3916,35,F,SC,Florianópolis,Pessoa Jurídica,2019-10-03,Digital,1,0,0,0,0,0,17,9370.28,0.0,9,4,9,14,4,0,Ativo,1,0.29,0.0
A03917,Associado 3917,46,F,SP,São Paulo,Pessoa Jurídica,2018-05-13,Digital,1,0,1,0,1,0,39,41797.21,13096.98,7,0,10,5,2,0,Ativo,3,0.4,0.0
A03918,Associado 3918,48,M,RS,Caxias do Sul,Pessoa Jurídica,2023-01-29,Indicação,1,0,0,0,0,0,4,21474.34,5843.49,8,196,0,6,0,0,Churned,1,0.0,0.0
A03919,Associado 3919,32,M,PR,Curitiba,Agro,2023-05-09,Digital,1,0,0,0,0,1,3,2515.57,35631.69,6,254,1,6,2,0,Churned,2,0.33,0.0
A03920,Associado 3920,34,F,SP,São Paulo,Pessoa Física,2020-09-08,Campanha,1,1,1,1,1,0,44,3669.36,11706.24,8,12,14,6,3,0,Ativo,5,0.5,0.0
A03921,Associado 3921,44,F,MG,Belo Horizonte,Pessoa Física,2021-05-29,Digital,1,1,1,0,0,0,31,7359.4,0.0,8,35,13,3,1,1,Ativo,3,0.33,1.0
A03922,Associado 3922,46,F,SC,Florianópolis,Pessoa Física,2019-02-05,Agência,1,1,0,0,0,0,22,1301.14,23127.5,6,0,5,4,2,0,Ativo,2,0.5,0.0
A03923,Associado 3923,46,F,SP,São Paulo,Pessoa Física,2019-08-29,Indicação,1,1,0,0,0,0,11,3623.45,10959.94,8,23,3,9,3,0,Ativo,2,0.33,0.0
A03924,Associado 3924,57,F,RS,Caxias do Sul,Pessoa Física,2019-09-03,Agência,1,1,0,0,1,0,13,1911.41,12267.24,6,5,2,6,0,0,Ativo,3,0.0,0.0
A03925,Associado 3925,34,M,RJ,Rio de Janeiro,Pessoa Física,2020-12-19,Agência,1,0,0,0,0,0,11,4004.94,15072.45,6,87,3,6,1,0,Inativo,1,0.17,0.0
A03926,Associado 3926,29,F,RS,Caxias do Sul,Pessoa Física,2025-05-12,Digital,1,0,0,0,0,0,18,4265.89,4719.13,3,13,4,10,2,0,Ativo,1,0.2,0.0
A03927,Associado 3927,51,M,PR,Curitiba,Pessoa Física,2018-05-12,Indicação,0,1,0,0,0,0,9,0.0,9289.12,4,0,6,4,2,1,Ativo,1,0.5,0.5
A03928,Associado 3928,40,M,PR,Curitiba,Pessoa Física,2019-01-28,Digital,1,1,1,0,0,0,0,3432.12,0.0,6,333,1,4,1,0,Churned,3,0.25,0.0
A03929,Associado 3929,54,M,PR,Curitiba,Pessoa Jurídica,2020-03-23,Agência,1,1,1,0,1,0,53,12568.54,20254.21,10,8,8,10,4,1,Ativo,4,0.4,0.25
A03930,Associado 3930,37,M,RS,Porto Alegre,Pessoa Física,2019-08-04,Digital,1,0,0,0,0,0,3,1712.42,3029.83,7,130,3,7,1,0,Inativo,1,0.14,0.0
A03931,Associado 3931,36,M,MG,Belo Horizonte,Pessoa Física,2023-08-24,Digital,0,0,1,1,0,0,17,0.0,27620.04,10,27,20,8,4,0,Ativo,2,0.5,0.0
A03932,Associado 3932,44,F,RS,Porto Alegre,Agro,2024-10-18,Campanha,1,1,1,0,1,1,37,22493.92,0.0,10,21,7,3,2,0,Ativo,5,0.67,0.0
A03933,Associado 3933,19,F,PR,Curitiba,Pessoa Física,2024-11-26,Digital,1,0,0,0,0,0,11,5342.73,2444.17,9,2,5,7,3,0,Ativo,1,0.43,0.0
A03934,Associado 3934,55,F,RS,Porto Alegre,Agro,2024-01-08,Indicação,1,0,1,1,0,1,54,5167.58,33399.86,10,19,9,5,2,0,Ativo,4,0.4,0.0
A03935,Associado 3935,47,F,RS,Porto Alegre,Pessoa Jurídica,2024-11-22,Agência,1,1,0,0,1,0,2,10657.69,16014.5,6,151,1,3,1,0,Churned,3,0.33,0.0
A03936,Associado 3936,59,M,SC,Florianópolis,Pessoa Física,2019-02-15,Indicação,1,0,0,0,0,0,15,1081.88,66596.32,7,2,4,7,3,0,Ativo,1,0.43,0.0
A03937,Associado 3937,54,M,SC,Florianópolis,Pessoa Jurídica,2018-12-11,Indicação,1,1,0,0,0,0,20,12034.73,14933.91,8,12,2,2,0,0,Ativo,2,0.0,0.0
A03938,Associado 3938,25,F,RS,Caxias do Sul,Pessoa Jurídica,2020-03-14,Campanha,1,1,0,0,0,1,45,47537.3,4836.21,9,4,9,12,1,0,Ativo,3,0.08,0.0
A03939,Associado 3939,29,M,RS,Porto Alegre,Pessoa Física,2025-02-04,Agência,1,1,1,1,0,0,85,2516.67,8079.57,10,9,16,6,5,1,Ativo,4,0.83,0.2
A03940,Associado 3940,44,F,SC,Joinville,Agro,2021-01-01,Digital,1,0,0,0,0,1,3,6363.33,0.0,5,248,2,6,2,0,Churned,2,0.33,0.0
A03941,Associado 3941,43,M,SP,São Paulo,Pessoa Física,2018-07-13,Indicação,1,0,1,0,0,0,2,5098.15,7150.73,6,261,0,10,1,0,Churned,2,0.1,0.0
A03942,Associado 3942,48,M,MG,Belo Horizonte,Pessoa Física,2020-07-26,Agência,0,0,1,0,0,0,1,0.0,0.0,4,245,0,5,2,0,Churned,1,0.4,0.0
A03943,Associado 3943,70,M,RS,Caxias do Sul,Pessoa Física,2022-05-12,Digital,1,1,1,0,1,0,54,2188.52,32584.05,10,3,12,8,6,1,Ativo,4,0.75,0.17
A03944,Associado 3944,46,M,SC,Joinville,Pessoa Física,2025-04-30,Campanha,1,1,0,0,0,0,4,6557.76,0.0,8,252,1,2,1,1,Churned,2,0.5,1.0
A03945,Associado 3945,43,F,RS,Porto Alegre,Pessoa Física,2021-04-30,Digital,1,1,0,0,0,0,13,5518.63,50174.34,7,6,7,3,0,0,Ativo,2,0.0,0.0
A03946,Associado 3946,36,M,RS,Porto Alegre,Agro,2024-10-13,Campanha,1,1,0,1,0,1,34,5985.43,8023.81,10,1,7,8,4,0,Ativo,4,0.5,0.0
A03947,Associado 3947,50,F,PR,Curitiba,Pessoa Física,2024-03-14,Agência,1,1,0,0,1,0,25,999.82,16083.13,10,21,4,5,0,0,Ativo,3,0.0,0.0
A03948,Associado 3948,53,F,PR,Curitiba,Pessoa Física,2020-08-27,Indicação,1,1,0,1,0,0,25,7594.65,0.0,10,11,5,4,4,2,Ativo,3,1.0,0.5
A03949,Associado 3949,45,M,RS,Porto Alegre,Pessoa Física,2024-12-07,Digital,1,1,1,0,1,0,22,2275.32,15998.46,10,14,17,12,8,1,Ativo,4,0.67,0.12
A03950,Associado 3950,24,F,RS,Porto Alegre,Agro,2019-08-24,Digital,1,1,0,0,0,1,14,2310.43,0.0,10,123,4,4,1,0,Inativo,3,0.25,0.0
A03951,Associado 3951,46,F,RS,Caxias do Sul,Agro,2018-12-26,Campanha,1,1,0,0,0,1,12,3451.78,0.0,7,128,1,10,1,0,Inativo,3,0.1,0.0
A03952,Associado 3952,45,F,SP,São Paulo,Pessoa Jurídica,2023-01-20,Agência,1,1,0,0,0,0,90,5793.57,0.0,6,6,13,1,0,0,Ativo,2,0.0,0.0
A03953,Associado 3953,38,F,RJ,Rio de Janeiro,Agro,2021-08-25,Campanha,1,0,0,0,1,0,16,11215.68,2115.63,8,15,5,6,2,0,Ativo,2,0.33,0.0
A03954,Associado 3954,54,M,RS,Caxias do Sul,Pessoa Jurídica,2025-06-09,Indicação,1,0,0,0,0,0,3,6739.8,11329.04,7,191,0,9,0,0,Churned,1,0.0,0.0
A03955,Associado 3955,45,M,RS,Caxias do Sul,Agro,2019-02-25,Agência,1,0,0,0,0,1,23,7228.07,0.0,6,8,6,8,3,0,Ativo,2,0.38,0.0
A03956,Associado 3956,33,M,MG,Belo Horizonte,Pessoa Jurídica,2025-03-13,Campanha,0,0,0,0,0,0,10,0.0,0.0,7,99,0,3,0,0,Inativo,0,0.0,0.0
A03957,Associado 3957,38,M,MG,Belo Horizonte,Pessoa Física,2020-02-21,Digital,1,1,0,0,0,0,20,6506.84,8671.48,8,16,9,3,3,0,Ativo,2,1.0,0.0
A03958,Associado 3958,36,F,SC,Florianópolis,Pessoa Física,2021-12-05,Indicação,0,0,0,0,0,0,2,0.0,1262.2,5,301,1,6,2,0,Churned,0,0.33,0.0
A03959,Associado 3959,21,F,RS,Porto Alegre,Pessoa Jurídica,2025-01-08,Digital,1,1,0,0,0,0,44,5607.38,10286.93,10,25,14,7,5,2,Ativo,2,0.71,0.4
A03960,Associado 3960,52,M,RS,Porto Alegre,Pessoa Física,2018-08-31,Campanha,1,1,0,1,0,0,30,2778.27,3522.47,9,20,6,7,3,1,Ativo,3,0.43,0.33
A03961,Associado 3961,41,M,PR,Londrina,Pessoa Física,2025-05-01,Digital,1,0,0,0,0,0,14,824.73,2361.05,9,24,5,7,3,0,Ativo,1,0.43,0.0
A03962,Associado 3962,47,F,SC,Florianópolis,Pessoa Física,2020-10-13,Agência,1,0,1,0,0,0,10,952.74,0.0,5,79,3,13,3,0,Inativo,2,0.23,0.0
A03963,Associado 3963,45,M,RS,Porto Alegre,Agro,2024-01-29,Digital,1,1,0,0,0,1,24,3026.88,88189.42,8,10,5,6,3,0,Ativo,3,0.5,0.0
A03964,Associado 3964,48,F,PR,Curitiba,Pessoa Física,2025-05-26,Agência,1,1,1,0,0,0,26,2840.24,8263.6,10,19,7,11,6,3,Ativo,3,0.55,0.5
A03965,Associado 3965,36,M,RS,Porto Alegre,Pessoa Jurídica,2025-09-17,Digital,1,1,0,0,0,0,40,21047.68,1572.53,9,8,10,8,1,0,Ativo,2,0.12,0.0
A03966,Associado 3966,60,F,SP,São Paulo,Pessoa Jurídica,2019-04-05,Agência,1,1,0,0,0,0,14,22803.02,108229.12,6,204,3,4,0,0,Inativo,2,0.0,0.0
A03967,Associado 3967,52,F,RS,Caxias do Sul,Agro,2022-02-22,Agência,1,0,0,0,0,1,16,6200.97,0.0,6,19,7,5,2,0,Ativo,2,0.4,0.0
A03968,Associado 3968,35,M,RS,Caxias do Sul,Agro,2019-06-16,Agência,0,0,1,0,0,0,22,0.0,10501.52,10,0,7,4,2,0,Ativo,1,0.5,0.0
A03969,Associado 3969,57,M,PR,Curitiba,Pessoa Jurídica,2023-06-01,Digital,1,1,0,0,0,0,49,13628.49,0.0,8,10,7,8,2,0,Ativo,2,0.25,0.0
A03970,Associado 3970,40,M,SC,Joinville,Pessoa Física,2022-03-30,Digital,1,1,0,0,1,0,49,3135.48,0.0,8,12,17,8,4,0,Ativo,3,0.5,0.0
A03971,Associado 3971,44,F,RJ,Rio de Janeiro,Pessoa Física,2022-11-08,Digital,1,1,1,1,0,0,48,2289.07,19689.91,10,8,16,4,3,0,Ativo,4,0.75,0.0
A03972,Associado 3972,62,M,SC,Florianópolis,Pessoa Física,2018-10-18,Agência,1,1,0,0,0,0,21,4062.36,0.0,9,5,4,2,1,0,Ativo,2,0.5,0.0
A03973,Associado 3973,34,M,RS,Caxias do Sul,Pessoa Jurídica,2023-06-05,Indicação,1,0,0,0,0,0,8,11270.66,0.0,7,190,2,5,1,0,Inativo,1,0.2,0.0
A03974,Associado 3974,38,M,SP,São Paulo,Agro,2019-10-21,Indicação,0,0,0,0,0,0,8,0.0,8844.64,9,141,5,4,0,0,Inativo,0,0.0,0.0
A03975,Associado 3975,36,M,RS,Porto Alegre,Pessoa Jurídica,2019-07-08,Digital,1,0,0,0,0,0,33,14814.1,0.0,10,7,8,4,2,0,Ativo,1,0.5,0.0
A03976,Associado 3976,55,M,MG,Belo Horizonte,Pessoa Física,2024-10-11,Campanha,1,1,0,0,0,0,4,3275.52,2952.08,7,218,0,8,2,0,Churned,2,0.25,0.0
A03977,Associado 3977,41,F,SC,Joinville,Pessoa Física,2024-11-23,Digital,1,1,1,0,1,0,36,1978.98,2279.71,8,7,26,4,4,1,Ativo,4,1.0,0.25
A03978,Associado 3978,24,M,SC,Joinville,Pessoa Física,2019-05-28,Indicação,1,1,0,0,0,0,29,783.0,0.0,9,2,4,8,1,0,Ativo,2,0.12,0.0
A03979,Associado 3979,59,M,RS,Caxias do Sul,Pessoa Física,2024-06-29,Agência,1,1,0,1,0,0,29,2777.03,35494.62,9,1,11,9,6,2,Ativo,3,0.67,0.33
A03980,Associado 3980,41,M,SC,Joinville,Pessoa Física,2022-06-28,Agência,1,1,0,1,0,0,35,719.69,11535.81,10,9,7,4,3,0,Ativo,3,0.75,0.0
A03981,Associado 3981,33,M,SP,São Paulo,Pessoa Física,2018-09-12,Campanha,1,0,0,0,1,0,36,1137.73,44660.08,6,12,5,2,0,0,Ativo,2,0.0,0.0
A03982,Associado 3982,37,F,SP,São Paulo,Pessoa Jurídica,2019-12-22,Indicação,1,1,0,0,0,0,68,12865.98,53385.78,10,33,15,6,3,2,Ativo,2,0.5,0.67
A03983,Associado 3983,67,F,RS,Porto Alegre,Pessoa Física,2022-10-20,Agência,1,0,1,0,0,0,27,1045.65,21857.75,10,9,4,6,3,0,Ativo,2,0.5,0.0
A03984,Associado 3984,34,M,RS,Caxias do Sul,Pessoa Física,2025-03-22,Digital,1,0,0,0,1,0,32,2141.92,0.0,6,7,16,3,2,1,Ativo,2,0.67,0.5
A03985,Associado 3985,45,M,SP,São Paulo,Agro,2023-05-20,Indicação,1,1,1,0,0,1,6,5784.76,0.0,9,74,2,5,2,0,Inativo,4,0.4,0.0
A03986,Associado 3986,41,M,MG,Belo Horizonte,Pessoa Física,2018-02-20,Indicação,1,1,1,0,0,0,57,865.01,0.0,9,1,11,8,6,1,Ativo,3,0.75,0.17
A03987,Associado 3987,31,F,RS,Porto Alegre,Pessoa Física,2020-03-10,Campanha,1,0,0,0,0,0,12,1874.84,5651.89,7,7,7,10,3,2,Ativo,1,0.3,0.67
A03988,Associado 3988,37,F,SC,Florianópolis,Pessoa Física,2018-04-10,Agência,0,0,0,0,0,0,11,0.0,0.0,7,6,5,4,2,1,Ativo,0,0.5,0.5
A03989,Associado 3989,40,M,RS,Porto Alegre,Pessoa Física,2022-10-14,Digital,1,0,0,0,0,0,2,1373.79,22089.59,7,174,0,7,0,0,Churned,1,0.0,0.0
A03990,Associado 3990,57,F,MG,Belo Horizonte,Pessoa Física,2024-11-16,Agência,1,1,0,0,1,0,27,1804.4,12762.86,5,9,3,5,1,0,Ativo,3,0.2,0.0
A03991,Associado 3991,33,F,RS,Porto Alegre,Pessoa Física,2024-12-21,Digital,1,0,0,0,0,0,9,7206.24,0.0,6,99,1,8,2,0,Inativo,1,0.25,0.0
A03992,Associado 3992,44,F,RS,Caxias do Sul,Pessoa Física,2018-08-25,Agência,1,0,0,0,0,0,1,3833.93,0.0,6,122,1,2,1,0,Churned,1,0.5,0.0
A03993,Associado 3993,37,F,SP,São Paulo,Pessoa Física,2019-04-17,Campanha,1,1,0,0,0,0,27,3961.81,0.0,6,7,4,4,1,0,Ativo,2,0.25,0.0
A03994,Associado 3994,31,F,RS,Porto Alegre,Pessoa Física,2021-11-22,Digital,1,0,0,0,0,0,25,2128.84,22800.93,8,30,12,7,3,0,Ativo,1,0.43,0.0
A03995,Associado 3995,64,F,SC,Joinville,Agro,2024-01-14,Indicação,1,0,0,0,0,0,0,6486.94,12858.06,8,212,0,5,1,0,Churned,1,0.2,0.0
A03996,Associado 3996,59,M,SC,Florianópolis,Pessoa Física,2024-06-03,Agência,1,0,1,0,0,0,8,4050.92,5291.31,10,138,0,8,3,0,Inativo,2,0.38,0.0
A03997,Associado 3997,51,F,RS,Porto Alegre,Agro,2023-12-04,Agência,1,0,0,0,1,1,19,16891.98,26644.77,8,22,3,7,1,0,Ativo,3,0.14,0.0
A03998,Associado 3998,33,M,SC,Joinville,Pessoa Física,2018-05-19,Agência,0,0,1,0,1,0,12,0.0,11140.96,9,12,7,4,2,0,Ativo,2,0.5,0.0
A03999,Associado 3999,40,F,SC,Florianópolis,Pessoa Física,2023-10-24,Digital,1,1,0,0,1,0,25,1856.76,3483.56,9,6,11,5,2,0,Ativo,3,0.4,0.0
A04000,Associado 4000,45,M,RS,Caxias do Sul,Pessoa Jurídica,2021-10-15,Indicação,1,1,0,0,1,0,73,12812.39,9014.79,7,58,9,11,6,1,Ativo,3,0.55,0.17
A04001,Associado 4001,51,F,PR,Curitiba,Pessoa Física,2019-02-10,Digital,1,1,1,0,1,0,27,7486.81,5408.91,8,3,8,7,1,0,Ativo,4,0.14,0.0
A04002,Associado 4002,60,M,SP,São Paulo,Pessoa Física,2022-09-09,Agência,0,0,0,0,1,0,1,0.0,16173.33,7,136,0,8,1,1,Inativo,1,0.12,1.0
A04003,Associado 4003,46,M,SP,São Paulo,Pessoa Jurídica,2020-08-08,Agência,0,0,0,0,0,0,1,0.0,21060.62,4,209,0,6,1,0,Churned,0,0.17,0.0
A04004,Associado 4004,32,F,RS,Porto Alegre,Pessoa Física,2025-02-27,Agência,1,1,0,0,0,0,36,4353.19,13727.72,4,31,6,5,0,0,Ativo,2,0.0,0.0
A04005,Associado 4005,46,M,RS,Porto Alegre,Pessoa Jurídica,2024-07-01,Indicação,1,1,0,0,0,0,14,18741.18,4497.39,8,99,3,12,4,0,Inativo,2,0.33,0.0
A04006,Associado 4006,21,M,RS,Porto Alegre,Agro,2021-09-19,Digital,0,0,0,0,0,0,0,0.0,0.0,5,268,0,6,2,0,Churned,0,0.33,0.0
A04007,Associado 4007,58,F,SC,Florianópolis,Pessoa Física,2018-11-25,Indicação,1,1,1,0,0,0,53,1912.06,5765.48,10,12,9,2,0,0,Ativo,3,0.0,0.0
A04008,Associado 4008,35,M,SC,Joinville,Pessoa Física,2022-08-26,Indicação,0,1,0,0,1,1,7,0.0,18740.73,8,120,3,9,3,1,Inativo,3,0.33,0.33
A04009,Associado 4009,40,F,PR,Curitiba,Pessoa Física,2021-08-16,Agência,1,1,1,1,1,0,42,5102.32,9185.07,10,0,8,2,0,0,Ativo,5,0.0,0.0
A04010,Associado 4010,32,M,RS,Porto Alegre,Agro,2022-08-27,Agência,1,0,0,0,0,0,5,15305.92,0.0,5,143,2,6,5,1,Churned,1,0.83,0.2
A04011,Associado 4011,53,M,RS,Caxias do Sul,Pessoa Jurídica,2023-11-07,Indicação,1,1,0,0,1,0,57,16361.94,4082.81,9,11,6,7,3,0,Ativo,3,0.43,0.0
A04012,Associado 4012,37,F,SC,Joinville,Agro,2018-01-15,Indicação,1,0,0,0,0,1,10,3358.16,25005.44,6,67,2,6,1,0,Inativo,2,0.17,0.0
A04013,Associado 4013,44,M,PR,Londrina,Pessoa Física,2019-09-26,Digital,1,1,0,0,0,0,27,2500.45,0.0,10,3,15,10,7,0,Ativo,2,0.7,0.0
A04014,Associado 4014,31,M,RS,Caxias do Sul,Pessoa Jurídica,2023-02-27,Agência,1,1,1,1,1,0,92,5928.56,8002.31,9,4,17,7,4,0,Ativo,5,0.57,0.0
A04015,Associado 4015,57,F,PR,Curitiba,Pessoa Física,2024-02-04,Agência,1,1,0,0,0,0,2,1723.96,10111.67,7,170,1,6,0,0,Churned,2,0.0,0.0
A04016,Associado 4016,31,F,RS,Porto Alegre,Pessoa Física,2022-01-25,Agência,1,1,0,0,1,0,23,2324.78,7441.97,10,9,6,4,3,0,Ativo,3,0.75,0.0
A04017,Associado 4017,18,F,MG,Belo Horizonte,Agro,2024-05-05,Agência,1,0,0,0,0,0,23,3501.87,0.0,10,57,7,5,2,1,Ativo,1,0.4,0.5
A04018,Associado 4018,61,M,MG,Belo Horizonte,Pessoa Física,2021-02-02,Agência,1,1,0,0,0,0,35,6622.94,5045.09,10,1,9,6,2,0,Ativo,2,0.33,0.0
A04019,Associado 4019,52,M,RS,Caxias do Sul,Agro,2022-08-22,Digital,1,1,0,0,0,1,4,4771.34,5421.33,9,101,4,5,2,0,Inativo,3,0.4,0.0
A04020,Associado 4020,67,F,RS,Porto Alegre,Pessoa Física,2024-07-14,Agência,1,1,0,0,1,0,7,6517.85,13035.27,10,110,1,12,1,0,Inativo,3,0.08,0.0
A04021,Associado 4021,53,M,SC,Joinville,Pessoa Jurídica,2019-01-27,Agência,1,0,0,0,0,0,20,6357.43,0.0,5,3,6,6,4,1,Ativo,1,0.67,0.25
A04022,Associado 4022,55,M,RS,Porto Alegre,Pessoa Física,2023-12-29,Campanha,1,1,0,0,0,0,14,5130.11,13585.22,10,9,1,6,0,0,Ativo,2,0.0,0.0
A04023,Associado 4023,28,M,PR,Londrina,Pessoa Física,2018-06-18,Digital,0,0,1,0,0,0,12,0.0,0.0,7,1,11,4,0,0,Ativo,1,0.0,0.0
A04024,Associado 4024,47,M,SP,São Paulo,Pessoa Física,2023-08-15,Campanha,1,0,0,0,0,0,4,995.09,79507.38,5,230,2,9,2,0,Churned,1,0.22,0.0
A04025,Associado 4025,36,M,PR,Londrina,Pessoa Física,2019-09-11,Digital,1,0,0,0,0,0,29,9765.46,0.0,9,2,12,6,5,1,Ativo,1,0.83,0.2
A04026,Associado 4026,61,F,SP,São Paulo,Pessoa Física,2021-03-31,Indicação,1,1,0,0,1,0,35,2379.22,12822.16,9,3,12,8,2,1,Ativo,3,0.25,0.5
A04027,Associado 4027,47,F,SC,Joinville,Pessoa Jurídica,2020-02-08,Agência,1,1,0,0,0,0,28,25009.03,13440.91,6,8,3,7,2,0,Ativo,2,0.29,0.0
A04028,Associado 4028,28,M,RS,Porto Alegre,Pessoa Física,2025-06-20,Digital,1,1,0,0,0,0,33,12536.36,0.0,9,11,24,5,5,0,Ativo,2,1.0,0.0
A04029,Associado 4029,53,M,SP,São Paulo,Pessoa Física,2024-11-15,Agência,0,1,0,0,0,0,2,0.0,5166.84,10,224,0,4,1,0,Churned,1,0.25,0.0
A04030,Associado 4030,21,M,SC,Joinville,Pessoa Física,2019-01-17,Agência,1,1,1,1,0,0,74,852.57,7085.59,10,4,29,4,4,1,Ativo,4,1.0,0.25
A04031,Associado 4031,62,F,PR,Curitiba,Pessoa Física,2019-04-27,Campanha,1,0,0,0,0,0,3,3780.36,27970.93,7,132,2,6,2,1,Inativo,1,0.33,0.5
A04032,Associado 4032,27,F,RS,Porto Alegre,Pessoa Jurídica,2021-06-22,Digital,1,1,0,0,0,0,20,13486.09,38016.16,7,109,3,5,0,0,Inativo,2,0.0,0.0
A04033,Associado 4033,60,F,RS,Porto Alegre,Agro,2019-09-17,Campanha,1,0,0,0,0,1,8,8841.99,45094.67,9,162,0,4,2,0,Inativo,2,0.5,0.0
A04034,Associado 4034,38,F,RJ,Rio de Janeiro,Pessoa Física,2022-09-10,Digital,1,1,0,0,1,0,36,1640.82,3633.9,10,13,19,5,3,2,Ativo,3,0.6,0.67
A04035,Associado 4035,44,F,RS,Caxias do Sul,Pessoa Física,2024-11-28,Digital,1,1,0,0,0,0,20,6038.41,881.22,10,7,6,6,3,0,Ativo,2,0.5,0.0
A04036,Associado 4036,32,M,RJ,Rio de Janeiro,Pessoa Jurídica,2024-11-17,Digital,1,1,0,0,0,0,21,15768.94,0.0,4,85,8,3,2,0,Inativo,2,0.67,0.0
A04037,Associado 4037,31,M,RJ,Rio de Janeiro,Pessoa Física,2019-05-09,Indicação,1,1,1,0,0,0,28,2470.45,7447.7,9,12,5,9,5,1,Ativo,3,0.56,0.2
A04038,Associado 4038,34,M,SP,São Paulo,Pessoa Física,2022-03-27,Digital,1,1,0,0,0,0,20,583.69,0.0,7,7,14,5,3,1,Ativo,2,0.6,0.33
A04039,Associado 4039,40,M,PR,Curitiba,Pessoa Física,2025-01-26,Campanha,1,1,1,0,0,0,37,3362.73,31575.59,10,2,12,12,6,1,Ativo,3,0.5,0.17
A04040,Associado 4040,50,F,PR,Curitiba,Pessoa Física,2025-05-02,Agência,1,0,0,0,0,0,2,7390.21,21596.57,6,239,0,3,1,0,Churned,1,0.33,0.0
A04041,Associado 4041,49,M,MG,Belo Horizonte,Pessoa Física,2018-10-09,Indicação,1,1,0,0,0,0,22,7471.21,0.0,9,7,11,6,1,1,Ativo,2,0.17,1.0
A04042,Associado 4042,41,M,RS,Caxias do Sul,Pessoa Física,2020-04-10,Digital,1,1,1,0,0,0,26,1757.36,0.0,10,24,23,5,2,0,Ativo,3,0.4,0.0
A04043,Associado 4043,25,M,SC,Florianópolis,Pessoa Jurídica,2019-03-06,Agência,1,1,1,0,0,0,61,14146.34,5949.11,7,4,12,2,1,0,Ativo,3,0.5,0.0
A04044,Associado 4044,34,M,PR,Curitiba,Pessoa Física,2025-03-13,Digital,1,0,0,0,0,0,0,1995.51,0.0,7,195,0,9,2,0,Churned,1,0.22,0.0
A04045,Associado 4045,36,F,SC,Joinville,Pessoa Física,2020-05-07,Digital,1,0,0,1,0,0,18,2908.02,0.0,10,18,9,4,3,0,Ativo,2,0.75,0.0
A04046,Associado 4046,45,F,SC,Joinville,Pessoa Física,2018-09-10,Agência,1,1,1,0,0,0,28,4642.34,18032.18,8,2,6,7,2,0,Ativo,3,0.29,0.0
A04047,Associado 4047,59,M,RS,Porto Alegre,Pessoa Física,2019-07-17,Agência,0,0,0,0,0,0,0,0.0,0.0,8,223,0,4,2,0,Churned,0,0.5,0.0
A04048,Associado 4048,23,M,PR,Londrina,Pessoa Física,2020-12-02,Digital,1,0,0,0,0,0,27,2239.71,0.0,6,18,13,5,4,0,Ativo,1,0.8,0.0
A04049,Associado 4049,40,M,MG,Belo Horizonte,Agro,2022-03-15,Digital,1,0,0,0,0,1,22,5841.79,43606.96,9,10,12,3,2,0,Ativo,2,0.67,0.0
A04050,Associado 4050,42,M,RS,Porto Alegre,Pessoa Física,2019-06-21,Digital,0,0,0,0,0,0,4,0.0,16649.73,6,142,2,7,3,1,Inativo,0,0.43,0.33
A04051,Associado 4051,42,F,MG,Belo Horizonte,Pessoa Jurídica,2024-05-06,Agência,1,0,0,0,0,0,48,9895.03,0.0,6,2,5,3,2,0,Ativo,1,0.67,0.0
A04052,Associado 4052,34,F,PR,Curitiba,Pessoa Física,2025-04-17,Agência,1,1,0,0,0,0,22,4227.27,27274.43,10,12,11,9,6,0,Ativo,2,0.67,0.0
A04053,Associado 4053,49,M,SP,São Paulo,Pessoa Jurídica,2020-07-24,Campanha,0,0,0,0,0,0,6,0.0,88692.0,8,125,2,8,3,0,Inativo,0,0.38,0.0
A04054,Associado 4054,47,M,PR,Curitiba,Pessoa Física,2024-05-31,Campanha,0,0,0,0,1,0,2,0.0,0.0,8,170,0,4,1,1,Churned,1,0.25,1.0
A04055,Associado 4055,33,F,SP,São Paulo,Pessoa Física,2022-08-16,Digital,0,1,1,0,0,0,18,0.0,10970.36,6,1,12,6,3,0,Ativo,2,0.5,0.0
A04056,Associado 4056,44,F,RS,Caxias do Sul,Pessoa Jurídica,2022-02-07,Campanha,1,0,0,0,0,0,2,21719.45,0.0,8,246,0,3,2,1,Churned,1,0.67,0.5
A04057,Associado 4057,42,M,SP,São Paulo,Pessoa Física,2023-01-14,Indicação,1,1,0,0,0,0,21,2473.52,6605.61,9,74,3,2,1,0,Inativo,2,0.5,0.0
A04058,Associado 4058,43,M,RS,Caxias do Sul,Pessoa Jurídica,2020-06-01,Agência,1,0,1,0,1,0,52,6122.43,13147.77,8,9,2,5,1,0,Ativo,3,0.2,0.0
A04059,Associado 4059,35,M,MG,Belo Horizonte,Pessoa Física,2024-11-24,Agência,0,0,0,0,0,0,3,0.0,20794.96,6,299,0,6,0,0,Churned,0,0.0,0.0
A04060,Associado 4060,63,F,RJ,Rio de Janeiro,Agro,2020-03-27,Campanha,0,0,0,1,0,1,15,0.0,26128.05,10,23,5,4,3,0,Ativo,2,0.75,0.0
A04061,Associado 4061,39,F,RS,Caxias do Sul,Pessoa Jurídica,2023-09-24,Digital,1,1,1,1,0,0,28,36598.72,68146.42,9,113,8,6,3,1,Inativo,4,0.5,0.33
A04062,Associado 4062,31,F,RS,Porto Alegre,Agro,2020-05-29,Indicação,1,0,0,0,0,1,1,14082.73,0.0,8,227,0,9,1,0,Churned,2,0.11,0.0
A04063,Associado 4063,56,F,SP,São Paulo,Pessoa Física,2019-11-09,Campanha,1,0,0,0,0,0,8,4832.68,0.0,7,10,1,2,0,0,Ativo,1,0.0,0.0
A04064,Associado 4064,39,F,RS,Caxias do Sul,Pessoa Física,2024-03-04,Digital,1,1,1,1,0,0,29,1149.18,18800.21,10,35,13,11,9,0,Ativo,4,0.82,0.0
A04065,Associado 4065,58,M,MG,Belo Horizonte,Pessoa Jurídica,2021-02-05,Agência,1,1,0,0,1,0,82,40380.1,110358.41,10,26,15,4,2,0,Ativo,3,0.5,0.0
A04066,Associado 4066,38,M,RS,Porto Alegre,Agro,2022-03-08,Agência,0,0,0,0,0,1,11,0.0,5665.25,7,18,11,2,1,0,Ativo,1,0.5,0.0
A04067,Associado 4067,50,M,RS,Porto Alegre,Agro,2024-10-25,Agência,1,0,0,0,0,1,21,8212.77,13595.49,6,1,8,7,3,1,Ativo,2,0.43,0.33
A04068,Associado 4068,23,M,RJ,Rio de Janeiro,Pessoa Física,2024-05-03,Agência,1,0,0,0,0,0,22,2171.21,2478.92,10,21,5,6,3,0,Ativo,1,0.5,0.0
A04069,Associado 4069,29,F,PR,Curitiba,Pessoa Jurídica,2024-09-12,Digital,1,0,0,0,1,0,31,4961.62,0.0,6,13,9,5,4,0,Ativo,2,0.8,0.0
A04070,Associado 4070,52,M,SP,São Paulo,Pessoa Física,2023-03-04,Agência,1,0,0,0,0,0,3,2565.54,16974.21,5,233,0,5,0,0,Churned,1,0.0,0.0
A04071,Associado 4071,38,F,RS,Porto Alegre,Pessoa Física,2022-09-17,Agência,0,1,0,0,0,0,14,0.0,0.0,10,0,2,2,1,0,Ativo,1,0.5,0.0
A04072,Associado 4072,47,F,PR,Curitiba,Pessoa Física,2023-03-19,Digital,1,1,0,0,0,0,27,3692.72,12019.25,6,5,12,2,2,0,Ativo,2,1.0,0.0
A04073,Associado 4073,32,M,PR,Curitiba,Pessoa Física,2018-08-12,Digital,1,1,0,0,0,0,39,7321.64,9415.65,10,11,19,5,4,0,Ativo,2,0.8,0.0
A04074,Associado 4074,30,M,PR,Curitiba,Agro,2019-10-27,Digital,1,1,0,0,0,0,45,3694.99,0.0,8,7,16,9,6,3,Ativo,2,0.67,0.5
A04075,Associado 4075,48,M,PR,Curitiba,Pessoa Física,2020-07-23,Digital,1,0,0,0,0,0,22,4346.52,14478.94,8,21,9,7,4,0,Ativo,1,0.57,0.0
A04076,Associado 4076,41,M,PR,Curitiba,Pessoa Jurídica,2021-08-05,Digital,1,0,0,0,1,0,28,50802.7,0.0,7,10,8,6,4,0,Ativo,2,0.67,0.0
A04077,Associado 4077,67,M,SC,Joinville,Pessoa Física,2021-08-01,Campanha,1,0,0,0,0,0,0,16281.28,41238.57,5,291,0,6,3,0,Churned,1,0.5,0.0
A04078,Associado 4078,27,M,RS,Porto Alegre,Pessoa Física,2021-04-24,Agência,1,1,0,1,0,0,15,2186.28,0.0,6,42,4,4,0,0,Ativo,3,0.0,0.0
A04079,Associado 4079,42,F,SP,São Paulo,Pessoa Física,2018-08-14,Agência,1,0,0,0,0,0,14,2222.03,4675.86,8,13,5,7,4,1,Ativo,1,0.57,0.25
A04080,Associado 4080,47,F,RS,Porto Alegre,Pessoa Física,2018-07-19,Campanha,1,1,1,0,0,0,29,3727.2,2904.05,9,2,4,5,1,0,Ativo,3,0.2,0.0
A04081,Associado 4081,51,F,PR,Londrina,Pessoa Física,2019-05-19,Digital,1,0,1,0,0,0,6,4857.65,18406.26,4,64,1,9,4,2,Inativo,2,0.44,0.5
A04082,Associado 4082,57,M,RS,Porto Alegre,Pessoa Jurídica,2018-01-11,Indicação,1,1,0,0,1,0,60,14591.55,15544.77,9,1,11,5,2,0,Ativo,3,0.4,0.0
A04083,Associado 4083,40,F,PR,Londrina,Agro,2020-09-05,Agência,1,0,0,0,0,1,25,13657.23,0.0,8,23,7,6,2,1,Ativo,2,0.33,0.5
A04084,Associado 4084,35,M,SP,São Paulo,Pessoa Física,2024-05-13,Indicação,0,0,0,0,0,0,12,0.0,5767.93,5,23,7,6,3,0,Ativo,0,0.5,0.0
A04085,Associado 4085,58,M,RS,Porto Alegre,Pessoa Física,2022-05-17,Campanha,1,1,0,0,1,0,4,4661.06,0.0,3,300,1,8,1,0,Churned,3,0.12,0.0
A04086,Associado 4086,20,F,RS,Caxias do Sul,Pessoa Física,2018-01-05,Digital,1,1,0,0,0,0,48,482.73,727.8,9,4,25,3,3,0,Ativo,2,1.0,0.0
A04087,Associado 4087,49,F,RS,Porto Alegre,Pessoa Jurídica,2025-01-12,Agência,1,0,0,0,0,0,4,4206.73,0.0,4,249,0,9,1,0,Churned,1,0.11,0.0
A04088,Associado 4088,30,M,PR,Curitiba,Pessoa Física,2018-10-07,Campanha,1,1,0,0,1,0,36,2560.21,9444.54,9,1,10,4,3,1,Ativo,3,0.75,0.33
A04089,Associado 4089,53,M,SP,São Paulo,Pessoa Física,2021-06-15,Indicação,0,0,0,0,0,0,1,0.0,6190.42,6,186,0,9,2,0,Churned,0,0.22,0.0
A04090,Associado 4090,52,F,RS,Porto Alegre,Pessoa Física,2024-06-22,Indicação,1,1,0,1,0,0,5,6292.54,146257.31,5,209,0,9,5,1,Churned,3,0.56,0.2
A04091,Associado 4091,31,F,SP,São Paulo,Agro,2018-05-07,Agência,1,1,0,1,0,1,42,2741.47,12520.48,10,22,10,11,5,1,Ativo,4,0.45,0.2
A04092,Associado 4092,58,F,RS,Porto Alegre,Pessoa Física,2018-10-31,Indicação,1,1,0,0,0,0,2,1891.58,0.0,9,249,0,3,1,0,Churned,2,0.33,0.0
A04093,Associado 4093,53,F,SC,Joinville,Pessoa Física,2025-08-28,Agência,1,0,1,0,0,0,2,3503.87,9140.71,6,160,2,7,2,0,Churned,2,0.29,0.0
A04094,Associado 4094,55,F,MG,Belo Horizonte,Agro,2020-01-01,Agência,1,1,1,1,0,1,48,6951.64,31120.72,10,3,9,6,3,1,Ativo,5,0.5,0.33
A04095,Associado 4095,26,F,RS,Caxias do Sul,Pessoa Jurídica,2019-05-05,Digital,1,1,0,1,0,0,68,22522.98,3746.68,10,14,20,4,2,0,Ativo,3,0.5,0.0
A04096,Associado 4096,48,M,SC,Florianópolis,Pessoa Jurídica,2019-03-13,Agência,1,0,0,0,1,0,40,8462.4,0.0,7,11,8,5,3,0,Ativo,2,0.6,0.0
A04097,Associado 4097,47,F,RS,Porto Alegre,Pessoa Física,2022-08-12,Indicação,1,0,0,0,0,1,0,2154.46,34112.5,7,148,0,9,1,1,Churned,2,0.11,1.0
A04098,Associado 4098,29,M,RS,Porto Alegre,Agro,2020-11-27,Digital,0,0,0,0,0,0,23,0.0,0.0,10,1,31,8,5,1,Ativo,0,0.62,0.2
A04099,Associado 4099,48,M,RS,Porto Alegre,Pessoa Jurídica,2019-04-28,Agência,1,0,0,0,0,0,7,17934.79,0.0,3,228,3,11,1,0,Churned,1,0.09,0.0
A04100,Associado 4100,61,F,RS,Caxias do Sul,Agro,2018-11-11,Indicação,1,0,1,0,0,1,32,17561.8,35940.06,10,12,6,4,0,0,Ativo,3,0.0,0.0
A04101,Associado 4101,59,F,PR,Curitiba,Pessoa Jurídica,2022-02-16,Campanha,0,0,0,0,1,0,4,0.0,2930.42,8,72,2,7,1,1,Inativo,1,0.14,1.0
A04102,Associado 4102,32,F,SC,Joinville,Pessoa Jurídica,2020-07-27,Agência,1,1,1,0,0,0,32,7896.79,22024.39,8,8,2,10,2,0,Ativo,3,0.2,0.0
A04103,Associado 4103,44,M,SC,Florianópolis,Pessoa Física,2018-01-17,Digital,1,1,1,1,1,0,56,1682.44,20234.69,10,1,15,9,7,2,Ativo,5,0.78,0.29
A04104,Associado 4104,24,M,RS,Caxias do Sul,Pessoa Física,2020-09-06,Digital,1,1,0,0,0,0,28,2324.35,962.01,8,7,13,4,3,0,Ativo,2,0.75,0.0
A04105,Associado 4105,24,F,RS,Porto Alegre,Pessoa Jurídica,2019-03-23,Digital,1,1,1,0,0,0,24,9980.46,6917.78,7,103,4,7,2,0,Inativo,3,0.29,0.0
A04106,Associado 4106,52,F,PR,Londrina,Pessoa Física,2018-10-06,Agência,0,0,0,0,0,0,2,0.0,0.0,3,119,1,6,1,0,Inativo,0,0.17,0.0
A04107,Associado 4107,41,M,RJ,Rio de Janeiro,Pessoa Física,2019-03-28,Digital,1,0,0,0,0,0,13,1238.33,0.0,7,6,2,8,3,0,Ativo,1,0.38,0.0
A04108,Associado 4108,36,M,RS,Porto Alegre,Pessoa Física,2025-06-06,Agência,0,1,0,0,0,0,19,0.0,14160.59,8,3,7,5,1,0,Ativo,1,0.2,0.0
A04109,Associado 4109,41,F,MG,Belo Horizonte,Pessoa Jurídica,2019-08-29,Campanha,1,1,0,1,0,0,29,20377.93,0.0,10,13,5,5,3,0,Ativo,3,0.6,0.0
A04110,Associado 4110,28,F,PR,Curitiba,Pessoa Física,2022-09-07,Digital,1,0,0,1,0,0,11,2155.81,1918.98,8,90,4,8,2,0,Inativo,2,0.25,0.0
A04111,Associado 4111,43,F,PR,Curitiba,Pessoa Jurídica,2023-09-08,Digital,1,0,1,0,0,0,4,3255.81,0.0,6,184,0,4,1,0,Inativo,2,0.25,0.0
A04112,Associado 4112,39,M,SC,Florianópolis,Pessoa Jurídica,2020-10-30,Digital,1,0,0,0,0,0,21,48443.6,22658.36,5,9,8,6,1,0,Ativo,1,0.17,0.0
A04113,Associado 4113,43,M,RS,Caxias do Sul,Pessoa Física,2022-12-17,Digital,1,1,0,0,1,0,24,2702.96,0.0,7,9,9,7,2,0,Ativo,3,0.29,0.0
A04114,Associado 4114,47,F,RS,Porto Alegre,Pessoa Física,2023-07-01,Digital,0,1,0,0,0,0,5,0.0,0.0,6,3,10,6,2,0,Ativo,1,0.33,0.0
A04115,Associado 4115,31,F,PR,Curitiba,Pessoa Física,2018-04-11,Digital,1,1,0,0,1,0,21,5475.53,2708.81,10,11,15,9,5,0,Ativo,3,0.56,0.0
A04116,Associado 4116,22,F,RS,Caxias do Sul,Pessoa Física,2025-05-24,Digital,1,1,1,0,0,0,36,3172.57,0.0,7,10,33,5,4,0,Ativo,3,0.8,0.0
A04117,Associado 4117,48,M,MG,Belo Horizonte,Pessoa Física,2023-11-05,Agência,1,1,1,1,0,0,24,669.56,20507.39,10,5,6,12,3,0,Ativo,4,0.25,0.0
A04118,Associado 4118,50,M,SC,Joinville,Pessoa Física,2019-04-15,Agência,1,1,1,1,0,0,73,2564.99,0.0,10,7,14,4,2,0,Ativo,4,0.5,0.0
A04119,Associado 4119,29,M,RS,Porto Alegre,Agro,2021-08-17,Digital,1,1,0,1,0,1,40,6688.91,0.0,10,25,8,6,1,1,Ativo,4,0.17,1.0
A04120,Associado 4120,53,F,SP,São Paulo,Pessoa Física,2025-05-11,Indicação,1,1,1,0,0,0,43,3495.3,93016.3,10,10,14,7,4,1,Ativo,3,0.57,0.25
A04121,Associado 4121,25,F,RS,Porto Alegre,Pessoa Jurídica,2022-06-13,Agência,1,1,1,1,1,0,66,3014.44,4931.6,10,17,11,3,2,0,Ativo,5,0.67,0.0
A04122,Associado 4122,48,F,SC,Florianópolis,Pessoa Física,2021-05-20,Agência,1,0,0,0,0,0,24,1434.74,10119.69,6,79,13,9,4,0,Ativo,1,0.44,0.0
A04123,Associado 4123,29,M,PR,Londrina,Pessoa Jurídica,2018-04-29,Agência,0,1,0,0,0,0,5,0.0,0.0,8,150,4,7,3,2,Inativo,1,0.43,0.67
A04124,Associado 4124,34,M,MG,Belo Horizonte,Pessoa Física,2023-02-27,Campanha,1,0,0,0,0,0,3,2032.96,0.0,4,264,2,6,2,0,Churned,1,0.33,0.0
A04125,Associado 4125,55,M,SP,São Paulo,Pessoa Jurídica,2023-06-28,Indicação,1,1,1,0,1,0,91,8143.62,10194.76,10,14,5,6,1,0,Ativo,4,0.17,0.0
A04126,Associado 4126,44,F,PR,Curitiba,Pessoa Jurídica,2020-02-27,Digital,1,1,0,1,1,0,50,35597.55,0.0,10,13,18,4,2,0,Ativo,4,0.5,0.0
A04127,Associado 4127,54,F,PR,Londrina,Pessoa Jurídica,2024-08-21,Campanha,1,1,0,0,0,0,8,52898.69,0.0,10,125,3,11,5,2,Inativo,2,0.45,0.4
A04128,Associado 4128,23,M,MG,Belo Horizonte,Pessoa Física,2024-10-11,Digital,1,0,0,0,0,0,6,5287.47,0.0,9,9,9,14,3,0,Ativo,1,0.21,0.0
A04129,Associado 4129,59,F,RS,Porto Alegre,Pessoa Jurídica,2025-07-30,Campanha,1,0,0,0,0,0,4,2587.07,0.0,5,275,0,3,0,0,Churned,1,0.0,0.0
A04130,Associado 4130,43,F,RS,Porto Alegre,Pessoa Física,2024-06-19,Agência,0,0,0,0,0,0,3,0.0,35332.92,9,217,1,11,4,2,Churned,0,0.36,0.5
A04131,Associado 4131,23,M,RS,Caxias do Sul,Pessoa Física,2021-11-28,Agência,1,0,0,0,0,0,16,3434.51,0.0,8,4,7,4,1,0,Ativo,1,0.25,0.0
A04132,Associado 4132,43,M,RS,Caxias do Sul,Pessoa Física,2018-08-31,Digital,1,0,0,0,0,0,12,10023.72,22398.61,7,3,3,8,4,1,Ativo,1,0.5,0.25
A04133,Associado 4133,27,M,PR,Londrina,Pessoa Física,2020-09-11,Digital,0,1,0,0,0,0,4,0.0,6122.45,9,241,2,5,0,0,Churned,1,0.0,0.0
A04134,Associado 4134,30,M,PR,Londrina,Pessoa Física,2021-09-30,Digital,0,0,0,0,0,0,0,0.0,11826.65,8,258,2,6,2,0,Churned,0,0.33,0.0
A04135,Associado 4135,36,M,PR,Londrina,Pessoa Jurídica,2019-09-19,Digital,1,1,1,1,0,0,53,10960.64,0.0,9,13,12,6,4,1,Ativo,4,0.67,0.25
A04136,Associado 4136,40,F,RS,Porto Alegre,Pessoa Física,2021-12-18,Digital,1,1,1,1,0,1,53,924.49,1291.65,10,1,35,5,5,0,Ativo,5,1.0,0.0
A04137,Associado 4137,39,M,SP,São Paulo,Pessoa Física,2018-01-16,Agência,1,1,0,0,0,1,20,3582.56,0.0,9,2,7,9,4,0,Ativo,3,0.44,0.0
A04138,Associado 4138,33,F,RS,Caxias do Sul,Pessoa Física,2019-05-31,Agência,1,0,0,0,0,0,24,1659.58,12392.67,9,13,6,6,1,0,Ativo,1,0.17,0.0
A04139,Associado 4139,29,F,PR,Curitiba,Pessoa Jurídica,2024-05-02,Campanha,1,0,0,1,0,0,50,16562.59,0.0,10,0,8,7,2,0,Ativo,2,0.29,0.0
A04140,Associado 4140,65,M,PR,Curitiba,Pessoa Física,2025-02-20,Campanha,1,1,0,0,0,0,9,5738.69,0.0,5,123,1,3,0,0,Inativo,2,0.0,0.0
A04141,Associado 4141,38,M,RS,Porto Alegre,Pessoa Física,2025-08-14,Campanha,1,1,1,1,0,0,9,2535.62,0.0,10,164,2,6,1,1,Inativo,4,0.17,1.0
A04142,Associado 4142,19,F,RS,Porto Alegre,Pessoa Jurídica,2025-07-26,Indicação,1,1,0,0,0,0,42,3062.84,3434.57,8,1,9,3,2,0,Ativo,2,0.67,0.0
A04143,Associado 4143,42,F,RS,Porto Alegre,Pessoa Física,2023-08-30,Indicação,1,1,0,0,0,0,2,1488.57,0.0,7,253,1,9,1,0,Churned,2,0.11,0.0
A04144,Associado 4144,25,F,SP,São Paulo,Pessoa Física,2022-12-29,Digital,1,0,0,0,0,0,14,1104.63,0.0,7,2,3,8,2,0,Ativo,1,0.25,0.0
A04145,Associado 4145,35,M,MG,Belo Horizonte,Pessoa Física,2020-04-07,Agência,1,1,1,1,0,0,50,4538.97,42901.57,10,32,14,5,2,0,Ativo,4,0.4,0.0
A04146,Associado 4146,55,F,PR,Londrina,Pessoa Jurídica,2018-01-11,Agência,1,0,1,0,0,0,43,43047.58,15217.35,8,32,6,3,2,0,Ativo,2,0.67,0.0
A04147,Associado 4147,41,M,RS,Caxias do Sul,Pessoa Jurídica,2020-11-09,Agência,0,0,0,0,0,0,10,0.0,0.0,7,2,5,8,1,0,Ativo,0,0.12,0.0
A04148,Associado 4148,32,M,SC,Joinville,Pessoa Física,2018-10-06,Campanha,1,0,0,0,0,0,13,1583.58,8390.98,7,3,4,6,2,0,Ativo,1,0.33,0.0
A04149,Associado 4149,51,F,SP,São Paulo,Pessoa Física,2018-11-29,Agência,1,0,0,0,0,0,1,902.13,17484.63,7,190,0,8,1,0,Churned,1,0.12,0.0
A04150,Associado 4150,60,M,SP,São Paulo,Pessoa Física,2022-04-20,Campanha,1,1,0,0,1,0,54,2421.82,26005.63,9,11,10,4,1,0,Ativo,3,0.25,0.0
A04151,Associado 4151,23,F,RS,Caxias do Sul,Pessoa Jurídica,2021-11-25,Digital,1,1,0,0,0,0,2,9733.11,0.0,5,250,1,5,2,1,Churned,2,0.4,0.5
A04152,Associado 4152,53,F,RS,Caxias do Sul,Agro,2025-09-26,Indicação,0,1,0,0,0,1,2,0.0,10948.59,10,204,0,1,1,0,Churned,2,1.0,0.0
A04153,Associado 4153,33,M,SP,São Paulo,Pessoa Física,2025-08-23,Agência,1,0,0,0,0,0,7,6771.03,0.0,9,137,2,4,2,0,Inativo,1,0.5,0.0
A04154,Associado 4154,47,M,SC,Florianópolis,Pessoa Física,2023-09-17,Agência,1,0,0,0,1,0,36,1033.55,0.0,9,7,8,8,0,0,Ativo,2,0.0,0.0
A04155,Associado 4155,43,F,RS,Caxias do Sul,Pessoa Jurídica,2020-08-31,Campanha,1,1,1,0,0,0,76,15970.89,0.0,10,18,12,6,4,0,Ativo,3,0.67,0.0
A04156,Associado 4156,42,M,RS,Caxias do Sul,Pessoa Jurídica,2021-01-11,Agência,1,0,0,0,0,0,23,46410.05,19445.57,7,3,3,15,3,0,Ativo,1,0.2,0.0
A04157,Associado 4157,34,M,SC,Florianópolis,Agro,2018-02-01,Agência,1,1,0,0,1,1,36,2879.74,2061.24,10,8,10,6,1,1,Ativo,4,0.17,1.0
A04158,Associado 4158,29,F,MG,Belo Horizonte,Pessoa Jurídica,2023-08-02,Agência,1,1,0,0,0,0,44,12902.08,0.0,6,29,14,5,1,0,Ativo,2,0.2,0.0
A04159,Associado 4159,70,M,RJ,Rio de Janeiro,Agro,2020-01-07,Agência,1,0,0,0,0,1,2,8302.2,0.0,8,342,0,7,0,0,Churned,2,0.0,0.0
A04160,Associado 4160,46,F,PR,Londrina,Pessoa Física,2023-01-23,Agência,1,0,0,0,0,0,5,2620.34,3479.46,8,75,4,5,0,0,Inativo,1,0.0,0.0
A04161,Associado 4161,41,F,SC,Joinville,Pessoa Física,2025-04-20,Digital,1,1,0,0,1,0,12,10228.34,4724.56,8,1,11,5,3,2,Ativo,3,0.6,0.67
A04162,Associado 4162,45,M,RS,Caxias do Sul,Pessoa Física,2020-06-28,Digital,1,0,0,0,0,0,19,2110.05,0.0,7,1,8,7,2,0,Ativo,1,0.29,0.0
A04163,Associado 4163,39,F,SC,Joinville,Pessoa Jurídica,2018-02-14,Digital,1,0,1,0,0,0,54,31524.38,34515.17,7,65,13,5,1,0,Ativo,2,0.2,0.0
A04164,Associado 4164,45,M,SC,Joinville,Pessoa Física,2025-05-01,Agência,0,0,1,0,0,0,4,0.0,40454.7,10,99,1,7,1,0,Churned,1,0.14,0.0
A04165,Associado 4165,33,F,PR,Curitiba,Pessoa Física,2018-10-21,Indicação,1,1,1,0,0,0,31,1134.9,6656.25,10,3,10,7,3,1,Ativo,3,0.43,0.33
A04166,Associado 4166,28,M,SC,Joinville,Pessoa Física,2022-04-21,Indicação,1,1,0,0,0,0,18,4176.89,0.0,9,12,9,6,1,1,Ativo,2,0.17,1.0
A04167,Associado 4167,51,F,RS,Caxias do Sul,Pessoa Física,2024-07-19,Agência,0,0,0,0,0,0,10,0.0,22868.05,10,6,2,10,1,0,Ativo,0,0.1,0.0
A04168,Associado 4168,43,F,RS,Caxias do Sul,Agro,2024-10-06,Digital,1,0,0,0,0,1,34,17217.27,3856.75,7,31,7,4,1,0,Ativo,2,0.25,0.0
A04169,Associado 4169,57,M,RS,Porto Alegre,Pessoa Física,2018-06-16,Agência,1,1,0,0,0,0,2,1555.32,12993.33,9,104,1,6,3,0,Churned,2,0.5,0.0
A04170,Associado 4170,55,M,RS,Porto Alegre,Pessoa Física,2018-09-26,Indicação,1,1,0,0,1,1,24,3137.57,11626.87,9,3,6,10,2,0,Ativo,4,0.2,0.0
A04171,Associado 4171,36,M,RS,Porto Alegre,Pessoa Jurídica,2021-02-21,Indicação,1,1,0,1,0,0,26,18215.24,17518.58,9,87,2,6,3,2,Inativo,3,0.5,0.67
A04172,Associado 4172,60,M,RJ,Rio de Janeiro,Pessoa Física,2020-12-17,Campanha,1,1,1,0,1,0,54,1798.72,34310.9,10,1,14,7,5,0,Ativo,4,0.71,0.0
A04173,Associado 4173,55,M,SC,Joinville,Pessoa Jurídica,2020-05-29,Agência,1,1,0,0,0,0,24,26553.09,0.0,9,6,4,7,2,1,Ativo,2,0.29,0.5
A04174,Associado 4174,45,M,SC,Florianópolis,Pessoa Jurídica,2018-02-28,Digital,1,0,1,0,0,0,52,2324.24,0.0,10,2,19,5,3,0,Ativo,2,0.6,0.0
A04175,Associado 4175,73,M,MG,Belo Horizonte,Agro,2024-11-02,Agência,1,0,1,0,1,1,45,4994.57,0.0,9,16,4,6,0,0,Ativo,4,0.0,0.0
A04176,Associado 4176,34,M,RJ,Rio de Janeiro,Agro,2018-08-05,Digital,1,1,1,0,0,1,60,2516.21,0.0,10,1,21,4,3,0,Ativo,4,0.75,0.0
A04177,Associado 4177,34,M,PR,Londrina,Pessoa Física,2022-05-24,Digital,1,1,0,1,0,0,21,1404.04,31941.98,6,9,12,5,2,0,Ativo,3,0.4,0.0
A04178,Associado 4178,53,F,SP,São Paulo,Pessoa Física,2018-09-01,Agência,1,1,0,0,0,0,19,4427.13,6681.4,8,24,3,4,1,1,Ativo,2,0.25,1.0
A04179,Associado 4179,59,M,RS,Porto Alegre,Pessoa Física,2023-11-21,Indicação,1,1,0,0,1,0,26,13792.57,5018.13,9,12,2,5,1,1,Ativo,3,0.2,1.0
A04180,Associado 4180,52,F,RS,Porto Alegre,Pessoa Física,2019-06-01,Digital,1,1,1,0,1,0,23,3809.72,15509.93,10,6,15,6,4,1,Ativo,4,0.67,0.25
A04181,Associado 4181,39,M,SC,Florianópolis,Pessoa Física,2024-04-30,Indicação,0,1,0,0,1,0,25,0.0,0.0,5,21,11,6,3,1,Ativo,2,0.5,0.33
A04182,Associado 4182,54,M,PR,Curitiba,Pessoa Física,2024-04-07,Agência,1,1,1,0,0,0,61,1013.04,12238.66,9,15,10,5,1,0,Ativo,3,0.2,0.0
A04183,Associado 4183,36,F,PR,Curitiba,Agro,2023-02-13,Campanha,1,1,0,0,1,1,79,5888.52,0.0,10,4,20,14,10,0,Ativo,4,0.71,0.0
A04184,Associado 4184,53,F,RS,Porto Alegre,Pessoa Física,2020-05-10,Campanha,1,0,0,0,0,0,3,3431.19,0.0,9,132,2,2,0,0,Inativo,1,0.0,0.0
A04185,Associado 4185,48,M,RS,Caxias do Sul,Pessoa Física,2020-01-04,Campanha,0,0,0,0,0,0,5,0.0,0.0,10,1,6,5,2,0,Ativo,0,0.4,0.0
A04186,Associado 4186,36,F,PR,Curitiba,Pessoa Física,2023-01-29,Indicação,1,1,0,0,0,0,1,4619.95,3649.93,7,220,0,3,1,0,Churned,2,0.33,0.0
A04187,Associado 4187,46,M,RS,Porto Alegre,Pessoa Física,2021-06-06,Indicação,1,1,0,0,0,0,0,11151.88,2050.35,6,153,0,7,3,0,Churned,2,0.43,0.0
A04188,Associado 4188,57,F,PR,Curitiba,Agro,2022-01-15,Digital,1,1,1,0,1,1,36,4493.3,20728.25,10,1,14,5,3,0,Ativo,5,0.6,0.0
A04189,Associado 4189,47,M,PR,Curitiba,Pessoa Física,2024-11-07,Agência,1,1,0,0,0,0,3,1718.94,0.0,7,203,0,1,1,0,Churned,2,1.0,0.0
A04190,Associado 4190,47,F,SP,São Paulo,Pessoa Jurídica,2020-09-12,Indicação,1,0,0,0,0,0,4,10273.47,0.0,10,168,0,4,0,0,Churned,1,0.0,0.0
A04191,Associado 4191,50,M,SP,São Paulo,Pessoa Física,2019-06-28,Indicação,1,0,0,0,0,0,15,1118.07,0.0,8,1,4,4,2,0,Ativo,1,0.5,0.0
A04192,Associado 4192,52,F,MG,Belo Horizonte,Pessoa Física,2024-08-18,Campanha,1,1,1,1,0,0,47,1759.87,16260.74,7,10,17,4,3,0,Ativo,4,0.75,0.0
A04193,Associado 4193,38,M,SC,Florianópolis,Pessoa Física,2019-01-09,Digital,1,1,0,0,0,0,18,3869.79,3038.41,10,13,8,6,1,0,Ativo,2,0.17,0.0
A04194,Associado 4194,50,F,SP,São Paulo,Pessoa Jurídica,2025-05-11,Agência,1,0,0,0,0,0,25,5121.18,0.0,7,23,5,4,2,0,Ativo,1,0.5,0.0
A04195,Associado 4195,33,M,PR,Curitiba,Pessoa Física,2018-04-22,Indicação,1,1,1,0,0,0,4,5717.25,0.0,4,125,0,2,0,0,Churned,3,0.0,0.0
A04196,Associado 4196,36,M,RS,Porto Alegre,Pessoa Física,2024-12-15,Campanha,1,0,0,0,0,0,11,5705.03,0.0,7,153,2,4,0,0,Inativo,1,0.0,0.0
A04197,Associado 4197,38,M,RS,Porto Alegre,Pessoa Física,2018-10-21,Agência,1,1,1,0,1,0,44,1471.24,0.0,10,3,8,12,6,1,Ativo,4,0.5,0.17
A04198,Associado 4198,53,F,RS,Caxias do Sul,Pessoa Jurídica,2024-10-05,Digital,0,0,0,0,0,0,8,0.0,15125.64,5,143,3,5,3,0,Inativo,0,0.6,0.0
A04199,Associado 4199,49,F,SC,Joinville,Pessoa Jurídica,2024-01-06,Digital,1,1,0,0,1,0,56,8769.47,27374.0,8,14,13,6,4,0,Ativo,3,0.67,0.0
A04200,Associado 4200,44,F,PR,Curitiba,Pessoa Física,2024-01-08,Agência,1,1,1,0,0,0,41,14435.58,28252.98,6,11,9,11,3,0,Ativo,3,0.27,0.0
A04201,Associado 4201,54,F,SP,São Paulo,Pessoa Física,2021-04-12,Agência,1,0,0,0,0,0,11,3557.19,0.0,6,128,0,8,0,0,Inativo,1,0.0,0.0
A04202,Associado 4202,27,F,RS,Porto Alegre,Agro,2018-06-17,Digital,1,1,0,0,0,0,22,2196.44,0.0,7,99,11,5,0,0,Inativo,2,0.0,0.0
A04203,Associado 4203,43,M,RS,Porto Alegre,Pessoa Jurídica,2018-03-11,Campanha,0,1,0,0,0,0,32,0.0,0.0,5,20,16,5,3,0,Ativo,1,0.6,0.0
A04204,Associado 4204,34,F,RJ,Rio de Janeiro,Pessoa Jurídica,2023-02-04,Agência,1,1,0,0,0,0,32,7381.36,0.0,10,12,6,4,1,1,Ativo,2,0.25,1.0
A04205,Associado 4205,43,M,RS,Caxias do Sul,Pessoa Jurídica,2024-10-09,Digital,1,1,0,0,0,0,27,8907.87,14409.26,9,8,7,3,1,0,Ativo,2,0.33,0.0
A04206,Associado 4206,28,M,SC,Joinville,Pessoa Jurídica,2021-11-26,Indicação,1,1,0,0,1,0,2,14927.87,0.0,6,269,0,7,2,0,Churned,3,0.29,0.0
A04207,Associado 4207,48,M,PR,Curitiba,Pessoa Física,2023-06-02,Campanha,0,0,0,0,0,0,0,0.0,0.0,4,218,1,7,2,1,Churned,0,0.29,0.5
A04208,Associado 4208,36,M,SC,Florianópolis,Agro,2025-01-16,Campanha,1,1,0,1,0,1,46,11818.84,11779.12,10,15,11,6,3,1,Ativo,4,0.5,0.33
A04209,Associado 4209,38,M,RS,Caxias do Sul,Agro,2022-07-13,Digital,1,1,1,0,0,1,60,7007.79,0.0,9,48,19,8,5,1,Ativo,4,0.62,0.2
A04210,Associado 4210,44,F,RS,Porto Alegre,Pessoa Física,2024-03-09,Campanha,1,0,0,0,0,0,4,7733.91,0.0,7,250,0,12,4,0,Churned,1,0.33,0.0
A04211,Associado 4211,59,M,RS,Porto Alegre,Pessoa Física,2018-04-12,Agência,1,1,0,0,0,0,4,1622.65,8843.9,6,256,0,14,3,0,Churned,2,0.21,0.0
A04212,Associado 4212,57,F,PR,Curitiba,Agro,2022-12-18,Indicação,0,1,0,0,0,1,10,0.0,87592.02,10,5,4,6,2,0,Ativo,2,0.33,0.0
A04213,Associado 4213,36,M,SC,Joinville,Pessoa Física,2022-09-28,Digital,1,1,1,1,0,0,61,5978.95,22123.89,10,8,22,3,3,1,Ativo,4,1.0,0.33
A04214,Associado 4214,61,M,RS,Porto Alegre,Agro,2022-06-01,Agência,1,0,1,0,0,0,23,4655.73,0.0,7,10,10,5,1,0,Ativo,2,0.2,0.0
A04215,Associado 4215,29,F,PR,Londrina,Pessoa Física,2021-09-23,Digital,1,1,0,0,1,0,35,28793.7,1820.61,8,3,16,7,5,0,Ativo,3,0.71,0.0
A04216,Associado 4216,69,F,SP,São Paulo,Pessoa Física,2018-11-29,Agência,1,0,1,0,0,0,29,6081.02,7129.28,4,16,1,5,1,0,Ativo,2,0.2,0.0
A04217,Associado 4217,54,M,RS,Caxias do Sul,Pessoa Física,2024-03-02,Campanha,0,0,0,0,0,0,1,0.0,0.0,5,190,1,10,4,0,Churned,0,0.4,0.0
A04218,Associado 4218,25,M,SC,Joinville,Pessoa Física,2022-02-19,Digital,1,1,0,0,0,0,18,1957.05,0.0,6,8,10,11,7,0,Ativo,2,0.64,0.0
A04219,Associado 4219,25,M,PR,Curitiba,Pessoa Física,2018-08-17,Digital,1,1,1,0,0,0,16,898.74,9947.13,10,175,3,7,2,1,Inativo,3,0.29,0.5
A04220,Associado 4220,41,F,RS,Porto Alegre,Pessoa Física,2021-01-27,Agência,1,0,0,0,0,0,5,1247.16,40249.95,10,38,2,5,2,0,Inativo,1,0.4,0.0
A04221,Associado 4221,53,F,RS,Porto Alegre,Pessoa Jurídica,2023-05-12,Agência,1,1,1,0,1,0,62,15962.18,17342.35,8,3,7,8,2,0,Ativo,4,0.25,0.0
A04222,Associado 4222,54,M,PR,Curitiba,Agro,2023-05-14,Campanha,1,1,1,0,0,1,68,4715.9,0.0,7,19,14,6,4,1,Ativo,4,0.67,0.25
A04223,Associado 4223,54,F,MG,Belo Horizonte,Pessoa Física,2021-12-05,Indicação,1,1,0,0,0,0,28,1374.18,49040.45,9,9,8,3,2,0,Ativo,2,0.67,0.0
A04224,Associado 4224,37,F,SP,São Paulo,Pessoa Física,2020-08-11,Campanha,1,0,0,0,0,0,2,6686.08,9902.91,2,329,1,6,0,0,Churned,1,0.0,0.0
A04225,Associado 4225,35,F,PR,Curitiba,Pessoa Física,2022-10-20,Agência,1,1,0,0,1,0,30,673.62,17751.89,5,9,3,8,2,0,Ativo,3,0.25,0.0
A04226,Associado 4226,48,F,SP,São Paulo,Pessoa Física,2019-04-05,Agência,1,1,0,0,0,0,35,2926.58,25485.44,5,11,10,11,3,0,Ativo,2,0.27,0.0
A04227,Associado 4227,32,F,SC,Florianópolis,Pessoa Física,2021-05-02,Digital,1,1,0,0,0,0,35,2538.57,6968.03,6,5,18,7,5,1,Ativo,2,0.71,0.2
A04228,Associado 4228,33,F,PR,Curitiba,Pessoa Física,2025-02-15,Digital,1,1,0,0,0,0,27,1552.73,0.0,9,22,17,5,5,1,Ativo,2,1.0,0.2
A04229,Associado 4229,64,F,SC,Florianópolis,Pessoa Física,2020-06-08,Agência,1,1,0,0,0,0,20,5839.51,8811.93,8,25,4,9,2,2,Ativo,2,0.22,1.0
A04230,Associado 4230,46,M,RS,Porto Alegre,Pessoa Física,2025-05-07,Indicação,1,1,1,0,0,0,33,2379.13,24244.45,10,6,7,6,5,1,Ativo,3,0.83,0.2
A04231,Associado 4231,39,F,SP,São Paulo,Pessoa Física,2020-11-09,Digital,1,0,0,0,0,0,25,7617.52,0.0,8,3,16,6,3,0,Ativo,1,0.5,0.0
A04232,Associado 4232,54,F,PR,Londrina,Pessoa Jurídica,2020-07-19,Agência,1,0,0,0,0,0,27,20533.74,35092.07,8,2,1,3,2,0,Ativo,1,0.67,0.0
A04233,Associado 4233,36,M,SC,Joinville,Pessoa Física,2018-11-07,Digital,1,0,0,0,0,0,0,1152.09,12841.94,10,100,0,8,3,1,Churned,1,0.38,0.33
A04234,Associado 4234,32,F,MG,Belo Horizonte,Agro,2023-02-07,Digital,1,1,1,0,0,1,21,13900.67,10584.04,8,1,8,9,6,0,Ativo,4,0.67,0.0
A04235,Associado 4235,33,F,RS,Porto Alegre,Agro,2025-06-20,Indicação,1,0,1,0,0,1,23,10422.43,33253.9,8,5,4,7,1,0,Ativo,3,0.14,0.0
A04236,Associado 4236,39,F,RS,Caxias do Sul,Agro,2022-05-01,Digital,1,0,0,0,0,1,28,14461.49,26250.54,7,4,13,5,4,1,Ativo,2,0.8,0.25
A04237,Associado 4237,27,F,RS,Porto Alegre,Agro,2022-10-25,Digital,1,1,0,0,0,1,49,6061.59,0.0,8,3,15,6,4,2,Ativo,3,0.67,0.5
A04238,Associado 4238,43,M,SP,São Paulo,Pessoa Física,2023-10-28,Agência,1,0,1,0,0,1,1,1414.61,10021.08,9,251,1,9,1,0,Churned,3,0.11,0.0
A04239,Associado 4239,45,F,SP,São Paulo,Pessoa Física,2018-09-03,Campanha,1,1,0,0,0,0,27,2773.98,59019.93,7,31,3,6,1,0,Ativo,2,0.17,0.0
A04240,Associado 4240,53,M,RS,Porto Alegre,Pessoa Física,2019-04-17,Campanha,0,0,0,0,0,0,10,0.0,20289.91,8,9,3,1,0,0,Ativo,0,0.0,0.0
A04241,Associado 4241,58,F,PR,Curitiba,Pessoa Jurídica,2018-11-18,Indicação,1,0,0,0,1,0,33,16267.57,0.0,8,0,3,9,2,1,Ativo,2,0.22,0.5
A04242,Associado 4242,48,F,SC,Joinville,Agro,2018-05-21,Agência,1,1,0,0,0,0,31,42715.54,6818.4,8,6,5,3,1,0,Ativo,2,0.33,0.0
A04243,Associado 4243,38,F,SP,São Paulo,Agro,2024-06-18,Digital,1,0,1,0,0,1,57,2110.44,10886.42,10,31,21,4,2,0,Ativo,3,0.5,0.0
A04244,Associado 4244,41,F,SC,Joinville,Pessoa Física,2021-02-18,Digital,1,1,0,0,0,0,16,2703.66,6066.4,10,15,20,5,5,1,Ativo,2,1.0,0.2
A04245,Associado 4245,37,M,SC,Florianópolis,Pessoa Jurídica,2018-04-09,Campanha,1,1,1,0,1,0,118,10160.3,11516.63,8,1,9,9,5,2,Ativo,4,0.56,0.4
A04246,Associado 4246,60,M,MG,Belo Horizonte,Pessoa Física,2019-05-09,Campanha,1,1,0,0,0,0,27,1440.76,32220.48,8,8,7,3,2,0,Ativo,2,0.67,0.0
A04247,Associado 4247,46,M,RS,Porto Alegre,Pessoa Física,2021-03-13,Campanha,1,1,1,0,1,0,33,10990.38,6831.06,10,1,10,5,1,0,Ativo,4,0.2,0.0
A04248,Associado 4248,31,M,RS,Porto Alegre,Pessoa Jurídica,2023-11-28,Agência,1,1,1,1,1,0,116,7964.73,0.0,10,10,17,5,4,1,Ativo,5,0.8,0.25
A04249,Associado 4249,30,M,PR,Londrina,Pessoa Física,2019-04-29,Campanha,1,1,0,0,0,0,13,2263.41,3561.3,9,125,1,8,2,0,Inativo,2,0.25,0.0
A04250,Associado 4250,26,F,RJ,Rio de Janeiro,Agro,2023-12-18,Digital,1,1,1,1,1,1,56,3447.11,0.0,10,18,30,7,5,0,Ativo,6,0.71,0.0
A04251,Associado 4251,46,M,SC,Joinville,Pessoa Física,2021-11-24,Indicação,1,1,0,1,0,0,24,1371.77,1826.34,10,6,11,5,3,0,Ativo,3,0.6,0.0
A04252,Associado 4252,44,M,RS,Porto Alegre,Agro,2020-04-19,Digital,1,1,0,0,0,0,56,1523.36,83651.01,9,59,14,7,5,1,Ativo,2,0.71,0.2
A04253,Associado 4253,30,F,RS,Caxias do Sul,Pessoa Física,2019-05-21,Digital,1,0,0,0,0,0,4,3988.26,0.0,9,130,1,3,2,0,Inativo,1,0.67,0.0
A04254,Associado 4254,56,M,SC,Florianópolis,Pessoa Jurídica,2025-09-17,Digital,1,0,0,0,1,0,56,6245.78,1611.56,7,6,10,9,3,1,Ativo,2,0.33,0.33
A04255,Associado 4255,41,F,RS,Caxias do Sul,Pessoa Jurídica,2018-07-29,Agência,1,1,0,1,0,1,96,22690.58,0.0,9,10,11,5,4,1,Ativo,4,0.8,0.25
A04256,Associado 4256,41,M,PR,Curitiba,Agro,2022-11-17,Digital,1,1,0,0,0,0,18,1129.78,0.0,6,3,8,7,3,0,Ativo,2,0.43,0.0
A04257,Associado 4257,32,F,RJ,Rio de Janeiro,Pessoa Física,2018-12-27,Campanha,1,0,0,0,0,0,16,3688.01,0.0,8,4,3,3,0,0,Ativo,1,0.0,0.0
A04258,Associado 4258,41,M,SC,Florianópolis,Agro,2018-06-03,Agência,1,1,1,1,0,1,90,4228.65,38233.4,10,5,21,10,9,0,Ativo,5,0.9,0.0
A04259,Associado 4259,52,F,SC,Joinville,Pessoa Física,2019-06-17,Agência,1,1,0,0,0,0,35,1484.21,30695.92,8,0,7,4,1,0,Ativo,2,0.25,0.0
A04260,Associado 4260,51,M,SC,Florianópolis,Pessoa Física,2022-04-20,Agência,1,0,0,0,0,0,22,13776.43,4003.64,3,70,11,7,5,3,Ativo,1,0.71,0.6
A04261,Associado 4261,38,M,RS,Caxias do Sul,Pessoa Física,2023-07-05,Digital,1,1,1,1,0,0,42,727.37,9298.55,10,2,14,2,1,0,Ativo,4,0.5,0.0
A04262,Associado 4262,54,F,MG,Belo Horizonte,Pessoa Jurídica,2024-06-15,Campanha,1,1,1,0,1,0,17,9660.84,12332.91,9,180,5,4,2,1,Inativo,4,0.5,0.5
A04263,Associado 4263,52,F,SC,Joinville,Pessoa Física,2024-11-26,Agência,1,1,0,0,0,0,19,3807.72,4021.41,8,17,8,7,4,0,Ativo,2,0.57,0.0
A04264,Associado 4264,40,F,SC,Florianópolis,Pessoa Jurídica,2025-08-15,Agência,1,1,0,0,0,0,25,10807.26,8285.49,7,5,2,7,2,0,Ativo,2,0.29,0.0
A04265,Associado 4265,62,M,PR,Curitiba,Pessoa Jurídica,2025-05-07,Campanha,0,0,0,0,1,0,1,0.0,152728.13,2,244,0,4,1,0,Churned,1,0.25,0.0
A04266,Associado 4266,48,F,SC,Joinville,Pessoa Física,2022-11-11,Campanha,1,0,0,0,0,0,1,2417.54,26905.92,4,149,0,7,1,0,Churned,1,0.14,0.0
A04267,Associado 4267,41,M,PR,Curitiba,Agro,2023-05-24,Agência,1,1,0,0,0,1,22,2873.76,28333.75,10,10,5,9,0,0,Ativo,3,0.0,0.0
A04268,Associado 4268,56,F,RS,Caxias do Sul,Pessoa Física,2020-05-25,Indicação,1,0,0,0,0,0,3,1007.34,27620.78,8,279,1,8,3,0,Churned,1,0.38,0.0
A04269,Associado 4269,45,M,SP,São Paulo,Agro,2024-06-05,Indicação,1,0,0,0,0,1,10,978.98,3130.88,7,114,1,5,0,0,Inativo,2,0.0,0.0
A04270,Associado 4270,49,F,MG,Belo Horizonte,Pessoa Física,2018-12-07,Indicação,0,0,1,0,0,0,0,0.0,20395.4,3,282,4,7,2,0,Churned,1,0.29,0.0
A04271,Associado 4271,34,F,PR,Curitiba,Pessoa Física,2019-09-27,Digital,1,1,1,0,1,0,44,2137.2,0.0,10,26,28,9,9,1,Ativo,4,1.0,0.11
A04272,Associado 4272,44,M,RJ,Rio de Janeiro,Pessoa Física,2025-02-14,Campanha,1,0,0,0,0,0,23,1952.46,8540.27,9,12,3,1,0,0,Ativo,1,0.0,0.0
A04273,Associado 4273,51,F,RS,Caxias do Sul,Pessoa Física,2021-04-07,Agência,1,0,0,0,0,0,18,2765.61,5873.95,8,26,1,6,0,0,Ativo,1,0.0,0.0
A04274,Associado 4274,36,F,SC,Joinville,Pessoa Física,2019-02-24,Agência,1,1,1,0,0,0,32,2237.63,7621.78,7,10,12,6,3,1,Ativo,3,0.5,0.33
A04275,Associado 4275,34,F,PR,Curitiba,Pessoa Física,2020-01-07,Digital,1,1,1,0,1,0,97,2929.23,8159.77,10,9,53,6,6,2,Ativo,4,1.0,0.33
A04276,Associado 4276,34,M,PR,Curitiba,Pessoa Física,2024-09-02,Digital,1,0,0,0,0,0,5,6476.73,0.0,7,134,6,6,2,0,Inativo,1,0.33,0.0
A04277,Associado 4277,30,M,SC,Florianópolis,Pessoa Física,2021-04-23,Campanha,1,1,0,0,1,0,13,551.28,2785.85,10,138,1,4,0,0,Inativo,3,0.0,0.0
A04278,Associado 4278,22,F,RS,Porto Alegre,Pessoa Física,2021-09-08,Digital,1,1,1,0,1,0,42,12597.96,0.0,10,5,29,4,4,2,Ativo,4,1.0,0.5
A04279,Associado 4279,31,F,RS,Caxias do Sul,Pessoa Jurídica,2023-08-21,Agência,1,1,0,0,0,0,25,10511.91,0.0,10,6,4,5,2,1,Ativo,2,0.4,0.5
A04280,Associado 4280,21,M,SC,Joinville,Pessoa Física,2022-09-05,Digital,1,1,0,0,0,0,63,6434.98,18926.34,10,27,29,9,7,0,Ativo,2,0.78,0.0
A04281,Associado 4281,25,M,RS,Caxias do Sul,Agro,2019-08-31,Digital,1,0,0,0,0,0,17,12735.52,0.0,8,45,5,9,1,0,Ativo,1,0.11,0.0
A04282,Associado 4282,67,F,SP,São Paulo,Pessoa Jurídica,2024-05-14,Campanha,1,1,0,0,0,0,42,23370.61,62844.16,7,13,2,4,2,0,Ativo,2,0.5,0.0
A04283,Associado 4283,32,M,RS,Caxias do Sul,Pessoa Jurídica,2021-03-08,Digital,1,0,1,0,0,0,13,68366.36,0.0,8,92,4,9,2,0,Inativo,2,0.22,0.0
A04284,Associado 4284,30,F,RS,Porto Alegre,Pessoa Jurídica,2023-04-08,Digital,1,0,0,0,0,0,3,11840.11,0.0,7,256,1,9,2,2,Churned,1,0.22,1.0
A04285,Associado 4285,29,F,PR,Curitiba,Pessoa Física,2018-08-19,Indicação,1,0,0,0,0,0,19,10542.33,0.0,8,4,5,5,4,0,Ativo,1,0.8,0.0
A04286,Associado 4286,43,M,PR,Curitiba,Pessoa Jurídica,2022-01-14,Indicação,1,1,1,1,1,0,49,8754.05,24635.12,10,6,13,5,3,1,Ativo,5,0.6,0.33
A04287,Associado 4287,44,M,MG,Belo Horizonte,Pessoa Física,2023-07-31,Digital,1,1,1,0,0,0,9,2368.63,11353.55,10,129,8,9,4,0,Inativo,3,0.44,0.0
A04288,Associado 4288,40,M,PR,Londrina,Agro,2023-12-26,Agência,1,1,0,0,0,1,41,3809.66,7968.55,7,15,9,4,1,0,Ativo,3,0.25,0.0
A04289,Associado 4289,68,M,RS,Porto Alegre,Pessoa Jurídica,2020-09-23,Campanha,1,0,0,0,0,0,3,22974.16,61348.98,7,261,0,10,2,0,Churned,1,0.2,0.0
A04290,Associado 4290,32,M,SP,São Paulo,Pessoa Física,2025-01-22,Indicação,1,1,0,0,0,0,42,2037.22,7128.05,6,11,10,5,3,0,Ativo,2,0.6,0.0
A04291,Associado 4291,45,M,SC,Florianópolis,Pessoa Jurídica,2021-03-25,Indicação,1,0,0,0,1,0,55,4651.79,10090.05,9,4,10,7,7,3,Ativo,2,1.0,0.43
A04292,Associado 4292,50,M,RS,Caxias do Sul,Pessoa Física,2019-08-30,Campanha,1,0,0,0,1,0,13,11414.16,25061.07,10,8,2,6,2,0,Ativo,2,0.33,0.0
A04293,Associado 4293,34,M,PR,Curitiba,Pessoa Física,2023-04-05,Indicação,0,0,0,0,0,0,4,0.0,0.0,8,261,0,9,1,0,Churned,0,0.11,0.0
A04294,Associado 4294,52,F,MG,Belo Horizonte,Pessoa Física,2021-07-08,Indicação,1,1,1,1,1,0,43,3652.77,132466.71,10,43,7,3,3,1,Ativo,5,1.0,0.33
A04295,Associado 4295,41,F,SC,Joinville,Pessoa Jurídica,2021-08-25,Campanha,1,1,0,0,0,0,3,7690.29,22453.24,5,240,0,4,0,0,Churned,2,0.0,0.0
A04296,Associado 4296,50,M,RS,Caxias do Sul,Pessoa Jurídica,2023-10-30,Agência,1,1,0,0,0,0,62,11545.98,0.0,7,2,10,8,4,1,Ativo,2,0.5,0.25
A04297,Associado 4297,50,F,RS,Caxias do Sul,Pessoa Jurídica,2025-07-07,Digital,1,1,0,1,1,0,56,9341.01,824.86,9,6,19,5,5,2,Ativo,4,1.0,0.4
A04298,Associado 4298,31,F,RS,Porto Alegre,Pessoa Física,2024-03-10,Digital,1,1,0,1,0,0,42,4842.78,0.0,10,0,15,5,3,0,Ativo,3,0.6,0.0
A04299,Associado 4299,30,F,SC,Florianópolis,Pessoa Física,2023-07-18,Digital,1,0,0,0,0,0,21,5670.9,5556.23,5,61,11,9,2,0,Ativo,1,0.22,0.0
A04300,Associado 4300,71,F,PR,Curitiba,Pessoa Jurídica,2021-10-14,Indicação,1,0,0,0,0,0,12,9583.98,0.0,7,115,2,7,0,0,Inativo,1,0.0,0.0
A04301,Associado 4301,44,F,RS,Porto Alegre,Pessoa Física,2022-08-30,Indicação,1,1,1,0,0,0,21,1271.01,0.0,8,21,6,5,1,0,Ativo,3,0.2,0.0
A04302,Associado 4302,35,M,MG,Belo Horizonte,Pessoa Jurídica,2018-07-25,Indicação,1,1,0,0,0,0,37,94632.4,3922.24,5,7,4,5,2,1,Ativo,2,0.4,0.5
A04303,Associado 4303,64,M,SP,São Paulo,Pessoa Física,2021-07-08,Campanha,1,1,0,0,1,0,16,10890.4,0.0,6,9,7,6,3,0,Ativo,3,0.5,0.0
A04304,Associado 4304,69,M,PR,Curitiba,Pessoa Física,2022-12-15,Agência,1,0,0,0,1,0,2,440.8,15416.4,6,140,1,7,2,1,Churned,2,0.29,0.5
A04305,Associado 4305,44,M,SP,São Paulo,Pessoa Física,2020-06-18,Indicação,0,0,0,0,1,0,1,0.0,12328.04,7,267,0,9,3,0,Churned,1,0.33,0.0
A04306,Associado 4306,47,M,RS,Porto Alegre,Pessoa Jurídica,2020-01-18,Digital,1,0,0,0,0,0,12,7338.94,12507.71,8,104,6,5,1,0,Inativo,1,0.2,0.0
A04307,Associado 4307,53,M,SC,Florianópolis,Pessoa Física,2020-05-26,Digital,1,0,0,0,1,0,20,3660.16,0.0,8,9,6,3,1,0,Ativo,2,0.33,0.0
A04308,Associado 4308,26,F,PR,Curitiba,Pessoa Física,2025-03-14,Agência,1,1,0,0,0,0,27,5836.09,29794.86,10,28,9,11,5,0,Ativo,2,0.45,0.0
A04309,Associado 4309,43,M,SP,São Paulo,Pessoa Física,2024-09-08,Campanha,1,0,0,1,1,0,27,10315.24,4699.94,7,15,3,9,2,0,Ativo,3,0.22,0.0
A04310,Associado 4310,42,F,SP,São Paulo,Pessoa Física,2022-10-15,Digital,1,0,0,0,0,0,20,750.91,0.0,5,0,10,6,2,0,Ativo,1,0.33,0.0
A04311,Associado 4311,44,M,RS,Caxias do Sul,Pessoa Física,2018-12-03,Indicação,1,1,1,0,0,1,54,7098.42,2321.01,8,0,13,9,7,2,Ativo,4,0.78,0.29
A04312,Associado 4312,42,F,MG,Belo Horizonte,Pessoa Física,2022-10-28,Digital,1,1,0,0,1,0,50,2570.61,1064.19,7,13,28,2,2,0,Ativo,3,1.0,0.0
A04313,Associado 4313,52,F,RS,Porto Alegre,Pessoa Jurídica,2020-02-20,Agência,1,0,0,0,0,0,39,37883.13,12149.42,9,7,5,4,2,1,Ativo,1,0.5,0.5
A04314,Associado 4314,38,M,MG,Belo Horizonte,Pessoa Física,2018-10-06,Digital,0,1,0,0,0,0,2,0.0,0.0,7,51,2,5,0,0,Inativo,1,0.0,0.0
A04315,Associado 4315,40,M,RJ,Rio de Janeiro,Pessoa Jurídica,2024-04-15,Digital,1,1,0,0,0,0,40,15511.47,6589.08,7,34,9,3,0,0,Ativo,2,0.0,0.0
A04316,Associado 4316,31,M,RS,Porto Alegre,Pessoa Jurídica,2020-04-12,Campanha,1,1,1,1,0,0,56,8251.5,2482.51,8,7,14,6,3,0,Ativo,4,0.5,0.0
A04317,Associado 4317,34,M,SP,São Paulo,Pessoa Física,2022-09-28,Agência,1,0,0,0,0,0,5,13132.33,10015.37,5,109,0,5,2,0,Inativo,1,0.4,0.0
A04318,Associado 4318,55,F,RS,Caxias do Sul,Pessoa Física,2020-11-19,Campanha,1,1,0,0,1,0,29,1658.72,12842.26,7,16,4,7,4,2,Ativo,3,0.57,0.5
A04319,Associado 4319,47,M,SC,Florianópolis,Agro,2023-01-13,Campanha,1,1,0,0,0,1,48,6594.9,0.0,8,1,7,7,3,1,Ativo,3,0.43,0.33
A04320,Associado 4320,37,M,SC,Florianópolis,Pessoa Física,2020-07-27,Campanha,1,1,0,0,0,0,19,6702.55,35456.44,7,11,3,12,6,3,Ativo,2,0.5,0.5
A04321,Associado 4321,32,F,PR,Curitiba,Pessoa Física,2021-02-28,Digital,1,0,0,0,0,0,17,2523.52,1499.81,8,5,3,7,2,1,Ativo,1,0.29,0.5
A04322,Associado 4322,39,F,MG,Belo Horizonte,Pessoa Física,2019-06-08,Campanha,1,0,0,0,0,1,6,6380.95,0.0,8,59,2,5,1,0,Inativo,2,0.2,0.0
A04323,Associado 4323,20,M,PR,Londrina,Pessoa Jurídica,2019-04-05,Digital,1,0,0,0,0,0,44,1345.38,0.0,9,17,17,5,3,0,Ativo,1,0.6,0.0
A04324,Associado 4324,60,M,SC,Joinville,Pessoa Física,2024-09-08,Agência,1,1,0,0,0,0,6,1927.13,0.0,8,62,1,7,2,0,Inativo,2,0.29,0.0
A04325,Associado 4325,55,F,SP,São Paulo,Agro,2024-09-26,Agência,1,1,1,0,0,0,24,10293.67,27419.25,9,4,6,5,2,0,Ativo,3,0.4,0.0
A04326,Associado 4326,46,M,RJ,Rio de Janeiro,Agro,2023-12-05,Campanha,1,1,1,1,1,0,52,3118.62,46359.78,10,42,9,12,5,1,Ativo,5,0.42,0.2
A04327,Associado 4327,48,F,RS,Porto Alegre,Pessoa Física,2021-03-18,Agência,0,0,0,0,0,1,1,0.0,0.0,9,125,3,3,1,0,Inativo,1,0.33,0.0
A04328,Associado 4328,28,F,RJ,Rio de Janeiro,Pessoa Física,2023-11-27,Digital,0,0,1,0,0,0,4,0.0,0.0,7,9,6,6,2,1,Ativo,1,0.33,0.5
A04329,Associado 4329,52,M,RS,Caxias do Sul,Pessoa Física,2024-04-02,Agência,0,1,0,1,0,0,1,0.0,0.0,4,226,0,8,1,0,Churned,2,0.12,0.0
A04330,Associado 4330,36,F,SP,São Paulo,Pessoa Física,2023-07-19,Agência,1,1,0,0,0,0,29,3811.93,0.0,9,1,5,8,3,0,Ativo,2,0.38,0.0
A04331,Associado 4331,56,M,RS,Porto Alegre,Pessoa Física,2021-12-21,Agência,1,1,0,1,1,0,34,1377.02,84879.97,10,6,15,8,6,0,Ativo,4,0.75,0.0
A04332,Associado 4332,50,M,RS,Caxias do Sul,Pessoa Física,2020-10-06,Campanha,1,1,1,0,0,0,7,6276.24,9961.9,8,135,2,6,3,0,Inativo,3,0.5,0.0
A04333,Associado 4333,26,M,SC,Florianópolis,Pessoa Física,2022-03-21,Digital,1,1,0,0,1,0,42,1293.94,438.27,10,15,14,5,2,0,Ativo,3,0.4,0.0
A04334,Associado 4334,40,F,PR,Londrina,Pessoa Física,2021-04-18,Campanha,1,0,0,0,0,0,10,7875.54,0.0,10,57,2,3,1,0,Inativo,1,0.33,0.0
A04335,Associado 4335,56,M,SC,Florianópolis,Pessoa Física,2023-02-16,Indicação,0,0,1,0,0,0,1,0.0,39196.78,7,186,0,2,0,0,Churned,1,0.0,0.0
A04336,Associado 4336,44,M,RS,Porto Alegre,Agro,2019-01-31,Campanha,1,1,0,0,0,1,39,9981.79,12540.67,10,0,7,11,6,3,Ativo,3,0.55,0.5
A04337,Associado 4337,29,F,PR,Curitiba,Pessoa Física,2023-08-11,Digital,1,1,0,0,0,0,33,1177.4,0.0,9,14,12,5,2,0,Ativo,2,0.4,0.0
A04338,Associado 4338,34,M,MG,Belo Horizonte,Agro,2023-08-18,Digital,1,1,0,0,0,1,33,877.8,41780.91,10,3,5,8,4,0,Ativo,3,0.5,0.0
A04339,Associado 4339,37,M,SC,Florianópolis,Pessoa Física,2024-01-01,Digital,1,1,0,0,1,0,37,1560.93,0.0,9,2,18,6,5,2,Ativo,3,0.83,0.4
A04340,Associado 4340,51,M,RS,Caxias do Sul,Pessoa Física,2022-08-06,Digital,1,1,0,0,1,0,5,1070.84,0.0,7,169,6,4,2,1,Inativo,3,0.5,0.5
A04341,Associado 4341,42,F,SC,Florianópolis,Pessoa Física,2024-05-11,Indicação,1,1,1,0,0,0,30,1104.73,0.0,10,19,8,8,1,0,Ativo,3,0.12,0.0
A04342,Associado 4342,35,F,RS,Caxias do Sul,Pessoa Física,2018-10-14,Digital,1,1,0,0,0,0,44,2797.01,19206.16,8,1,20,9,8,0,Ativo,2,0.89,0.0
A04343,Associado 4343,44,M,SP,São Paulo,Pessoa Física,2024-12-12,Indicação,1,1,1,0,1,0,48,10855.74,12307.44,10,3,13,7,2,1,Ativo,4,0.29,0.5
A04344,Associado 4344,49,M,SP,São Paulo,Agro,2022-07-24,Indicação,1,0,0,0,0,1,25,31352.11,0.0,7,19,4,7,2,0,Ativo,2,0.29,0.0
A04345,Associado 4345,59,M,PR,Curitiba,Agro,2019-09-25,Agência,1,1,0,0,0,1,18,1422.41,0.0,7,188,2,6,4,0,Inativo,3,0.67,0.0
A04346,Associado 4346,57,F,SC,Joinville,Pessoa Física,2022-05-14,Indicação,0,1,0,0,1,0,13,0.0,41694.09,8,20,5,6,3,0,Ativo,2,0.5,0.0
A04347,Associado 4347,41,M,SP,São Paulo,Pessoa Física,2019-12-30,Agência,1,1,0,0,1,0,18,12559.11,0.0,10,1,5,2,1,1,Ativo,3,0.5,1.0
A04348,Associado 4348,30,M,PR,Curitiba,Pessoa Física,2018-01-31,Digital,1,0,0,0,0,0,23,2163.08,0.0,7,1,13,13,8,1,Ativo,1,0.62,0.12
A04349,Associado 4349,57,M,SP,São Paulo,Pessoa Física,2018-09-01,Indicação,0,0,0,0,0,0,1,0.0,8080.31,9,263,0,10,4,2,Churned,0,0.4,0.5
A04350,Associado 4350,57,F,PR,Londrina,Pessoa Física,2018-05-20,Campanha,1,0,0,0,1,0,35,7320.83,15691.69,9,7,9,9,5,0,Ativo,2,0.56,0.0
A04351,Associado 4351,45,F,SP,São Paulo,Pessoa Física,2024-09-14,Agência,1,1,0,0,0,0,42,878.62,6199.38,5,24,10,6,3,2,Ativo,2,0.5,0.67
A04352,Associado 4352,45,F,PR,Curitiba,Pessoa Física,2019-12-26,Agência,1,1,0,0,0,0,8,1374.65,0.0,5,147,0,3,0,0,Inativo,2,0.0,0.0
A04353,Associado 4353,49,F,SC,Joinville,Pessoa Física,2022-04-14,Agência,1,0,1,0,0,0,3,2066.81,12933.87,10,252,0,8,2,1,Churned,2,0.25,0.5
A04354,Associado 4354,50,F,RJ,Rio de Janeiro,Pessoa Física,2018-06-13,Digital,1,0,1,1,0,0,44,8158.99,14029.83,10,0,16,7,4,0,Ativo,3,0.57,0.0
A04355,Associado 4355,59,M,SC,Florianópolis,Pessoa Física,2018-04-14,Indicação,1,1,0,1,0,0,36,6406.09,11286.38,10,0,9,4,2,1,Ativo,3,0.5,0.5
A04356,Associado 4356,54,M,PR,Curitiba,Pessoa Física,2018-03-04,Indicação,1,1,0,0,1,0,22,1595.33,2830.03,9,17,9,4,2,0,Ativo,3,0.5,0.0
A04357,Associado 4357,33,M,RS,Porto Alegre,Agro,2023-08-25,Indicação,1,1,0,0,0,0,8,17067.94,34756.39,6,97,5,6,1,0,Inativo,2,0.17,0.0
A04358,Associado 4358,43,M,PR,Curitiba,Pessoa Física,2024-02-05,Campanha,1,1,0,0,0,0,25,6949.74,0.0,9,7,9,7,5,1,Ativo,2,0.71,0.2
A04359,Associado 4359,36,F,PR,Londrina,Agro,2022-03-27,Digital,1,0,0,0,0,1,16,8046.25,0.0,5,9,7,7,4,1,Ativo,2,0.57,0.25
A04360,Associado 4360,63,F,RS,Porto Alegre,Pessoa Jurídica,2024-10-24,Agência,1,1,1,0,1,0,80,26741.26,3173.47,10,8,15,7,5,0,Ativo,4,0.71,0.0
A04361,Associado 4361,43,M,RS,Porto Alegre,Agro,2025-01-16,Agência,1,1,0,0,1,0,30,15494.87,4472.96,10,16,5,9,3,1,Ativo,3,0.33,0.33
A04362,Associado 4362,61,F,PR,Curitiba,Pessoa Jurídica,2019-12-28,Campanha,1,1,1,0,1,0,44,8213.39,32591.73,10,4,3,8,4,0,Ativo,4,0.5,0.0
A04363,Associado 4363,39,M,SP,São Paulo,Pessoa Jurídica,2024-06-16,Indicação,1,1,1,0,1,0,63,6613.03,9586.56,10,15,15,8,4,2,Ativo,4,0.5,0.5
A04364,Associado 4364,40,F,SC,Joinville,Agro,2020-01-08,Indicação,1,0,0,0,0,1,35,9366.37,0.0,8,14,7,4,3,0,Ativo,2,0.75,0.0
A04365,Associado 4365,37,M,RS,Caxias do Sul,Pessoa Física,2022-11-26,Digital,1,1,1,0,0,0,54,5256.01,7086.87,10,5,16,3,2,1,Ativo,3,0.67,0.5
A04366,Associado 4366,33,M,PR,Curitiba,Pessoa Física,2023-06-27,Digital,1,0,0,0,0,0,14,7502.15,1095.4,8,23,6,3,1,1,Ativo,1,0.33,1.0
A04367,Associado 4367,43,M,RS,Caxias do Sul,Agro,2018-05-10,Campanha,1,1,1,1,0,1,58,18578.28,0.0,10,19,10,6,2,0,Ativo,5,0.33,0.0
A04368,Associado 4368,52,F,SC,Joinville,Pessoa Jurídica,2023-05-30,Agência,1,1,1,0,1,0,20,27664.55,45315.39,7,126,0,7,1,0,Inativo,4,0.14,0.0
A04369,Associado 4369,27,M,RS,Porto Alegre,Agro,2021-07-10,Indicação,1,0,0,0,0,1,21,10931.68,0.0,8,7,2,6,2,1,Ativo,2,0.33,0.5
A04370,Associado 4370,44,M,RS,Caxias do Sul,Pessoa Jurídica,2021-04-09,Digital,1,0,0,0,0,0,32,3459.36,0.0,4,9,7,5,2,0,Ativo,1,0.4,0.0
A04371,Associado 4371,28,F,RS,Porto Alegre,Agro,2020-07-15,Agência,1,1,0,1,0,0,38,3758.52,0.0,10,10,5,5,2,0,Ativo,3,0.4,0.0
A04372,Associado 4372,36,M,SC,Florianópolis,Pessoa Jurídica,2023-06-04,Indicação,1,1,1,1,1,0,68,10543.3,5242.09,10,13,6,8,2,1,Ativo,5,0.25,0.5
A04373,Associado 4373,47,F,RS,Caxias do Sul,Pessoa Jurídica,2021-11-30,Digital,1,1,1,1,0,0,63,8227.11,28539.38,8,14,20,6,6,3,Ativo,4,1.0,0.5
A04374,Associado 4374,32,F,SC,Joinville,Pessoa Física,2022-09-22,Indicação,1,0,0,0,0,0,5,6810.37,0.0,7,143,1,8,2,1,Inativo,1,0.25,0.5
A04375,Associado 4375,41,F,SC,Joinville,Agro,2022-12-25,Indicação,0,0,1,0,1,1,19,0.0,37894.24,10,2,6,4,1,0,Ativo,3,0.25,0.0
A04376,Associado 4376,32,M,SC,Joinville,Pessoa Jurídica,2020-10-08,Digital,1,1,0,0,0,0,30,23956.98,3572.41,9,4,10,1,1,0,Ativo,2,1.0,0.0
A04377,Associado 4377,28,F,SC,Joinville,Pessoa Jurídica,2019-03-25,Indicação,1,0,0,0,0,0,36,3815.58,0.0,9,0,7,4,0,0,Ativo,1,0.0,0.0
A04378,Associado 4378,39,F,SP,São Paulo,Pessoa Jurídica,2024-01-17,Digital,1,1,1,1,0,0,62,6208.5,28695.63,7,2,12,5,1,1,Ativo,4,0.2,1.0
A04379,Associado 4379,33,F,RS,Caxias do Sul,Pessoa Física,2019-11-19,Agência,0,0,0,0,0,0,6,0.0,0.0,5,60,3,5,0,0,Inativo,0,0.0,0.0
A04380,Associado 4380,52,M,SC,Florianópolis,Pessoa Física,2022-10-23,Indicação,1,1,0,0,0,0,32,1153.0,11570.56,7,2,4,10,4,1,Ativo,2,0.4,0.25
A04381,Associado 4381,30,F,RS,Porto Alegre,Agro,2024-12-12,Digital,1,0,0,0,0,1,9,4152.83,0.0,7,118,7,3,1,0,Inativo,2,0.33,0.0
A04382,Associado 4382,42,M,RS,Porto Alegre,Pessoa Física,2024-05-16,Agência,1,1,0,0,0,0,36,1290.6,7560.61,7,17,6,6,4,0,Ativo,2,0.67,0.0
A04383,Associado 4383,39,F,PR,Londrina,Pessoa Física,2023-10-30,Campanha,1,0,0,0,0,0,3,1202.52,0.0,10,301,0,4,1,0,Churned,1,0.25,0.0
A04384,Associado 4384,43,F,PR,Curitiba,Pessoa Física,2024-01-27,Digital,1,1,0,0,0,0,36,7819.78,0.0,6,2,16,4,1,0,Ativo,2,0.25,0.0
A04385,Associado 4385,33,M,MG,Belo Horizonte,Pessoa Jurídica,2024-08-24,Campanha,1,1,1,0,0,0,83,7582.63,0.0,10,32,15,10,8,2,Ativo,3,0.8,0.25
A04386,Associado 4386,31,M,PR,Londrina,Pessoa Jurídica,2020-05-09,Campanha,1,1,0,0,0,0,59,12020.17,0.0,10,4,4,6,2,1,Ativo,2,0.33,0.5
A04387,Associado 4387,47,M,RJ,Rio de Janeiro,Pessoa Jurídica,2023-11-29,Digital,1,1,0,0,1,0,46,9462.18,0.0,9,9,9,5,2,0,Ativo,3,0.4,0.0
A04388,Associado 4388,44,F,RS,Porto Alegre,Pessoa Jurídica,2018-06-13,Digital,1,0,0,0,0,0,20,7854.79,0.0,7,0,3,3,1,0,Ativo,1,0.33,0.0
A04389,Associado 4389,31,F,RS,Porto Alegre,Pessoa Física,2019-02-19,Digital,1,1,1,0,0,0,9,3013.35,1402.65,7,159,5,3,3,0,Inativo,3,1.0,0.0
A04390,Associado 4390,41,M,RS,Porto Alegre,Pessoa Física,2025-05-11,Digital,1,0,1,0,0,0,3,2671.48,15611.21,6,178,3,6,1,0,Churned,2,0.17,0.0
A04391,Associado 4391,44,M,RS,Porto Alegre,Pessoa Física,2018-06-04,Campanha,1,1,0,0,1,0,15,517.12,5965.42,8,62,5,7,3,1,Ativo,3,0.43,0.33
A04392,Associado 4392,39,M,SC,Joinville,Pessoa Jurídica,2024-02-20,Indicação,1,1,0,0,0,0,3,49735.91,6468.33,5,148,0,4,1,1,Churned,2,0.25,1.0
A04393,Associado 4393,27,M,PR,Curitiba,Pessoa Física,2022-02-08,Agência,1,1,1,0,0,0,56,1966.34,0.0,9,5,18,5,4,2,Ativo,3,0.8,0.5
A04394,Associado 4394,28,M,RS,Porto Alegre,Pessoa Jurídica,2025-06-25,Digital,1,0,1,0,0,0,30,33762.22,0.0,10,5,14,7,5,2,Ativo,2,0.71,0.4
A04395,Associado 4395,45,F,MG,Belo Horizonte,Pessoa Física,2023-01-10,Campanha,1,1,1,0,1,0,42,1596.26,8046.63,10,20,13,5,4,2,Ativo,4,0.8,0.5
A04396,Associado 4396,23,F,SP,São Paulo,Pessoa Física,2023-08-31,Digital,1,1,0,1,0,0,27,1150.77,2869.72,7,18,18,7,3,0,Ativo,3,0.43,0.0
A04397,Associado 4397,46,M,RS,Porto Alegre,Agro,2020-10-19,Indicação,0,1,0,0,0,1,14,0.0,18243.62,8,21,3,4,0,0,Ativo,2,0.0,0.0
A04398,Associado 4398,42,M,RS,Porto Alegre,Pessoa Física,2023-11-27,Indicação,1,1,1,0,1,0,25,3306.9,8191.81,10,114,8,11,3,1,Inativo,4,0.27,0.33
A04399,Associado 4399,30,F,RS,Porto Alegre,Pessoa Jurídica,2019-02-03,Digital,1,1,1,0,0,0,63,18980.76,0.0,9,5,20,8,5,2,Ativo,3,0.62,0.4
A04400,Associado 4400,40,M,RS,Porto Alegre,Pessoa Física,2018-05-09,Digital,1,1,1,0,0,0,33,3319.19,0.0,10,2,15,8,1,0,Ativo,3,0.12,0.0
A04401,Associado 4401,58,M,RS,Caxias do Sul,Pessoa Física,2022-03-13,Indicação,1,0,0,0,0,0,1,2152.42,0.0,4,284,1,8,2,0,Churned,1,0.25,0.0
A04402,Associado 4402,31,M,SC,Joinville,Pessoa Física,2024-05-16,Digital,1,1,0,0,0,0,14,1909.44,4434.36,8,69,3,9,0,0,Inativo,2,0.0,0.0
A04403,Associado 4403,32,M,RS,Caxias do Sul,Pessoa Física,2024-10-10,Digital,1,0,0,0,0,0,24,2654.08,0.0,9,12,14,3,2,1,Ativo,1,0.67,0.5
A04404,Associado 4404,44,F,SC,Florianópolis,Pessoa Jurídica,2020-11-16,Indicação,1,1,0,1,1,0,49,66097.85,34539.98,10,65,8,6,2,0,Ativo,4,0.33,0.0
A04405,Associado 4405,52,M,RJ,Rio de Janeiro,Pessoa Física,2018-12-10,Indicação,1,0,0,1,0,0,20,974.36,0.0,6,59,8,7,5,0,Ativo,2,0.71,0.0
A04406,Associado 4406,64,F,PR,Londrina,Pessoa Física,2021-11-25,Agência,0,0,0,0,0,0,3,0.0,0.0,5,198,0,5,0,0,Churned,0,0.0,0.0
A04407,Associado 4407,40,F,MG,Belo Horizonte,Pessoa Física,2019-08-27,Agência,0,0,0,0,0,0,1,0.0,10107.93,8,161,1,9,4,1,Churned,0,0.44,0.25
A04408,Associado 4408,54,F,RS,Porto Alegre,Pessoa Jurídica,2021-08-11,Agência,1,1,1,0,1,0,73,7518.65,48277.16,10,0,7,3,1,0,Ativo,4,0.33,0.0
A04409,Associado 4409,26,F,SC,Joinville,Pessoa Jurídica,2022-05-10,Digital,1,1,1,1,1,0,75,7294.39,11157.26,10,4,27,6,6,2,Ativo,5,1.0,0.33
A04410,Associado 4410,23,M,PR,Londrina,Pessoa Física,2024-02-22,Digital,1,0,0,0,0,0,16,2506.46,527.53,5,9,7,8,1,0,Ativo,1,0.12,0.0
A04411,Associado 4411,41,F,RS,Porto Alegre,Pessoa Física,2020-01-03,Digital,0,0,0,0,0,0,3,0.0,0.0,1,124,4,7,2,0,Inativo,0,0.29,0.0
A04412,Associado 4412,31,M,RS,Caxias do Sul,Pessoa Jurídica,2023-01-11,Agência,1,1,0,0,0,0,26,4630.31,0.0,10,5,3,6,4,1,Ativo,2,0.67,0.25
A04413,Associado 4413,31,M,PR,Curitiba,Pessoa Jurídica,2018-06-05,Digital,1,1,1,0,0,0,85,12600.97,0.0,7,5,13,3,2,0,Ativo,3,0.67,0.0
A04414,Associado 4414,34,F,PR,Londrina,Pessoa Física,2024-10-23,Digital,1,0,0,0,0,0,13,2845.46,42423.34,5,6,8,8,3,0,Ativo,1,0.38,0.0
A04415,Associado 4415,25,M,SC,Florianópolis,Pessoa Jurídica,2023-11-19,Digital,1,1,0,0,0,0,12,16460.52,4864.92,8,121,6,8,4,1,Inativo,2,0.5,0.25
A04416,Associado 4416,50,M,SC,Joinville,Pessoa Jurídica,2023-05-03,Digital,1,0,0,0,1,0,50,22360.8,0.0,6,13,11,7,4,0,Ativo,2,0.57,0.0
A04417,Associado 4417,56,F,SC,Joinville,Pessoa Jurídica,2020-01-18,Agência,1,0,0,0,0,0,26,4790.61,3293.87,10,2,6,8,5,2,Ativo,1,0.62,0.4
A04418,Associado 4418,42,F,RS,Caxias do Sul,Pessoa Jurídica,2019-05-15,Campanha,1,1,1,0,0,0,50,6296.01,4627.86,7,5,9,11,8,2,Ativo,3,0.73,0.25
A04419,Associado 4419,72,F,RS,Porto Alegre,Agro,2020-12-28,Agência,1,1,0,0,0,1,26,24835.22,11578.72,10,11,3,4,1,1,Ativo,3,0.25,1.0
A04420,Associado 4420,48,M,RS,Porto Alegre,Pessoa Física,2022-12-08,Indicação,1,0,0,0,0,0,4,852.58,16364.02,7,253,0,9,0,0,Churned,1,0.0,0.0
A04421,Associado 4421,26,M,RS,Porto Alegre,Agro,2019-01-21,Campanha,0,0,0,0,0,0,1,0.0,58600.75,8,242,0,5,0,0,Churned,0,0.0,0.0
A04422,Associado 4422,27,F,RJ,Rio de Janeiro,Pessoa Física,2018-05-18,Digital,0,0,0,0,0,0,0,0.0,0.0,7,192,2,8,0,0,Churned,0,0.0,0.0
A04423,Associado 4423,40,F,PR,Curitiba,Pessoa Jurídica,2018-09-05,Campanha,1,1,0,0,0,0,36,2218.73,10461.44,9,9,8,12,6,1,Ativo,2,0.5,0.17
A04424,Associado 4424,56,M,SP,São Paulo,Pessoa Física,2023-11-21,Agência,1,1,0,1,0,0,25,2330.09,6851.16,9,83,8,8,2,0,Ativo,3,0.25,0.0
A04425,Associado 4425,39,M,RS,Porto Alegre,Pessoa Física,2022-07-02,Digital,1,1,0,0,0,0,26,2100.15,0.0,10,18,18,6,4,1,Ativo,2,0.67,0.25
A04426,Associado 4426,26,F,SC,Florianópolis,Pessoa Jurídica,2022-10-02,Digital,1,1,0,0,0,0,22,2647.06,30652.61,9,69,9,6,2,0,Inativo,2,0.33,0.0
A04427,Associado 4427,53,M,RS,Porto Alegre,Pessoa Jurídica,2025-01-01,Agência,1,1,0,1,0,0,74,4913.06,0.0,10,13,11,9,3,0,Ativo,3,0.33,0.0
A04428,Associado 4428,18,M,RS,Porto Alegre,Pessoa Física,2021-10-30,Digital,1,0,0,0,0,0,26,3597.78,2713.53,5,14,15,7,5,2,Ativo,1,0.71,0.4
A04429,Associado 4429,39,F,RS,Caxias do Sul,Pessoa Física,2019-12-28,Digital,1,0,0,0,1,0,0,2124.91,17143.53,5,291,0,8,5,0,Churned,2,0.62,0.0
A04430,Associado 4430,37,F,SP,São Paulo,Pessoa Física,2021-03-24,Indicação,1,1,0,0,0,0,6,6348.32,6214.08,10,119,0,2,0,0,Inativo,2,0.0,0.0
A04431,Associado 4431,48,M,PR,Londrina,Agro,2023-11-05,Campanha,1,0,0,0,0,1,2,63041.61,4381.06,10,208,0,4,2,0,Churned,2,0.5,0.0
A04432,Associado 4432,37,M,SC,Florianópolis,Agro,2020-05-29,Agência,0,1,0,0,0,1,24,0.0,12178.58,7,8,10,4,2,0,Ativo,2,0.5,0.0
A04433,Associado 4433,46,M,SC,Joinville,Pessoa Física,2022-02-14,Digital,1,1,0,0,1,0,5,1561.26,0.0,6,128,3,6,2,0,Inativo,3,0.33,0.0
A04434,Associado 4434,38,M,MG,Belo Horizonte,Agro,2021-05-17,Digital,1,1,0,0,0,1,26,8496.71,0.0,10,27,13,3,3,0,Ativo,3,1.0,0.0
A04435,Associado 4435,37,F,RS,Porto Alegre,Agro,2020-10-03,Digital,1,1,1,0,0,1,8,5515.26,8427.47,9,90,8,6,3,1,Inativo,4,0.5,0.33
A04436,Associado 4436,71,M,RS,Porto Alegre,Pessoa Física,2021-04-16,Indicação,1,0,0,0,0,0,4,2619.48,14725.95,7,119,2,3,1,0,Inativo,1,0.33,0.0
A04437,Associado 4437,26,F,RS,Porto Alegre,Pessoa Jurídica,2020-10-10,Digital,1,0,0,0,0,0,25,22668.07,0.0,10,9,9,0,0,0,Ativo,1,0.0,0.0
A04438,Associado 4438,23,M,SP,São Paulo,Pessoa Física,2024-04-24,Agência,1,1,0,0,0,0,8,6472.21,25594.38,4,97,2,4,0,0,Inativo,2,0.0,0.0
A04439,Associado 4439,58,F,RJ,Rio de Janeiro,Pessoa Jurídica,2018-09-30,Indicação,1,0,0,0,0,0,50,26617.06,9872.3,6,3,7,7,4,1,Ativo,1,0.57,0.25
A04440,Associado 4440,58,M,RS,Porto Alegre,Pessoa Física,2022-05-26,Campanha,1,1,0,1,0,0,69,1697.82,16066.27,9,15,19,6,3,0,Ativo,3,0.5,0.0
A04441,Associado 4441,34,M,MG,Belo Horizonte,Pessoa Física,2019-08-18,Digital,1,1,0,0,0,0,26,4413.37,15088.83,5,9,11,6,1,0,Ativo,2,0.17,0.0
A04442,Associado 4442,25,F,SP,São Paulo,Pessoa Física,2024-09-13,Digital,1,1,0,0,0,0,32,500.46,0.0,10,20,19,5,2,0,Ativo,2,0.4,0.0
A04443,Associado 4443,51,M,RS,Porto Alegre,Pessoa Física,2024-07-28,Agência,1,1,1,1,1,0,65,6945.4,18071.52,10,42,23,1,1,0,Ativo,5,1.0,0.0
A04444,Associado 4444,52,F,SC,Florianópolis,Pessoa Jurídica,2021-08-17,Agência,1,0,0,0,0,0,46,4436.73,8764.58,10,2,12,3,2,0,Ativo,1,0.67,0.0
A04445,Associado 4445,46,F,SC,Florianópolis,Pessoa Física,2023-08-20,Agência,1,1,1,0,1,0,33,4518.26,0.0,10,13,9,7,4,0,Ativo,4,0.57,0.0
A04446,Associado 4446,29,F,RJ,Rio de Janeiro,Pessoa Física,2025-07-29,Digital,0,0,0,0,0,0,0,0.0,0.0,7,185,0,8,2,0,Churned,0,0.25,0.0
A04447,Associado 4447,35,M,RS,Porto Alegre,Agro,2023-11-25,Campanha,0,1,0,0,0,1,10,0.0,6628.66,4,0,4,10,4,1,Ativo,2,0.4,0.25
A04448,Associado 4448,40,M,SP,São Paulo,Pessoa Física,2020-02-10,Digital,1,1,0,0,0,0,23,4727.07,11148.09,8,1,12,7,4,0,Ativo,2,0.57,0.0
A04449,Associado 4449,71,M,RS,Caxias do Sul,Pessoa Física,2022-09-26,Agência,0,0,0,0,0,0,10,0.0,0.0,4,2,4,9,2,0,Ativo,0,0.22,0.0
A04450,Associado 4450,34,F,SP,São Paulo,Agro,2021-06-12,Agência,1,1,0,0,0,1,28,5624.73,2406.47,10,33,13,10,4,0,Ativo,3,0.4,0.0
A04451,Associado 4451,32,M,SC,Florianópolis,Agro,2019-05-05,Digital,1,1,0,0,0,1,39,6481.6,5724.5,10,9,15,7,4,1,Ativo,3,0.57,0.25
A04452,Associado 4452,29,M,PR,Curitiba,Pessoa Física,2025-06-15,Digital,0,0,0,0,0,0,2,0.0,0.0,7,171,1,5,1,0,Churned,0,0.2,0.0
A04453,Associado 4453,40,F,SP,São Paulo,Pessoa Física,2019-04-20,Digital,1,1,0,0,0,0,20,1834.15,1010.83,5,0,8,8,3,0,Ativo,2,0.38,0.0
A04454,Associado 4454,21,F,SP,São Paulo,Agro,2019-08-04,Digital,1,1,0,0,0,1,27,3267.79,0.0,9,10,9,7,4,0,Ativo,3,0.57,0.0
A04455,Associado 4455,43,F,MG,Belo Horizonte,Pessoa Física,2023-01-15,Digital,0,0,0,0,0,0,0,0.0,25482.45,7,201,1,7,0,0,Churned,0,0.0,0.0
A04456,Associado 4456,31,F,RS,Porto Alegre,Pessoa Física,2024-11-12,Agência,1,1,0,0,0,0,13,2577.99,0.0,8,101,0,10,2,0,Inativo,2,0.2,0.0
A04457,Associado 4457,36,M,PR,Londrina,Pessoa Física,2023-05-16,Agência,0,0,0,0,1,0,1,0.0,0.0,3,169,2,5,1,0,Churned,1,0.2,0.0
A04458,Associado 4458,55,F,RS,Caxias do Sul,Pessoa Física,2024-10-08,Agência,1,1,0,1,0,0,10,1490.12,21270.78,5,147,1,5,1,0,Inativo,3,0.2,0.0
A04459,Associado 4459,54,F,SC,Florianópolis,Pessoa Jurídica,2018-11-25,Agência,1,1,0,0,0,0,10,40010.25,47035.28,10,152,1,7,2,0,Inativo,2,0.29,0.0
A04460,Associado 4460,35,M,SC,Florianópolis,Pessoa Jurídica,2020-02-06,Agência,1,0,0,0,1,0,17,13147.84,0.0,8,144,2,8,0,0,Inativo,2,0.0,0.0
A04461,Associado 4461,36,M,SC,Florianópolis,Agro,2019-05-21,Digital,1,1,0,0,0,1,19,2552.25,2849.63,10,1,10,6,4,2,Ativo,3,0.67,0.5
A04462,Associado 4462,48,F,SC,Florianópolis,Pessoa Jurídica,2025-04-29,Indicação,1,1,0,0,0,0,21,4093.86,1967.72,9,136,3,8,2,0,Inativo,2,0.25,0.0
A04463,Associado 4463,51,M,RJ,Rio de Janeiro,Pessoa Física,2023-04-24,Indicação,1,0,0,0,0,0,28,10578.58,2821.73,6,4,6,4,1,0,Ativo,1,0.25,0.0
A04464,Associado 4464,27,M,RS,Caxias do Sul,Pessoa Física,2019-04-23,Digital,1,1,0,0,1,0,27,5077.81,1014.86,9,16,17,10,7,0,Ativo,3,0.7,0.0
A04465,Associado 4465,67,F,PR,Curitiba,Agro,2018-01-14,Campanha,1,1,0,0,0,0,36,3170.09,13096.34,6,5,6,5,1,0,Ativo,2,0.2,0.0
A04466,Associado 4466,63,M,SC,Joinville,Pessoa Física,2019-12-28,Agência,1,1,0,0,0,0,18,1138.22,0.0,10,32,3,4,0,0,Ativo,2,0.0,0.0
A04467,Associado 4467,52,F,RS,Porto Alegre,Pessoa Física,2020-01-16,Campanha,1,1,1,0,0,0,33,4245.16,37509.39,10,8,11,10,5,1,Ativo,3,0.5,0.2
A04468,Associado 4468,23,M,RS,Porto Alegre,Agro,2024-02-06,Digital,1,1,1,0,0,1,115,4187.48,12482.94,10,6,73,4,4,0,Ativo,4,1.0,0.0
A04469,Associado 4469,49,M,MG,Belo Horizonte,Pessoa Física,2023-07-04,Digital,1,0,0,0,0,0,0,1216.51,73131.18,6,257,0,8,2,1,Churned,1,0.25,0.5
A04470,Associado 4470,27,M,MG,Belo Horizonte,Pessoa Física,2025-02-26,Digital,1,0,0,0,0,0,10,4772.6,0.0,4,127,5,7,1,0,Inativo,1,0.14,0.0
A04471,Associado 4471,42,M,MG,Belo Horizonte,Agro,2024-06-10,Agência,1,1,0,0,0,0,4,6385.22,0.0,7,128,0,4,0,0,Churned,2,0.0,0.0
A04472,Associado 4472,37,F,RJ,Rio de Janeiro,Agro,2019-04-20,Campanha,1,0,0,0,0,1,2,2506.63,3527.46,3,254,0,10,6,0,Churned,2,0.6,0.0
A04473,Associado 4473,42,F,RS,Porto Alegre,Pessoa Física,2019-06-08,Agência,1,0,0,0,0,0,11,2249.25,0.0,7,87,1,7,0,0,Inativo,1,0.0,0.0
A04474,Associado 4474,20,M,SC,Joinville,Agro,2024-10-04,Digital,0,1,0,0,0,1,1,0.0,0.0,8,202,1,7,2,0,Churned,2,0.29,0.0
A04475,Associado 4475,30,M,PR,Londrina,Pessoa Física,2019-02-15,Digital,1,1,1,0,0,1,25,1078.75,0.0,9,20,11,6,3,0,Ativo,4,0.5,0.0
A04476,Associado 4476,42,M,SC,Florianópolis,Pessoa Física,2023-03-23,Agência,0,0,1,0,0,0,7,0.0,875.83,9,168,1,7,2,1,Inativo,1,0.29,0.5
A04477,Associado 4477,55,F,SC,Florianópolis,Agro,2022-07-06,Agência,1,1,1,1,1,0,57,4577.22,72136.67,9,5,13,9,6,1,Ativo,5,0.67,0.17
A04478,Associado 4478,29,M,SC,Joinville,Agro,2019-11-12,Agência,1,1,1,0,0,1,47,6577.6,0.0,10,10,7,5,0,0,Ativo,4,0.0,0.0
A04479,Associado 4479,36,F,PR,Curitiba,Pessoa Física,2025-04-17,Agência,1,0,1,0,0,0,24,2366.83,0.0,9,49,8,7,3,0,Ativo,2,0.43,0.0
A04480,Associado 4480,37,M,PR,Londrina,Pessoa Física,2025-01-14,Campanha,1,1,0,0,0,0,26,3808.19,3632.35,9,7,7,7,1,1,Ativo,2,0.14,1.0
A04481,Associado 4481,36,F,RS,Caxias do Sul,Pessoa Física,2023-02-26,Digital,1,1,0,0,1,0,37,1409.38,0.0,9,8,11,8,1,0,Ativo,3,0.12,0.0
A04482,Associado 4482,42,F,SC,Florianópolis,Pessoa Física,2018-11-25,Agência,1,0,0,0,0,0,4,5811.29,11336.91,8,229,0,6,0,0,Churned,1,0.0,0.0
A04483,Associado 4483,45,M,PR,Londrina,Pessoa Física,2018-09-29,Digital,1,1,1,0,1,0,16,1994.65,0.0,10,153,6,11,3,2,Inativo,4,0.27,0.67
A04484,Associado 4484,38,F,PR,Curitiba,Pessoa Física,2023-08-24,Campanha,1,1,0,0,0,0,43,6137.81,0.0,10,15,7,6,2,0,Ativo,2,0.33,0.0
A04485,Associado 4485,33,M,RS,Caxias do Sul,Pessoa Física,2018-06-24,Agência,1,1,1,0,0,0,32,3612.58,0.0,10,11,8,6,4,0,Ativo,3,0.67,0.0
A04486,Associado 4486,53,F,SP,São Paulo,Pessoa Física,2024-01-15,Agência,0,1,0,0,0,0,5,0.0,0.0,7,110,1,6,1,0,Inativo,1,0.17,0.0
A04487,Associado 4487,42,F,RS,Caxias do Sul,Pessoa Física,2019-09-14,Campanha,1,1,0,0,0,0,40,1682.96,0.0,10,11,14,5,2,1,Ativo,2,0.4,0.5
A04488,Associado 4488,53,M,SC,Florianópolis,Pessoa Jurídica,2022-08-15,Agência,1,0,0,0,1,0,47,5820.4,13508.47,9,1,8,4,2,0,Ativo,2,0.5,0.0
A04489,Associado 4489,20,F,SP,São Paulo,Pessoa Física,2018-08-22,Digital,1,0,0,0,0,0,23,1543.52,0.0,6,1,14,1,1,0,Ativo,1,1.0,0.0
A04490,Associado 4490,38,M,PR,Londrina,Pessoa Física,2018-05-21,Agência,1,1,0,0,0,0,23,1830.55,0.0,8,2,6,8,5,1,Ativo,2,0.62,0.2
A04491,Associado 4491,43,F,RS,Porto Alegre,Agro,2022-02-13,Campanha,0,1,1,1,0,1,23,0.0,0.0,10,18,11,10,3,0,Ativo,4,0.3,0.0
A04492,Associado 4492,44,M,PR,Londrina,Pessoa Jurídica,2023-12-07,Campanha,1,1,1,0,1,0,82,11920.59,7640.84,10,32,15,6,4,1,Ativo,4,0.67,0.25
A04493,Associado 4493,55,F,PR,Curitiba,Pessoa Física,2019-01-17,Indicação,0,1,0,0,0,1,4,0.0,20721.72,6,120,2,6,1,0,Inativo,2,0.17,0.0
A04494,Associado 4494,21,F,SP,São Paulo,Pessoa Física,2025-06-29,Digital,1,1,1,0,0,0,15,831.06,1253.99,10,14,3,6,2,0,Ativo,3,0.33,0.0
A04495,Associado 4495,35,M,SP,São Paulo,Pessoa Jurídica,2021-12-04,Digital,1,1,0,0,0,0,53,13925.72,0.0,8,16,10,7,4,2,Ativo,2,0.57,0.5
A04496,Associado 4496,50,F,PR,Curitiba,Pessoa Física,2018-02-18,Agência,1,1,0,0,0,0,20,1254.75,0.0,10,17,5,5,3,0,Ativo,2,0.6,0.0
A04497,Associado 4497,45,M,SC,Florianópolis,Pessoa Jurídica,2018-05-29,Campanha,1,1,0,0,1,0,50,9464.75,44851.78,8,9,11,5,5,1,Ativo,3,1.0,0.2
A04498,Associado 4498,35,M,RS,Caxias do Sul,Pessoa Física,2024-01-14,Campanha,0,0,1,0,0,0,2,0.0,0.0,5,274,2,6,2,0,Churned,1,0.33,0.0
A04499,Associado 4499,20,F,RS,Porto Alegre,Pessoa Física,2025-04-05,Digital,1,1,1,0,0,0,33,5123.96,0.0,10,14,19,6,6,0,Ativo,3,1.0,0.0
A04500,Associado 4500,35,M,SC,Joinville,Pessoa Física,2024-01-09,Indicação,1,0,0,0,0,0,4,935.07,0.0,7,198,0,6,0,0,Churned,1,0.0,0.0
A04501,Associado 4501,46,M,PR,Curitiba,Pessoa Jurídica,2019-01-11,Agência,1,1,0,0,0,0,9,13759.37,20194.92,6,164,1,4,2,1,Inativo,2,0.5,0.5
A04502,Associado 4502,30,M,SC,Joinville,Agro,2025-06-22,Digital,1,1,1,0,0,1,64,6145.45,5350.82,10,1,22,13,9,1,Ativo,4,0.69,0.11
A04503,Associado 4503,21,M,RS,Porto Alegre,Pessoa Física,2019-08-19,Digital,1,0,0,0,0,0,2,2962.12,0.0,7,231,1,6,1,0,Churned,1,0.17,0.0
A04504,Associado 4504,31,M,RS,Porto Alegre,Pessoa Física,2025-03-21,Digital,1,1,0,0,1,0,37,1822.09,0.0,7,10,23,7,7,1,Ativo,3,1.0,0.14
A04505,Associado 4505,30,M,SC,Joinville,Pessoa Física,2025-09-24,Digital,1,0,0,0,0,0,3,1223.57,5477.66,7,256,0,5,0,0,Churned,1,0.0,0.0
A04506,Associado 4506,27,F,RS,Porto Alegre,Pessoa Física,2022-02-01,Agência,1,0,0,0,0,0,0,945.34,0.0,5,247,1,7,1,0,Churned,1,0.14,0.0
A04507,Associado 4507,63,M,SP,São Paulo,Agro,2022-05-18,Indicação,1,0,0,1,0,1,16,5528.81,0.0,6,17,1,2,0,0,Ativo,3,0.0,0.0
A04508,Associado 4508,40,M,RS,Caxias do Sul,Pessoa Física,2025-05-03,Campanha,1,0,0,0,0,0,4,1519.66,6557.86,9,265,0,9,1,0,Churned,1,0.11,0.0
A04509,Associado 4509,44,F,PR,Curitiba,Agro,2024-04-28,Campanha,1,1,0,0,1,1,20,13547.46,36782.17,9,37,2,6,3,1,Ativo,4,0.5,0.33
A04510,Associado 4510,44,M,MG,Belo Horizonte,Pessoa Jurídica,2020-04-21,Indicação,1,0,0,0,0,0,33,29927.16,3799.47,5,33,3,4,1,0,Ativo,1,0.25,0.0
A04511,Associado 4511,44,M,RS,Porto Alegre,Agro,2020-12-11,Digital,1,0,0,0,0,1,31,6078.7,1779.97,8,5,7,3,0,0,Ativo,2,0.0,0.0
A04512,Associado 4512,69,M,SC,Joinville,Pessoa Jurídica,2019-05-04,Agência,0,0,0,0,0,0,16,0.0,4798.3,6,21,1,7,0,0,Ativo,0,0.0,0.0
A04513,Associado 4513,48,F,RS,Porto Alegre,Pessoa Física,2021-10-27,Campanha,1,0,0,0,0,0,28,801.71,38285.08,8,1,5,2,0,0,Ativo,1,0.0,0.0
A04514,Associado 4514,34,F,PR,Curitiba,Pessoa Física,2024-04-17,Digital,1,0,0,0,0,0,19,663.65,0.0,8,9,14,3,1,0,Ativo,1,0.33,0.0
A04515,Associado 4515,33,M,PR,Curitiba,Pessoa Física,2024-06-19,Indicação,0,0,1,1,1,0,32,0.0,6177.39,10,4,17,2,1,0,Ativo,3,0.5,0.0
A04516,Associado 4516,29,M,SC,Joinville,Pessoa Física,2022-08-16,Indicação,1,0,0,0,0,0,2,13004.04,0.0,9,202,1,7,2,0,Churned,1,0.29,0.0
A04517,Associado 4517,25,F,SC,Florianópolis,Pessoa Física,2025-09-01,Indicação,1,1,0,0,1,0,0,1234.12,10185.95,9,130,1,5,1,0,Churned,3,0.2,0.0
A04518,Associado 4518,36,M,MG,Belo Horizonte,Pessoa Física,2022-03-04,Agência,1,0,0,0,0,0,23,3914.7,10534.23,6,17,2,3,2,0,Ativo,1,0.67,0.0
A04519,Associado 4519,21,F,RS,Porto Alegre,Agro,2018-06-13,Agência,0,0,0,0,0,1,1,0.0,0.0,6,139,0,2,0,0,Churned,1,0.0,0.0
A04520,Associado 4520,59,M,RS,Caxias do Sul,Pessoa Física,2022-01-04,Indicação,1,1,0,0,1,0,16,1229.85,26957.31,10,2,4,7,2,0,Ativo,3,0.29,0.0
A04521,Associado 4521,51,M,MG,Belo Horizonte,Pessoa Jurídica,2020-09-01,Campanha,1,0,0,0,1,0,33,35014.11,9410.44,10,28,5,5,1,0,Ativo,2,0.2,0.0
A04522,Associado 4522,43,F,PR,Curitiba,Agro,2023-12-21,Indicação,0,0,0,1,1,1,32,0.0,13050.15,10,6,8,6,3,0,Ativo,3,0.5,0.0
A04523,Associado 4523,31,M,MG,Belo Horizonte,Agro,2023-10-30,Digital,1,1,1,0,1,1,68,15193.34,0.0,10,11,26,5,5,1,Ativo,5,1.0,0.2
A04524,Associado 4524,36,F,PR,Curitiba,Pessoa Física,2024-07-25,Digital,0,0,0,0,0,0,1,0.0,2007.99,8,294,1,7,1,0,Churned,0,0.14,0.0
A04525,Associado 4525,36,F,SP,São Paulo,Pessoa Física,2022-07-29,Indicação,1,1,0,0,1,0,7,7277.94,0.0,10,96,4,6,2,0,Inativo,3,0.33,0.0
A04526,Associado 4526,23,M,SC,Joinville,Pessoa Física,2018-05-14,Indicação,1,0,0,0,0,0,17,3824.62,0.0,7,17,4,8,3,0,Ativo,1,0.38,0.0
A04527,Associado 4527,26,M,SP,São Paulo,Pessoa Física,2020-12-11,Digital,1,1,0,0,0,0,29,2257.36,0.0,6,24,20,5,5,1,Ativo,2,1.0,0.2
A04528,Associado 4528,36,F,MG,Belo Horizonte,Pessoa Física,2024-12-16,Agência,1,1,0,1,0,0,36,5541.31,0.0,10,10,20,6,3,1,Ativo,3,0.5,0.33
A04529,Associado 4529,46,F,PR,Curitiba,Pessoa Jurídica,2024-02-28,Campanha,1,0,1,0,0,0,64,40467.87,28732.65,10,7,10,5,1,0,Ativo,2,0.2,0.0
A04530,Associado 4530,23,M,RS,Caxias do Sul,Pessoa Física,2019-12-11,Digital,1,1,0,0,0,0,31,1674.36,14268.51,8,8,16,8,5,1,Ativo,2,0.62,0.2
A04531,Associado 4531,62,M,RS,Porto Alegre,Pessoa Física,2025-04-19,Indicação,1,0,0,0,1,0,22,3183.6,13121.87,10,2,0,2,0,0,Ativo,2,0.0,0.0
A04532,Associado 4532,46,M,RS,Porto Alegre,Agro,2025-09-04,Agência,1,1,0,0,1,1,34,4436.81,19183.03,10,23,2,6,0,0,Ativo,4,0.0,0.0
A04533,Associado 4533,43,M,RS,Porto Alegre,Pessoa Física,2022-03-12,Digital,1,1,0,0,0,0,8,8991.6,0.0,8,128,4,7,3,1,Inativo,2,0.43,0.33
A04534,Associado 4534,35,F,RS,Caxias do Sul,Pessoa Física,2020-11-03,Campanha,1,0,0,1,0,0,7,2397.8,0.0,8,158,0,5,1,1,Inativo,2,0.2,1.0
A04535,Associado 4535,66,F,PR,Londrina,Pessoa Jurídica,2021-11-09,Agência,1,1,1,0,1,0,76,25963.76,6511.02,10,2,10,7,4,0,Ativo,4,0.57,0.0
A04536,Associado 4536,21,M,PR,Londrina,Pessoa Física,2022-10-27,Digital,1,0,0,0,0,0,37,4889.0,0.0,4,10,15,5,4,1,Ativo,1,0.8,0.25
A04537,Associado 4537,39,F,SC,Florianópolis,Pessoa Jurídica,2024-01-22,Digital,0,1,0,0,0,0,17,0.0,11811.38,7,16,11,11,4,0,Ativo,1,0.36,0.0
A04538,Associado 4538,41,M,PR,Curitiba,Pessoa Física,2019-07-15,Indicação,1,1,1,0,1,0,52,1192.13,0.0,9,10,14,2,2,1,Ativo,4,1.0,0.5
A04539,Associado 4539,60,F,RS,Porto Alegre,Agro,2019-08-05,Agência,1,1,0,0,0,1,24,3691.76,14976.3,10,13,3,3,2,1,Ativo,3,0.67,0.5
A04540,Associado 4540,48,F,RS,Porto Alegre,Pessoa Física,2023-12-07,Agência,1,1,1,0,0,0,48,6101.51,0.0,7,10,19,2,2,0,Ativo,3,1.0,0.0
A04541,Associado 4541,55,M,RS,Porto Alegre,Pessoa Física,2025-07-03,Campanha,0,0,0,0,1,0,0,0.0,5429.32,10,152,0,2,0,0,Churned,1,0.0,0.0
A04542,Associado 4542,25,M,SC,Joinville,Pessoa Física,2024-07-10,Digital,1,1,0,0,0,0,27,5721.32,1827.96,9,18,14,11,7,0,Ativo,2,0.64,0.0
A04543,Associado 4543,43,M,RS,Porto Alegre,Pessoa Física,2022-05-05,Agência,1,0,1,0,0,0,24,2227.51,1743.85,7,24,8,6,2,0,Ativo,2,0.33,0.0
A04544,Associado 4544,57,M,RS,Caxias do Sul,Pessoa Física,2022-09-13,Agência,1,0,1,0,0,0,29,10035.34,4752.09,8,1,11,8,4,0,Ativo,2,0.5,0.0
A04545,Associado 4545,50,F,SC,Joinville,Pessoa Física,2025-05-08,Campanha,1,0,1,0,0,0,22,2882.11,0.0,3,4,6,4,3,1,Ativo,2,0.75,0.33
A04546,Associado 4546,34,F,SP,São Paulo,Pessoa Física,2018-08-19,Agência,1,0,1,1,0,0,50,972.36,6802.76,9,2,12,4,2,0,Ativo,3,0.5,0.0
A04547,Associado 4547,45,M,RS,Porto Alegre,Pessoa Física,2024-06-16,Digital,1,1,1,0,0,0,37,4979.52,0.0,7,15,15,6,5,2,Ativo,3,0.83,0.4
A04548,Associado 4548,36,F,PR,Londrina,Pessoa Física,2023-02-27,Digital,1,1,0,0,0,0,32,2117.94,0.0,8,2,12,7,4,0,Ativo,2,0.57,0.0
A04549,Associado 4549,57,F,PR,Londrina,Pessoa Física,2018-01-03,Campanha,1,0,0,0,1,0,5,6164.32,14377.37,10,122,0,11,3,1,Inativo,2,0.27,0.33
A04550,Associado 4550,66,M,SP,São Paulo,Pessoa Jurídica,2023-03-27,Indicação,1,1,1,0,1,0,68,24449.27,0.0,10,28,10,6,6,2,Ativo,4,1.0,0.33
A04551,Associado 4551,42,M,MG,Belo Horizonte,Pessoa Física,2023-04-20,Digital,1,1,0,0,0,0,19,2395.2,4910.49,10,5,12,4,1,0,Ativo,2,0.25,0.0
A04552,Associado 4552,46,M,RS,Porto Alegre,Pessoa Física,2019-11-16,Agência,1,1,1,0,0,0,40,671.75,114933.49,9,1,11,10,2,0,Ativo,3,0.2,0.0
A04553,Associado 4553,52,F,RS,Porto Alegre,Pessoa Jurídica,2018-03-22,Campanha,1,1,0,1,0,0,82,6114.24,0.0,9,6,11,4,2,1,Ativo,3,0.5,0.5
A04554,Associado 4554,31,M,MG,Belo Horizonte,Agro,2023-05-10,Digital,0,1,1,1,0,1,17,0.0,9058.15,10,13,12,4,2,1,Ativo,4,0.5,0.5
A04555,Associado 4555,58,M,SC,Joinville,Pessoa Física,2021-07-22,Campanha,1,1,1,0,0,0,38,4138.81,15174.57,8,15,6,6,4,2,Ativo,3,0.67,0.5
A04556,Associado 4556,27,F,PR,Londrina,Pessoa Física,2019-01-23,Digital,1,1,0,0,0,0,3,8632.48,9570.46,5,104,3,4,0,0,Churned,2,0.0,0.0
A04557,Associado 4557,34,F,PR,Curitiba,Pessoa Física,2020-04-06,Indicação,1,1,0,0,0,0,20,1825.2,5591.24,10,9,4,2,2,0,Ativo,2,1.0,0.0
A04558,Associado 4558,34,F,PR,Curitiba,Pessoa Física,2021-09-30,Agência,1,0,0,0,0,0,22,3321.24,0.0,6,79,3,4,0,0,Ativo,1,0.0,0.0
A04559,Associado 4559,50,F,MG,Belo Horizonte,Pessoa Jurídica,2024-03-16,Indicação,1,0,0,0,0,0,5,9242.22,820.92,8,262,0,12,3,2,Churned,1,0.25,0.67
A04560,Associado 4560,19,M,RJ,Rio de Janeiro,Pessoa Física,2019-10-14,Digital,0,0,0,0,0,0,10,0.0,0.0,10,11,10,3,1,0,Ativo,0,0.33,0.0
A04561,Associado 4561,32,F,SP,São Paulo,Pessoa Jurídica,2023-10-12,Digital,1,0,0,0,0,0,46,9727.27,7260.74,8,51,18,12,6,0,Ativo,1,0.5,0.0
A04562,Associado 4562,27,M,RS,Porto Alegre,Pessoa Física,2024-10-23,Agência,1,1,0,1,0,0,50,2513.84,11123.44,7,2,7,6,3,1,Ativo,3,0.5,0.33
A04563,Associado 4563,33,M,MG,Belo Horizonte,Pessoa Física,2025-07-18,Agência,1,1,0,0,0,0,0,3673.91,0.0,7,186,0,5,1,1,Churned,2,0.2,1.0
A04564,Associado 4564,54,F,RS,Caxias do Sul,Pessoa Jurídica,2022-11-23,Agência,1,1,1,0,0,0,3,29576.24,0.0,7,292,0,5,2,0,Churned,3,0.4,0.0
A04565,Associado 4565,18,M,RS,Porto Alegre,Pessoa Física,2021-06-25,Digital,1,1,0,0,0,0,15,2365.49,0.0,10,11,2,6,3,1,Ativo,2,0.5,0.33
A04566,Associado 4566,47,M,MG,Belo Horizonte,Pessoa Física,2021-03-23,Campanha,1,1,0,0,0,0,44,4665.95,9818.16,7,13,11,11,5,0,Ativo,2,0.45,0.0
A04567,Associado 4567,40,F,RS,Caxias do Sul,Agro,2024-03-07,Digital,1,1,1,0,0,1,27,13142.56,33552.16,10,28,12,6,3,0,Ativo,4,0.5,0.0
A04568,Associado 4568,32,F,RS,Caxias do Sul,Agro,2020-11-08,Indicação,1,1,0,0,0,1,55,4030.03,0.0,8,6,16,10,7,2,Ativo,3,0.7,0.29
A04569,Associado 4569,41,F,RS,Porto Alegre,Pessoa Jurídica,2024-12-31,Agência,1,0,0,1,0,0,7,10764.46,9877.76,5,60,2,7,2,0,Inativo,2,0.29,0.0
A04570,Associado 4570,46,M,MG,Belo Horizonte,Pessoa Física,2025-06-14,Digital,1,1,0,0,0,0,33,2783.77,16585.69,7,13,8,5,0,0,Ativo,2,0.0,0.0
A04571,Associado 4571,29,M,SC,Florianópolis,Pessoa Física,2025-05-22,Digital,1,1,0,0,0,0,16,15682.93,0.0,7,8,6,10,5,1,Ativo,2,0.5,0.2
A04572,Associado 4572,55,F,PR,Londrina,Agro,2022-06-12,Campanha,1,1,1,0,0,1,45,2586.86,41830.68,10,16,13,4,2,0,Ativo,4,0.5,0.0
A04573,Associado 4573,28,F,RS,Porto Alegre,Pessoa Física,2023-09-16,Indicação,0,0,0,0,0,0,15,0.0,0.0,9,10,9,8,3,0,Ativo,0,0.38,0.0
A04574,Associado 4574,20,F,SP,São Paulo,Agro,2024-09-20,Digital,1,1,1,0,0,1,14,9387.76,0.0,7,126,5,5,2,0,Inativo,4,0.4,0.0
A04575,Associado 4575,56,F,SP,São Paulo,Pessoa Física,2024-10-07,Indicação,1,0,0,0,0,0,1,562.49,6507.99,5,258,0,15,3,0,Churned,1,0.2,0.0
A04576,Associado 4576,24,F,RS,Porto Alegre,Pessoa Física,2019-11-14,Agência,1,1,1,0,1,0,38,3447.14,8103.55,7,1,10,7,5,0,Ativo,4,0.71,0.0
A04577,Associado 4577,33,F,SC,Florianópolis,Agro,2022-12-01,Digital,0,0,0,1,0,0,13,0.0,0.0,5,0,15,3,1,0,Ativo,1,0.33,0.0
A04578,Associado 4578,31,F,RS,Caxias do Sul,Pessoa Física,2024-07-13,Agência,1,1,0,0,0,0,47,2721.36,0.0,6,10,15,6,4,0,Ativo,2,0.67,0.0
A04579,Associado 4579,28,M,RJ,Rio de Janeiro,Pessoa Física,2021-07-18,Digital,1,1,0,1,0,0,38,5540.1,3526.72,10,1,19,10,7,0,Ativo,3,0.7,0.0
A04580,Associado 4580,58,F,PR,Londrina,Pessoa Física,2020-07-07,Agência,1,0,1,0,0,0,16,8560.6,5387.5,10,20,4,8,3,0,Ativo,2,0.38,0.0
A04581,Associado 4581,63,F,MG,Belo Horizonte,Pessoa Física,2025-09-15,Indicação,1,0,0,0,0,0,29,1032.34,25271.93,8,11,7,7,2,1,Ativo,1,0.29,0.5
A04582,Associado 4582,23,F,RS,Porto Alegre,Pessoa Física,2019-10-14,Digital,0,0,0,0,0,0,6,0.0,0.0,8,11,7,9,5,1,Ativo,0,0.56,0.2
A04583,Associado 4583,36,F,SP,São Paulo,Pessoa Física,2022-05-23,Indicação,1,1,0,0,0,0,38,2048.31,0.0,8,8,18,11,7,0,Ativo,2,0.64,0.0
A04584,Associado 4584,22,M,SP,São Paulo,Pessoa Física,2022-05-23,Digital,1,0,0,0,1,0,36,1976.32,7615.73,9,7,15,9,4,0,Ativo,2,0.44,0.0
A04585,Associado 4585,33,F,PR,Londrina,Pessoa Jurídica,2022-06-29,Agência,1,1,0,0,0,0,61,7579.42,0.0,10,11,8,3,0,0,Ativo,2,0.0,0.0
A04586,Associado 4586,32,M,RJ,Rio de Janeiro,Pessoa Física,2022-01-25,Indicação,1,1,0,0,0,0,39,7802.56,554.97,10,1,8,4,2,1,Ativo,2,0.5,0.5
A04587,Associado 4587,64,M,SC,Joinville,Agro,2020-12-17,Indicação,1,0,0,0,0,0,5,2024.59,16947.41,7,254,1,5,3,1,Churned,1,0.6,0.33
A04588,Associado 4588,68,M,RS,Porto Alegre,Pessoa Física,2019-01-11,Campanha,0,0,0,0,0,0,6,0.0,0.0,7,9,1,3,1,0,Ativo,0,0.33,0.0
A04589,Associado 4589,27,F,PR,Londrina,Pessoa Física,2024-09-20,Digital,1,1,0,0,0,0,43,3111.75,13581.53,7,2,18,2,1,0,Ativo,2,0.5,0.0
A04590,Associado 4590,59,F,SP,São Paulo,Pessoa Física,2021-11-09,Indicação,0,0,0,0,0,0,5,0.0,0.0,9,34,3,4,1,0,Ativo,0,0.25,0.0
A04591,Associado 4591,50,M,PR,Curitiba,Pessoa Jurídica,2023-10-05,Indicação,1,0,0,0,0,0,5,57944.31,23648.37,7,218,0,5,0,0,Churned,1,0.0,0.0
A04592,Associado 4592,29,M,RS,Porto Alegre,Agro,2024-11-27,Agência,1,1,0,0,0,1,43,7658.17,0.0,10,17,6,8,2,0,Ativo,3,0.25,0.0
A04593,Associado 4593,35,F,SC,Joinville,Pessoa Jurídica,2022-03-20,Agência,1,0,0,0,0,0,33,17987.7,10344.9,10,10,6,4,2,1,Ativo,1,0.5,0.5
A04594,Associado 4594,65,M,RS,Caxias do Sul,Pessoa Física,2022-12-26,Agência,1,1,0,0,0,0,16,4397.67,41219.41,8,39,0,8,0,0,Inativo,2,0.0,0.0
A04595,Associado 4595,29,M,SC,Joinville,Pessoa Física,2018-01-17,Digital,1,1,1,0,0,0,40,584.47,3561.65,5,34,16,3,1,0,Ativo,3,0.33,0.0
A04596,Associado 4596,32,F,PR,Curitiba,Pessoa Jurídica,2019-03-09,Digital,1,0,0,0,0,0,56,5217.98,1685.07,7,15,12,7,4,0,Ativo,1,0.57,0.0
A04597,Associado 4597,39,F,SP,São Paulo,Agro,2018-08-25,Campanha,1,1,0,1,1,1,43,9290.43,3487.35,10,11,10,5,3,0,Ativo,5,0.6,0.0
A04598,Associado 4598,36,M,RS,Porto Alegre,Agro,2018-11-03,Digital,1,1,0,0,0,1,32,4271.47,0.0,10,10,6,5,1,0,Ativo,3,0.2,0.0
A04599,Associado 4599,42,M,SC,Florianópolis,Pessoa Física,2022-11-21,Indicação,1,0,0,0,0,0,18,1233.08,0.0,9,6,4,6,3,2,Ativo,1,0.5,0.67
A04600,Associado 4600,56,F,RS,Porto Alegre,Agro,2019-03-09,Indicação,1,1,0,1,0,1,31,9296.57,0.0,10,13,1,7,2,1,Ativo,4,0.29,0.5
A04601,Associado 4601,63,F,RS,Porto Alegre,Pessoa Física,2018-01-24,Agência,1,0,0,0,0,0,16,28055.63,12196.71,10,12,1,6,2,0,Ativo,1,0.33,0.0
A04602,Associado 4602,63,F,SP,São Paulo,Pessoa Física,2023-07-29,Agência,1,1,0,0,0,0,6,2679.04,64375.9,9,160,0,5,2,0,Inativo,2,0.4,0.0
A04603,Associado 4603,42,M,MG,Belo Horizonte,Pessoa Física,2021-08-16,Digital,0,0,0,0,0,0,0,0.0,16692.23,7,279,0,5,0,0,Churned,0,0.0,0.0
A04604,Associado 4604,36,F,SC,Joinville,Pessoa Física,2022-07-10,Indicação,1,0,0,0,0,0,3,1108.68,6026.51,7,146,2,3,2,1,Inativo,1,0.67,0.5
A04605,Associado 4605,45,M,SP,São Paulo,Pessoa Jurídica,2020-10-10,Campanha,1,0,0,0,0,0,3,10930.67,0.0,8,262,0,8,0,0,Churned,1,0.0,0.0
A04606,Associado 4606,26,M,MG,Belo Horizonte,Agro,2019-11-12,Digital,1,1,0,0,0,1,41,4480.05,0.0,8,25,10,4,3,0,Ativo,3,0.75,0.0
A04607,Associado 4607,49,F,SP,São Paulo,Pessoa Jurídica,2023-01-23,Campanha,1,0,0,0,0,0,4,8083.22,0.0,6,83,1,11,2,0,Churned,1,0.18,0.0
A04608,Associado 4608,40,F,RS,Porto Alegre,Pessoa Jurídica,2022-02-24,Digital,1,0,0,0,0,0,44,6395.44,7249.82,6,2,7,12,5,0,Ativo,1,0.42,0.0
A04609,Associado 4609,59,F,RJ,Rio de Janeiro,Pessoa Física,2020-08-09,Indicação,1,0,0,0,1,0,25,1714.44,0.0,7,4,6,7,1,0,Ativo,2,0.14,0.0
A04610,Associado 4610,37,F,SC,Joinville,Pessoa Jurídica,2021-08-04,Digital,1,0,0,0,0,0,55,31819.98,15095.99,2,1,8,4,2,0,Ativo,1,0.5,0.0
A04611,Associado 4611,25,M,RS,Caxias do Sul,Pessoa Física,2019-02-19,Agência,1,1,0,0,0,0,27,2316.67,19715.36,6,2,7,4,1,0,Ativo,2,0.25,0.0
A04612,Associado 4612,63,M,RS,Porto Alegre,Pessoa Jurídica,2020-01-23,Agência,1,1,0,0,0,0,4,18839.93,17000.86,7,95,0,7,2,0,Inativo,2,0.29,0.0
A04613,Associado 4613,48,M,SC,Joinville,Pessoa Jurídica,2021-11-24,Agência,1,0,0,0,0,0,28,26953.31,7599.72,10,14,6,6,5,0,Ativo,1,0.83,0.0
A04614,Associado 4614,26,M,RS,Caxias do Sul,Pessoa Jurídica,2019-02-20,Digital,1,0,0,0,0,0,46,8778.0,0.0,8,22,12,2,1,1,Ativo,1,0.5,1.0
A04615,Associado 4615,59,F,RS,Caxias do Sul,Pessoa Física,2020-05-25,Indicação,1,0,0,0,1,0,25,1964.54,0.0,10,0,3,5,2,0,Ativo,2,0.4,0.0
A04616,Associado 4616,56,M,RS,Porto Alegre,Agro,2020-06-08,Agência,1,0,0,0,0,0,8,6886.6,22180.52,6,92,0,5,1,0,Inativo,1,0.2,0.0
A04617,Associado 4617,33,F,SP,São Paulo,Pessoa Física,2021-06-28,Digital,1,1,0,0,0,0,5,5257.18,2666.68,7,286,0,5,1,0,Churned,2,0.2,0.0
A04618,Associado 4618,41,F,MG,Belo Horizonte,Pessoa Física,2019-11-08,Agência,1,1,0,0,1,0,35,10319.39,9180.52,8,18,6,1,0,0,Ativo,3,0.0,0.0
A04619,Associado 4619,33,M,RS,Caxias do Sul,Pessoa Jurídica,2024-09-13,Indicação,1,1,0,0,0,0,26,11602.07,15214.57,9,109,2,3,2,1,Inativo,2,0.67,0.5
A04620,Associado 4620,28,M,MG,Belo Horizonte,Pessoa Física,2023-12-29,Indicação,1,0,0,0,0,0,27,844.52,1792.6,8,11,5,9,2,1,Ativo,1,0.22,0.5
A04621,Associado 4621,53,M,MG,Belo Horizonte,Agro,2024-08-22,Indicação,1,1,0,0,1,0,28,6724.02,5542.9,10,3,3,6,0,0,Ativo,3,0.0,0.0
A04622,Associado 4622,44,M,SP,São Paulo,Pessoa Física,2021-09-23,Digital,1,1,1,0,1,0,21,2545.77,26701.77,8,11,9,4,1,0,Ativo,4,0.25,0.0
A04623,Associado 4623,55,M,RS,Porto Alegre,Pessoa Física,2019-03-26,Agência,1,0,0,0,1,0,12,4760.25,0.0,9,4,4,6,2,0,Ativo,2,0.33,0.0
A04624,Associado 4624,61,F,PR,Curitiba,Agro,2020-04-29,Indicação,1,1,0,0,1,1,35,2347.31,0.0,10,6,12,6,2,0,Ativo,4,0.33,0.0
A04625,Associado 4625,55,F,MG,Belo Horizonte,Pessoa Física,2018-04-02,Agência,1,0,0,0,0,0,17,1267.37,0.0,7,6,4,6,4,1,Ativo,1,0.67,0.25
A04626,Associado 4626,56,M,PR,Curitiba,Pessoa Física,2024-12-07,Agência,1,1,1,0,0,0,43,1773.01,5526.47,9,15,12,5,3,0,Ativo,3,0.6,0.0
A04627,Associado 4627,21,M,RS,Porto Alegre,Pessoa Física,2019-02-25,Agência,1,1,1,0,0,0,32,4146.56,0.0,10,14,9,4,3,0,Ativo,3,0.75,0.0
A04628,Associado 4628,42,M,SC,Joinville,Pessoa Física,2025-07-26,Indicação,1,1,0,0,0,1,43,6325.17,7880.66,10,18,11,7,4,2,Ativo,3,0.57,0.5
A04629,Associado 4629,58,M,PR,Londrina,Pessoa Jurídica,2025-02-12,Indicação,1,0,0,0,0,0,5,10053.2,0.0,5,73,0,5,1,0,Churned,1,0.2,0.0
A04630,Associado 4630,32,M,SC,Joinville,Pessoa Física,2025-04-02,Indicação,1,1,1,0,1,0,43,5839.32,9525.86,7,1,12,8,4,0,Ativo,4,0.5,0.0
A04631,Associado 4631,30,M,RS,Caxias do Sul,Agro,2022-03-18,Digital,1,1,0,0,0,1,27,24768.33,0.0,8,11,8,9,2,0,Ativo,3,0.22,0.0
A04632,Associado 4632,52,F,RS,Porto Alegre,Pessoa Jurídica,2022-05-11,Agência,1,1,0,0,0,0,58,18122.69,47368.7,8,29,8,5,2,0,Ativo,2,0.4,0.0
A04633,Associado 4633,51,F,SP,São Paulo,Pessoa Física,2023-03-11,Campanha,1,0,0,0,0,0,5,1912.77,47410.39,9,94,2,11,3,1,Inativo,1,0.27,0.33
A04634,Associado 4634,39,M,MG,Belo Horizonte,Pessoa Jurídica,2018-07-04,Digital,1,0,0,0,0,0,46,10634.11,2876.62,6,63,17,6,4,0,Ativo,1,0.67,0.0
A04635,Associado 4635,22,M,RS,Caxias do Sul,Pessoa Jurídica,2021-12-27,Digital,1,0,0,0,0,0,42,4686.15,39191.95,7,5,8,8,5,0,Ativo,1,0.62,0.0
A04636,Associado 4636,27,F,RJ,Rio de Janeiro,Pessoa Física,2022-02-03,Digital,0,0,0,0,0,0,0,0.0,0.0,3,254,1,4,0,0,Churned,0,0.0,0.0
A04637,Associado 4637,28,M,RS,Porto Alegre,Pessoa Física,2020-08-22,Agência,1,1,0,0,0,0,4,2875.67,4158.83,10,241,0,10,1,0,Churned,2,0.1,0.0
A04638,Associado 4638,52,M,PR,Curitiba,Pessoa Física,2021-02-22,Agência,1,1,0,0,0,0,36,1219.85,0.0,5,3,6,5,2,0,Ativo,2,0.4,0.0
A04639,Associado 4639,44,M,SP,São Paulo,Pessoa Jurídica,2021-07-11,Digital,0,0,0,0,0,0,8,0.0,0.0,5,11,3,3,0,0,Ativo,0,0.0,0.0
A04640,Associado 4640,29,F,SP,São Paulo,Pessoa Jurídica,2020-05-01,Agência,1,1,0,0,1,0,42,4794.38,0.0,8,15,4,7,3,1,Ativo,3,0.43,0.33
A04641,Associado 4641,63,M,MG,Belo Horizonte,Pessoa Física,2024-02-17,Agência,1,0,0,0,0,0,13,2003.08,0.0,5,128,1,6,1,0,Inativo,1,0.17,0.0
A04642,Associado 4642,52,F,RS,Caxias do Sul,Pessoa Jurídica,2023-02-17,Campanha,1,1,1,1,1,0,94,8899.16,15859.88,10,35,6,2,1,0,Ativo,5,0.5,0.0
A04643,Associado 4643,19,M,MG,Belo Horizonte,Pessoa Jurídica,2022-10-17,Digital,1,1,0,0,0,0,49,42024.28,0.0,10,5,13,5,3,0,Ativo,2,0.6,0.0
A04644,Associado 4644,47,M,RS,Porto Alegre,Pessoa Jurídica,2021-05-29,Digital,1,0,0,0,1,0,35,3137.32,0.0,7,2,10,6,2,1,Ativo,2,0.33,0.5
A04645,Associado 4645,39,F,SP,São Paulo,Pessoa Jurídica,2024-02-25,Indicação,1,0,0,0,0,1,17,16147.82,0.0,5,120,0,2,1,0,Inativo,2,0.5,0.0
A04646,Associado 4646,39,M,SP,São Paulo,Pessoa Física,2024-07-19,Campanha,0,0,0,0,0,0,5,0.0,7366.15,6,45,3,8,1,0,Ativo,0,0.12,0.0
A04647,Associado 4647,50,F,PR,Curitiba,Agro,2018-06-23,Agência,1,1,1,0,0,0,3,21275.56,28111.44,8,304,0,10,1,0,Churned,3,0.1,0.0
A04648,Associado 4648,34,F,RS,Porto Alegre,Pessoa Jurídica,2018-08-05,Indicação,1,1,0,0,0,0,37,3997.75,4447.26,5,1,7,4,0,0,Ativo,2,0.0,0.0
A04649,Associado 4649,40,M,MG,Belo Horizonte,Pessoa Jurídica,2023-07-15,Digital,1,0,0,0,0,0,27,55568.09,4809.06,10,5,6,4,1,0,Ativo,1,0.25,0.0
A04650,Associado 4650,59,F,RS,Porto Alegre,Pessoa Física,2022-05-22,Agência,1,0,0,0,0,0,4,2472.6,0.0,7,262,0,4,1,0,Churned,1,0.25,0.0
A04651,Associado 4651,53,F,RS,Caxias do Sul,Pessoa Física,2021-10-28,Agência,1,0,0,0,1,0,8,2420.83,0.0,7,172,2,4,0,0,Inativo,2,0.0,0.0
A04652,Associado 4652,32,M,SP,São Paulo,Pessoa Física,2018-06-23,Digital,1,1,1,0,0,0,35,3259.76,0.0,10,22,12,7,4,1,Ativo,3,0.57,0.25
A04653,Associado 4653,57,M,SC,Joinville,Pessoa Física,2023-10-27,Indicação,1,1,0,0,0,0,22,1645.64,0.0,9,1,4,4,1,0,Ativo,2,0.25,0.0
A04654,Associado 4654,43,M,SP,São Paulo,Pessoa Jurídica,2025-03-08,Agência,1,1,0,0,1,0,66,5565.49,0.0,10,9,10,8,4,1,Ativo,3,0.5,0.25
A04655,Associado 4655,20,F,SC,Joinville,Pessoa Física,2024-10-20,Digital,1,0,0,0,0,0,27,899.18,0.0,5,15,9,1,1,0,Ativo,1,1.0,0.0
A04656,Associado 4656,60,M,RS,Caxias do Sul,Pessoa Jurídica,2024-02-25,Indicação,1,1,1,1,1,0,146,20472.8,0.0,9,4,17,4,2,0,Ativo,5,0.5,0.0
A04657,Associado 4657,36,M,SP,São Paulo,Pessoa Jurídica,2025-04-03,Digital,1,0,0,0,0,0,39,87092.97,54412.36,6,15,9,8,4,3,Ativo,1,0.5,0.75
A04658,Associado 4658,38,M,SC,Joinville,Pessoa Jurídica,2021-07-10,Campanha,1,1,1,1,0,0,66,7754.61,17497.14,10,8,16,7,5,0,Ativo,4,0.71,0.0
A04659,Associado 4659,41,M,RS,Porto Alegre,Pessoa Física,2019-09-26,Campanha,1,1,0,0,1,0,8,3224.65,0.0,3,128,4,6,4,1,Inativo,3,0.67,0.25
A04660,Associado 4660,35,F,SP,São Paulo,Agro,2022-08-27,Digital,1,0,0,0,0,1,27,8510.91,2382.22,7,9,10,6,2,0,Ativo,2,0.33,0.0
A04661,Associado 4661,70,M,SC,Florianópolis,Pessoa Jurídica,2025-04-29,Campanha,1,1,0,1,1,0,62,5741.68,109409.64,10,14,5,9,3,0,Ativo,4,0.33,0.0
A04662,Associado 4662,46,M,PR,Londrina,Pessoa Jurídica,2025-01-16,Agência,1,0,0,0,0,0,51,34098.0,13624.83,10,5,4,5,4,1,Ativo,1,0.8,0.25
A04663,Associado 4663,48,M,SC,Florianópolis,Pessoa Física,2020-08-20,Agência,0,0,0,0,0,0,9,0.0,4149.8,8,25,4,5,1,0,Ativo,0,0.2,0.0
A04664,Associado 4664,31,M,SP,São Paulo,Pessoa Física,2023-01-19,Digital,1,0,0,0,0,0,17,2543.63,17569.25,6,6,15,9,5,0,Ativo,1,0.56,0.0
A04665,Associado 4665,42,M,SP,São Paulo,Pessoa Física,2024-04-20,Digital,1,1,0,0,0,0,29,1854.6,54312.25,10,20,10,9,5,2,Ativo,2,0.56,0.4
A04666,Associado 4666,33,F,SP,São Paulo,Pessoa Física,2019-08-21,Digital,1,1,1,0,0,0,23,2495.1,0.0,10,4,8,6,5,3,Ativo,3,0.83,0.6
A04667,Associado 4667,22,M,RS,Caxias do Sul,Pessoa Física,2025-03-05,Digital,1,0,1,0,0,0,28,9034.8,0.0,9,8,10,5,3,0,Ativo,2,0.6,0.0
A04668,Associado 4668,68,M,SP,São Paulo,Pessoa Física,2022-10-17,Agência,0,0,1,0,0,0,11,0.0,33295.82,8,7,4,4,1,0,Ativo,1,0.25,0.0
A04669,Associado 4669,42,F,PR,Curitiba,Pessoa Jurídica,2020-06-11,Agência,1,0,0,0,0,0,32,19703.32,1699.3,9,18,1,5,0,0,Ativo,1,0.0,0.0
A04670,Associado 4670,58,M,PR,Londrina,Pessoa Física,2018-08-03,Campanha,1,1,1,1,1,0,42,12170.03,2585.17,10,14,5,11,2,0,Ativo,5,0.18,0.0
A04671,Associado 4671,54,F,SC,Joinville,Pessoa Física,2020-06-02,Campanha,1,1,1,0,1,1,24,8499.2,2496.63,7,12,6,10,2,0,Ativo,5,0.2,0.0
A04672,Associado 4672,32,F,MG,Belo Horizonte,Agro,2025-04-03,Indicação,1,0,0,0,0,1,38,6205.83,3024.92,9,9,9,10,5,1,Ativo,2,0.5,0.2
A04673,Associado 4673,42,F,SP,São Paulo,Pessoa Física,2022-06-20,Indicação,1,1,0,0,0,0,10,8768.43,0.0,6,109,1,7,0,0,Inativo,2,0.0,0.0
A04674,Associado 4674,36,F,RS,Porto Alegre,Pessoa Jurídica,2025-02-28,Digital,1,1,1,0,0,0,43,3930.52,5263.03,9,4,12,7,3,1,Ativo,3,0.43,0.33
A04675,Associado 4675,53,M,SC,Joinville,Pessoa Física,2021-05-28,Agência,1,1,0,0,1,0,15,6371.4,0.0,6,165,2,4,2,0,Inativo,3,0.5,0.0
A04676,Associado 4676,39,M,MG,Belo Horizonte,Pessoa Física,2019-08-29,Digital,1,1,1,1,0,0,42,3897.0,9830.42,8,11,24,5,4,0,Ativo,4,0.8,0.0
A04677,Associado 4677,34,F,RS,Porto Alegre,Pessoa Física,2019-07-06,Indicação,1,0,0,0,0,0,16,815.59,0.0,6,2,0,5,2,0,Ativo,1,0.4,0.0
A04678,Associado 4678,28,F,RJ,Rio de Janeiro,Pessoa Jurídica,2024-07-12,Digital,1,0,0,0,0,0,33,14526.95,2221.03,8,2,8,8,0,0,Ativo,1,0.0,0.0
A04679,Associado 4679,56,F,PR,Londrina,Pessoa Física,2018-11-15,Agência,1,1,0,0,0,1,23,2942.65,39423.78,9,12,1,5,3,0,Ativo,3,0.6,0.0
A04680,Associado 4680,21,F,PR,Curitiba,Agro,2024-11-18,Campanha,0,0,0,0,0,0,1,0.0,2211.74,9,187,1,5,1,0,Churned,0,0.2,0.0
A04681,Associado 4681,31,F,RS,Caxias do Sul,Pessoa Física,2019-12-30,Indicação,1,1,1,0,1,0,56,3126.04,7726.38,8,1,14,7,5,1,Ativo,4,0.71,0.2
A04682,Associado 4682,42,M,RS,Caxias do Sul,Pessoa Física,2021-03-23,Agência,1,1,1,1,0,0,21,3772.05,7715.91,10,8,3,10,2,0,Ativo,4,0.2,0.0
A04683,Associado 4683,33,F,MG,Belo Horizonte,Pessoa Jurídica,2018-12-17,Digital,1,1,0,0,0,0,58,28614.06,0.0,9,1,17,6,4,1,Ativo,2,0.67,0.25
A04684,Associado 4684,45,M,RS,Caxias do Sul,Pessoa Física,2020-12-21,Campanha,1,1,0,1,0,0,25,6919.94,27681.12,10,1,4,7,2,0,Ativo,3,0.29,0.0
A04685,Associado 4685,57,F,SP,São Paulo,Pessoa Jurídica,2022-01-23,Agência,1,0,0,0,0,0,5,43240.98,0.0,8,145,1,6,0,0,Inativo,1,0.0,0.0
A04686,Associado 4686,25,F,SC,Joinville,Pessoa Física,2020-08-07,Digital,0,0,0,0,0,0,13,0.0,22175.69,5,16,11,6,2,0,Ativo,0,0.33,0.0
A04687,Associado 4687,27,M,RS,Caxias do Sul,Pessoa Física,2018-07-09,Digital,1,0,0,0,0,1,16,2420.5,0.0,5,4,2,5,3,0,Ativo,2,0.6,0.0
A04688,Associado 4688,23,F,RS,Porto Alegre,Pessoa Jurídica,2022-03-26,Digital,1,1,1,0,0,0,58,3140.34,0.0,6,6,12,4,2,0,Ativo,3,0.5,0.0
A04689,Associado 4689,48,M,SC,Florianópolis,Agro,2022-07-24,Indicação,1,1,0,0,0,1,40,3264.63,8346.77,6,9,4,11,4,1,Ativo,3,0.36,0.25
A04690,Associado 4690,24,M,RJ,Rio de Janeiro,Pessoa Física,2022-02-05,Digital,0,0,0,0,0,0,0,0.0,0.0,8,262,1,3,0,0,Churned,0,0.0,0.0
A04691,Associado 4691,64,F,SC,Florianópolis,Pessoa Jurídica,2019-11-18,Agência,1,0,1,0,0,0,35,14175.68,12218.45,10,12,14,3,1,0,Ativo,2,0.33,0.0
A04692,Associado 4692,48,F,SC,Joinville,Pessoa Física,2018-03-14,Agência,1,0,0,0,0,0,10,4272.33,0.0,8,147,2,5,0,0,Inativo,1,0.0,0.0
A04693,Associado 4693,38,M,RS,Caxias do Sul,Pessoa Jurídica,2021-06-16,Agência,1,1,0,1,0,0,71,32907.67,0.0,9,3,11,8,2,0,Ativo,3,0.25,0.0
A04694,Associado 4694,33,M,SC,Joinville,Pessoa Jurídica,2024-09-29,Digital,1,1,0,0,1,0,55,10770.27,0.0,10,9,14,7,6,0,Ativo,3,0.86,0.0
A04695,Associado 4695,53,F,SC,Florianópolis,Pessoa Física,2024-02-05,Indicação,1,1,0,1,0,0,35,4827.28,0.0,7,14,10,4,1,0,Ativo,3,0.25,0.0
A04696,Associado 4696,36,M,MG,Belo Horizonte,Pessoa Física,2020-12-26,Agência,1,1,0,1,0,0,11,11271.57,0.0,9,94,3,4,0,0,Inativo,3,0.0,0.0
A04697,Associado 4697,24,F,SC,Florianópolis,Pessoa Física,2022-06-05,Digital,1,1,0,0,0,0,31,3046.87,0.0,6,2,16,6,3,0,Ativo,2,0.5,0.0
A04698,Associado 4698,42,F,SC,Joinville,Pessoa Física,2018-03-18,Indicação,1,1,1,0,0,0,36,2367.93,37456.69,8,13,11,2,0,0,Ativo,3,0.0,0.0
A04699,Associado 4699,61,F,RS,Porto Alegre,Pessoa Física,2024-04-14,Agência,1,1,0,0,0,0,4,2351.19,20908.16,9,171,1,8,2,1,Churned,2,0.25,0.5
A04700,Associado 4700,27,M,RJ,Rio de Janeiro,Pessoa Jurídica,2019-12-08,Digital,1,0,0,0,0,0,22,11099.37,0.0,9,13,5,8,0,0,Ativo,1,0.0,0.0
A04701,Associado 4701,55,F,RS,Porto Alegre,Agro,2020-09-14,Indicação,1,1,1,0,1,0,7,13703.84,0.0,10,95,1,3,0,0,Inativo,4,0.0,0.0
A04702,Associado 4702,41,M,RS,Porto Alegre,Pessoa Física,2023-10-17,Digital,1,0,0,0,0,0,14,1682.62,0.0,6,7,5,2,1,0,Ativo,1,0.5,0.0
A04703,Associado 4703,36,M,PR,Curitiba,Pessoa Física,2022-05-11,Digital,1,0,0,0,0,0,1,2857.4,0.0,6,237,0,3,1,0,Churned,1,0.33,0.0
A04704,Associado 4704,34,F,PR,Curitiba,Pessoa Física,2022-12-11,Digital,1,0,0,0,0,0,4,3752.39,5071.44,10,104,2,7,2,0,Inativo,1,0.29,0.0
A04705,Associado 4705,42,M,SC,Florianópolis,Agro,2019-08-11,Campanha,1,1,1,0,1,1,39,5662.48,0.0,10,4,11,7,4,0,Ativo,5,0.57,0.0
A04706,Associado 4706,36,M,SC,Joinville,Pessoa Física,2020-04-22,Digital,1,1,0,0,0,0,15,2036.02,0.0,10,30,4,4,2,0,Ativo,2,0.5,0.0
A04707,Associado 4707,24,M,SP,São Paulo,Pessoa Física,2025-09-29,Digital,1,1,1,0,0,0,1,1992.57,0.0,7,207,2,4,2,0,Churned,3,0.5,0.0
A04708,Associado 4708,23,M,RS,Porto Alegre,Pessoa Física,2022-04-15,Digital,1,0,0,0,0,0,44,1726.36,1341.24,8,2,33,5,5,3,Ativo,1,1.0,0.6
A04709,Associado 4709,42,M,SP,São Paulo,Pessoa Física,2019-12-23,Agência,1,1,0,0,0,0,27,2219.01,14928.2,9,27,2,9,4,0,Ativo,2,0.44,0.0
A04710,Associado 4710,27,F,PR,Curitiba,Pessoa Física,2022-12-10,Digital,0,0,1,0,1,0,13,0.0,4439.58,8,1,16,10,8,3,Ativo,2,0.8,0.38
A04711,Associado 4711,41,F,SC,Florianópolis,Pessoa Física,2018-11-20,Digital,1,0,0,0,1,0,26,1310.89,42407.99,9,0,8,6,4,0,Ativo,2,0.67,0.0
A04712,Associado 4712,36,M,SC,Joinville,Pessoa Física,2019-10-17,Agência,0,0,0,0,0,0,1,0.0,8012.51,7,282,0,3,1,0,Churned,0,0.33,0.0
A04713,Associado 4713,31,F,RS,Porto Alegre,Pessoa Física,2018-05-25,Digital,1,1,0,0,1,0,27,3043.31,0.0,10,4,16,5,2,0,Ativo,3,0.4,0.0
A04714,Associado 4714,48,F,SP,São Paulo,Pessoa Física,2025-09-22,Agência,0,0,0,0,0,0,9,0.0,0.0,2,4,4,10,3,2,Ativo,0,0.3,0.67
A04715,Associado 4715,26,F,SC,Joinville,Pessoa Física,2022-08-24,Digital,1,0,0,0,0,0,0,3884.06,5308.46,7,165,2,3,1,0,Churned,1,0.33,0.0
A04716,Associado 4716,64,M,RS,Porto Alegre,Pessoa Física,2024-06-15,Agência,1,0,0,0,0,0,19,1223.16,0.0,9,2,3,7,2,0,Ativo,1,0.29,0.0
A04717,Associado 4717,19,M,PR,Curitiba,Agro,2018-05-24,Agência,0,0,0,0,0,1,3,0.0,6621.41,9,114,1,4,1,0,Inativo,1,0.25,0.0
A04718,Associado 4718,44,F,RJ,Rio de Janeiro,Agro,2020-07-30,Indicação,1,0,0,0,0,0,23,1747.59,6654.15,10,1,6,7,3,1,Ativo,1,0.43,0.33
A04719,Associado 4719,33,F,SC,Joinville,Pessoa Física,2025-06-04,Campanha,1,0,0,0,0,0,5,1442.59,27912.39,9,152,1,6,1,0,Inativo,1,0.17,0.0
A04720,Associado 4720,22,F,MG,Belo Horizonte,Pessoa Física,2020-06-11,Agência,1,1,0,0,0,0,24,1535.51,26452.53,9,4,8,8,4,0,Ativo,2,0.5,0.0
A04721,Associado 4721,30,M,RS,Porto Alegre,Pessoa Jurídica,2025-01-08,Digital,1,0,0,0,0,0,25,12459.25,0.0,8,10,5,9,2,0,Ativo,1,0.22,0.0
A04722,Associado 4722,46,M,RS,Porto Alegre,Pessoa Física,2018-07-14,Agência,1,0,0,0,0,0,25,9658.94,0.0,7,10,2,8,3,0,Ativo,1,0.38,0.0
A04723,Associado 4723,47,F,RS,Porto Alegre,Pessoa Física,2022-07-19,Digital,1,1,1,0,0,0,34,2244.22,73943.59,10,4,10,7,3,0,Ativo,3,0.43,0.0
A04724,Associado 4724,41,M,SC,Florianópolis,Pessoa Física,2022-05-31,Digital,1,0,0,0,1,0,42,9557.73,7661.3,8,17,14,2,2,0,Ativo,2,1.0,0.0
A04725,Associado 4725,43,M,RS,Porto Alegre,Agro,2020-03-28,Agência,1,1,0,0,0,1,31,8503.87,7429.33,8,3,4,3,0,0,Ativo,3,0.0,0.0
A04726,Associado 4726,42,M,RS,Porto Alegre,Agro,2025-08-08,Indicação,1,1,1,0,1,1,86,1467.41,9130.35,8,1,13,7,5,1,Ativo,5,0.71,0.2
A04727,Associado 4727,42,F,MG,Belo Horizonte,Pessoa Física,2021-02-10,Agência,1,1,0,0,0,0,13,3013.6,6040.04,5,85,5,4,2,0,Inativo,2,0.5,0.0
A04728,Associado 4728,45,M,SP,São Paulo,Pessoa Física,2021-07-23,Agência,1,1,1,0,0,1,40,4386.61,0.0,7,31,12,2,0,0,Ativo,4,0.0,0.0
A04729,Associado 4729,41,M,SP,São Paulo,Agro,2024-11-28,Indicação,1,1,0,0,0,1,31,9789.33,0.0,8,8,7,7,5,1,Ativo,3,0.71,0.2
A04730,Associado 4730,36,F,RS,Caxias do Sul,Agro,2022-07-19,Indicação,0,0,0,0,0,1,0,0.0,73660.05,6,172,0,6,3,1,Churned,1,0.5,0.33
A04731,Associado 4731,43,F,RS,Caxias do Sul,Agro,2021-08-07,Digital,0,1,0,0,0,1,15,0.0,0.0,8,24,15,9,8,1,Ativo,2,0.89,0.12
A04732,Associado 4732,32,F,RS,Caxias do Sul,Pessoa Física,2019-03-10,Digital,1,1,0,0,1,0,26,735.84,28262.02,10,14,16,2,1,0,Ativo,3,0.5,0.0
A04733,Associado 4733,39,M,SP,São Paulo,Pessoa Física,2019-02-21,Digital,1,1,0,1,1,0,31,5700.54,0.0,6,38,18,6,6,0,Ativo,4,1.0,0.0
A04734,Associado 4734,35,M,MG,Belo Horizonte,Pessoa Jurídica,2023-02-02,Digital,1,0,0,0,0,0,26,33957.25,0.0,6,14,4,9,2,0,Ativo,1,0.22,0.0
A04735,Associado 4735,33,M,SC,Joinville,Pessoa Física,2019-12-12,Digital,1,1,1,0,1,0,102,9703.4,1496.84,9,15,44,4,4,0,Ativo,4,1.0,0.0
A04736,Associado 4736,25,M,RS,Porto Alegre,Pessoa Física,2018-05-18,Digital,1,0,0,0,0,1,13,3508.53,0.0,6,1,6,6,3,0,Ativo,2,0.5,0.0
A04737,Associado 4737,52,M,SC,Florianópolis,Pessoa Física,2022-10-20,Digital,1,1,0,0,0,0,30,4694.83,9526.7,8,29,18,5,5,0,Ativo,2,1.0,0.0
A04738,Associado 4738,52,M,RS,Caxias do Sul,Agro,2023-12-22,Indicação,0,0,0,0,1,1,16,0.0,0.0,8,3,3,8,2,0,Ativo,2,0.25,0.0
A04739,Associado 4739,48,F,SC,Florianópolis,Agro,2021-03-30,Indicação,1,1,1,1,1,1,39,5264.37,3103.71,10,25,12,9,2,1,Ativo,6,0.22,0.5
A04740,Associado 4740,38,M,PR,Curitiba,Pessoa Física,2022-11-19,Digital,1,1,0,0,0,0,25,821.87,0.0,9,16,9,7,3,0,Ativo,2,0.43,0.0
A04741,Associado 4741,46,M,SP,São Paulo,Agro,2020-01-04,Digital,0,0,0,0,1,0,7,0.0,5307.31,9,159,3,6,2,0,Inativo,1,0.33,0.0
A04742,Associado 4742,48,F,RS,Porto Alegre,Pessoa Física,2023-01-26,Digital,0,1,1,0,0,0,16,0.0,18337.43,10,5,19,5,3,0,Ativo,2,0.6,0.0
A04743,Associado 4743,33,F,RS,Porto Alegre,Pessoa Jurídica,2024-08-21,Digital,1,1,0,0,0,0,31,45210.41,0.0,7,4,7,5,1,0,Ativo,2,0.2,0.0
A04744,Associado 4744,39,M,RJ,Rio de Janeiro,Pessoa Física,2021-09-15,Digital,1,1,0,0,0,0,5,1508.31,0.0,6,139,8,10,7,0,Inativo,2,0.7,0.0
A04745,Associado 4745,57,M,RS,Porto Alegre,Pessoa Física,2019-01-30,Campanha,1,0,0,0,0,0,7,3571.44,10472.26,7,162,0,5,1,0,Inativo,1,0.2,0.0
A04746,Associado 4746,57,F,RS,Caxias do Sul,Pessoa Física,2021-04-10,Indicação,1,1,0,0,0,0,17,2780.15,182521.88,9,1,8,8,1,0,Ativo,2,0.12,0.0
A04747,Associado 4747,41,M,RS,Porto Alegre,Pessoa Física,2024-11-22,Campanha,0,0,0,0,0,0,1,0.0,0.0,5,222,0,2,0,0,Churned,0,0.0,0.0
A04748,Associado 4748,59,F,RS,Porto Alegre,Pessoa Física,2025-09-19,Indicação,1,1,0,0,0,0,33,616.19,65033.39,8,25,8,7,3,2,Ativo,2,0.43,0.67
A04749,Associado 4749,69,F,SC,Joinville,Pessoa Física,2023-07-22,Campanha,1,0,0,0,0,0,21,2799.77,179371.72,9,7,5,10,7,0,Ativo,1,0.7,0.0
A04750,Associado 4750,38,M,SP,São Paulo,Agro,2021-02-17,Digital,1,0,0,0,0,0,32,5452.54,13973.97,6,13,8,7,5,1,Ativo,1,0.71,0.2
A04751,Associado 4751,54,F,RS,Porto Alegre,Pessoa Física,2023-08-29,Campanha,0,0,1,0,0,0,8,0.0,25180.85,10,18,3,9,2,0,Ativo,1,0.22,0.0
A04752,Associado 4752,19,M,SC,Joinville,Pessoa Física,2020-03-18,Agência,1,1,1,0,1,0,57,5436.46,5293.26,10,1,17,4,3,1,Ativo,4,0.75,0.33
A04753,Associado 4753,31,F,PR,Londrina,Pessoa Física,2018-09-04,Agência,1,1,0,0,0,0,31,2979.31,0.0,7,21,7,5,0,0,Ativo,2,0.0,0.0
A04754,Associado 4754,44,F,SC,Joinville,Pessoa Física,2021-05-13,Digital,1,0,0,0,0,0,4,3455.38,4750.23,9,141,3,12,4,1,Inativo,1,0.33,0.25
A04755,Associado 4755,34,F,MG,Belo Horizonte,Pessoa Física,2018-12-08,Campanha,1,1,0,0,0,0,10,1816.77,6361.32,8,178,2,8,2,0,Inativo,2,0.25,0.0
A04756,Associado 4756,19,M,MG,Belo Horizonte,Pessoa Jurídica,2024-07-20,Digital,1,1,0,0,0,0,22,5969.92,0.0,9,20,5,2,2,0,Ativo,2,1.0,0.0
A04757,Associado 4757,53,M,RS,Caxias do Sul,Pessoa Física,2023-04-24,Agência,1,1,0,0,0,0,20,1497.62,18457.11,8,4,5,7,3,0,Ativo,2,0.43,0.0
A04758,Associado 4758,37,M,SP,São Paulo,Pessoa Jurídica,2024-08-31,Digital,1,1,0,0,0,0,58,8312.7,3509.45,6,4,15,12,9,2,Ativo,2,0.75,0.22
A04759,Associado 4759,38,M,SC,Florianópolis,Pessoa Jurídica,2018-12-08,Digital,1,1,0,0,0,0,64,3751.86,0.0,7,5,14,11,7,0,Ativo,2,0.64,0.0
A04760,Associado 4760,33,M,RJ,Rio de Janeiro,Pessoa Física,2018-04-18,Digital,1,1,1,0,1,0,41,3408.65,0.0,10,1,13,11,7,1,Ativo,4,0.64,0.14
A04761,Associado 4761,40,M,SC,Florianópolis,Pessoa Física,2025-06-17,Indicação,1,1,1,0,0,0,38,4279.06,28170.6,10,8,10,5,1,0,Ativo,3,0.2,0.0
A04762,Associado 4762,49,F,RJ,Rio de Janeiro,Agro,2019-09-25,Campanha,1,1,0,0,0,0,26,8242.72,32293.21,10,14,9,7,2,0,Ativo,2,0.29,0.0
A04763,Associado 4763,38,F,SP,São Paulo,Pessoa Física,2020-09-24,Campanha,1,1,1,0,1,0,43,2675.45,3404.16,7,3,4,6,2,0,Ativo,4,0.33,0.0
A04764,Associado 4764,54,M,RS,Caxias do Sul,Pessoa Física,2021-11-26,Agência,1,1,0,0,0,0,30,2218.54,13843.72,3,11,8,7,3,0,Ativo,2,0.43,0.0
A04765,Associado 4765,21,M,SC,Florianópolis,Agro,2019-08-19,Digital,1,1,0,0,0,1,36,10091.54,0.0,7,3,27,4,3,3,Ativo,3,0.75,1.0
A04766,Associado 4766,32,M,RJ,Rio de Janeiro,Pessoa Física,2021-08-18,Digital,1,0,0,0,0,0,1,2298.18,4585.18,7,199,0,5,1,0,Churned,1,0.2,0.0
A04767,Associado 4767,55,F,MG,Belo Horizonte,Pessoa Física,2022-12-02,Digital,1,1,0,0,0,0,29,2726.28,0.0,7,1,7,9,3,0,Ativo,2,0.33,0.0
A04768,Associado 4768,67,M,RS,Porto Alegre,Agro,2021-02-04,Agência,1,1,0,0,0,0,16,11595.9,24029.09,7,0,5,9,1,0,Ativo,2,0.11,0.0
A04769,Associado 4769,43,M,SP,São Paulo,Pessoa Física,2019-08-08,Indicação,1,1,0,1,1,0,41,3906.11,0.0,10,9,12,5,1,0,Ativo,4,0.2,0.0
A04770,Associado 4770,36,M,RS,Porto Alegre,Pessoa Física,2024-11-29,Digital,1,1,0,0,0,0,40,2928.26,1457.83,7,6,6,10,5,0,Ativo,2,0.5,0.0
A04771,Associado 4771,54,F,RS,Porto Alegre,Agro,2024-07-12,Campanha,1,0,0,0,0,1,1,2017.42,0.0,4,172,0,5,0,0,Churned,2,0.0,0.0
A04772,Associado 4772,43,F,SC,Joinville,Agro,2024-06-18,Campanha,1,0,0,0,0,1,26,949.28,0.0,9,3,3,9,5,0,Ativo,2,0.56,0.0
A04773,Associado 4773,51,F,RS,Caxias do Sul,Pessoa Física,2021-03-23,Agência,1,1,0,1,1,0,8,4185.25,0.0,10,85,3,6,2,0,Inativo,4,0.33,0.0
A04774,Associado 4774,22,F,SP,São Paulo,Pessoa Física,2022-12-30,Campanha,0,1,0,0,0,0,9,0.0,0.0,10,48,4,8,2,1,Inativo,1,0.25,0.5
A04775,Associado 4775,58,M,RS,Porto Alegre,Pessoa Jurídica,2019-09-01,Indicação,1,1,0,1,1,0,52,17075.55,5507.19,8,12,8,8,3,0,Ativo,4,0.38,0.0
A04776,Associado 4776,21,M,SP,São Paulo,Pessoa Jurídica,2023-01-02,Digital,1,1,0,0,0,0,13,6688.69,0.0,7,116,2,6,1,0,Inativo,2,0.17,0.0
A04777,Associado 4777,19,M,RS,Caxias do Sul,Pessoa Física,2021-10-04,Digital,1,1,0,0,0,0,14,8323.92,0.0,8,2,16,7,6,1,Ativo,2,0.86,0.17
A04778,Associado 4778,56,F,RS,Porto Alegre,Pessoa Física,2022-11-25,Digital,1,1,0,0,0,0,11,5110.46,0.0,9,27,9,7,3,1,Ativo,2,0.43,0.33
A04779,Associado 4779,32,M,RS,Caxias do Sul,Pessoa Física,2025-03-26,Digital,1,1,0,0,1,0,56,3803.91,0.0,8,6,16,5,3,0,Ativo,3,0.6,0.0
A04780,Associado 4780,38,F,RS,Porto Alegre,Agro,2024-06-05,Digital,1,1,1,0,0,1,29,6789.3,0.0,7,21,12,9,4,1,Ativo,4,0.44,0.25
A04781,Associado 4781,71,M,RS,Porto Alegre,Agro,2025-07-02,Agência,1,1,0,1,0,1,31,2484.4,28635.75,9,1,12,9,4,0,Ativo,4,0.44,0.0
A04782,Associado 4782,37,M,RS,Porto Alegre,Agro,2019-12-29,Digital,1,1,1,1,0,1,44,23649.47,9034.7,10,6,13,9,6,0,Ativo,5,0.67,0.0
A04783,Associado 4783,72,M,PR,Curitiba,Agro,2022-04-07,Agência,1,1,0,0,1,1,33,5583.54,0.0,8,12,9,8,3,0,Ativo,4,0.38,0.0
A04784,Associado 4784,48,M,RS,Porto Alegre,Pessoa Física,2018-08-24,Agência,0,0,0,0,0,0,2,0.0,0.0,5,104,2,10,3,1,Inativo,0,0.3,0.33
A04785,Associado 4785,39,F,SC,Joinville,Pessoa Física,2020-08-22,Digital,0,0,0,0,0,0,19,0.0,18357.59,4,15,19,5,4,1,Ativo,0,0.8,0.25
A04786,Associado 4786,20,F,SC,Joinville,Pessoa Jurídica,2018-07-30,Digital,1,1,0,0,0,0,79,10425.39,23174.85,9,2,24,7,6,1,Ativo,2,0.86,0.17
A04787,Associado 4787,54,F,MG,Belo Horizonte,Pessoa Jurídica,2018-10-13,Digital,1,1,0,0,1,0,59,4668.55,3505.29,10,23,9,4,1,0,Ativo,3,0.25,0.0
A04788,Associado 4788,41,M,MG,Belo Horizonte,Pessoa Física,2024-10-06,Agência,0,0,0,1,0,0,14,0.0,0.0,7,6,11,6,3,0,Ativo,1,0.5,0.0
A04789,Associado 4789,56,F,SC,Joinville,Pessoa Física,2022-10-09,Campanha,1,0,1,0,0,0,12,1606.53,0.0,5,111,4,10,2,0,Inativo,2,0.2,0.0
A04790,Associado 4790,31,M,RS,Porto Alegre,Agro,2019-05-09,Digital,1,0,0,0,0,0,31,12315.46,0.0,8,2,12,5,2,0,Ativo,1,0.4,0.0
A04791,Associado 4791,43,M,RS,Caxias do Sul,Pessoa Física,2020-10-14,Agência,0,0,1,0,0,0,11,0.0,8763.43,7,25,8,9,4,1,Ativo,1,0.44,0.25
A04792,Associado 4792,29,M,RJ,Rio de Janeiro,Pessoa Física,2025-09-15,Digital,1,1,1,0,0,0,48,5274.09,0.0,8,8,30,11,10,0,Ativo,3,0.91,0.0
A04793,Associado 4793,27,M,RS,Porto Alegre,Pessoa Jurídica,2023-06-13,Digital,1,1,0,0,0,0,92,12344.27,5805.79,10,2,25,8,8,4,Ativo,2,1.0,0.5
A04794,Associado 4794,42,M,RS,Caxias do Sul,Pessoa Jurídica,2024-07-20,Agência,1,1,0,0,0,0,3,41444.36,4853.12,7,169,1,4,1,0,Churned,2,0.25,0.0
A04795,Associado 4795,33,F,RS,Caxias do Sul,Pessoa Física,2019-06-07,Digital,1,1,1,0,0,0,37,6892.96,15342.41,10,39,17,2,1,0,Ativo,3,0.5,0.0
A04796,Associado 4796,35,F,RS,Porto Alegre,Pessoa Jurídica,2020-03-29,Indicação,1,1,0,0,0,0,53,32976.81,0.0,7,1,5,1,1,0,Ativo,2,1.0,0.0
A04797,Associado 4797,25,M,RS,Caxias do Sul,Pessoa Física,2024-06-24,Indicação,1,1,0,0,0,0,28,1789.27,0.0,7,16,14,5,5,2,Ativo,2,1.0,0.4
A04798,Associado 4798,30,M,SP,São Paulo,Pessoa Física,2021-09-27,Agência,1,1,0,0,0,0,41,3375.49,0.0,7,21,12,5,1,0,Ativo,2,0.2,0.0
A04799,Associado 4799,58,F,RS,Caxias do Sul,Pessoa Física,2022-07-15,Campanha,1,1,1,0,0,0,24,2159.93,8861.02,10,2,9,5,3,1,Ativo,3,0.6,0.33
A04800,Associado 4800,18,M,PR,Londrina,Pessoa Jurídica,2025-07-05,Digital,1,1,0,0,0,0,56,18081.01,0.0,8,15,10,5,4,1,Ativo,2,0.8,0.25
A04801,Associado 4801,51,F,RS,Porto Alegre,Agro,2019-08-13,Campanha,1,1,0,1,0,0,31,3392.98,0.0,10,23,5,8,2,1,Ativo,3,0.25,0.5
A04802,Associado 4802,42,M,RS,Caxias do Sul,Pessoa Jurídica,2019-09-27,Agência,1,0,0,0,0,0,28,7922.87,7793.11,10,2,3,7,2,1,Ativo,1,0.29,0.5
A04803,Associado 4803,45,F,MG,Belo Horizonte,Agro,2022-12-17,Digital,1,1,0,0,1,1,30,16235.65,12132.62,7,15,10,4,1,0,Ativo,4,0.25,0.0
A04804,Associado 4804,41,M,RS,Porto Alegre,Pessoa Física,2018-07-27,Digital,0,0,0,0,0,0,0,0.0,0.0,8,22,4,7,2,0,Inativo,0,0.29,0.0
A04805,Associado 4805,49,F,SP,São Paulo,Pessoa Física,2024-02-12,Agência,1,1,0,0,1,0,25,2283.32,1794.17,6,8,11,7,3,1,Ativo,3,0.43,0.33
A04806,Associado 4806,69,M,SC,Florianópolis,Pessoa Física,2020-09-03,Indicação,1,1,0,0,1,0,22,2733.22,77123.57,8,24,4,5,2,1,Ativo,3,0.4,0.5
A04807,Associado 4807,35,M,RS,Porto Alegre,Pessoa Física,2023-08-27,Digital,1,1,1,1,1,0,38,5684.26,0.0,10,4,16,4,3,1,Ativo,5,0.75,0.33
A04808,Associado 4808,41,M,RJ,Rio de Janeiro,Pessoa Jurídica,2021-08-06,Agência,1,1,1,0,0,0,48,9392.41,20268.7,10,1,7,4,3,0,Ativo,3,0.75,0.0
A04809,Associado 4809,41,M,RS,Caxias do Sul,Pessoa Jurídica,2018-09-11,Digital,1,1,1,0,0,0,101,17667.36,13870.29,7,15,44,9,9,1,Ativo,3,1.0,0.11
A04810,Associado 4810,37,M,MG,Belo Horizonte,Agro,2020-08-28,Digital,1,0,0,0,0,0,0,41479.97,0.0,9,221,2,6,2,1,Churned,1,0.33,0.5
A04811,Associado 4811,45,F,RS,Porto Alegre,Pessoa Física,2019-09-03,Agência,1,1,0,1,0,0,23,3492.17,27491.09,8,15,4,7,2,1,Ativo,3,0.29,0.5
A04812,Associado 4812,46,M,MG,Belo Horizonte,Pessoa Física,2024-10-29,Campanha,1,1,0,0,0,0,44,1210.68,0.0,9,4,7,7,3,1,Ativo,2,0.43,0.33
A04813,Associado 4813,46,M,RS,Porto Alegre,Pessoa Física,2022-01-19,Campanha,1,0,1,0,0,0,35,6231.13,0.0,7,31,11,6,4,1,Ativo,2,0.67,0.25
A04814,Associado 4814,25,M,SC,Florianópolis,Pessoa Física,2021-03-16,Agência,1,1,0,0,0,0,20,2081.78,23518.83,6,2,4,6,3,0,Ativo,2,0.5,0.0
A04815,Associado 4815,52,M,SP,São Paulo,Pessoa Física,2020-06-02,Digital,1,1,1,0,1,0,40,793.93,9605.65,9,13,18,4,2,0,Ativo,4,0.5,0.0
A04816,Associado 4816,40,F,MG,Belo Horizonte,Pessoa Física,2021-10-31,Digital,1,0,0,0,0,0,7,417.43,6077.27,7,87,2,6,3,1,Inativo,1,0.5,0.33
A04817,Associado 4817,63,F,MG,Belo Horizonte,Pessoa Física,2019-05-21,Indicação,1,0,0,0,0,0,16,3674.48,88277.95,9,12,1,7,1,1,Ativo,1,0.14,1.0
A04818,Associado 4818,29,F,SP,São Paulo,Pessoa Física,2024-07-03,Campanha,1,0,0,0,0,0,34,7131.16,1659.63,9,7,8,6,3,0,Ativo,1,0.5,0.0
A04819,Associado 4819,20,M,MG,Belo Horizonte,Pessoa Física,2018-12-15,Digital,1,1,0,0,0,0,23,4458.14,0.0,10,3,13,4,4,1,Ativo,2,1.0,0.25
A04820,Associado 4820,19,M,RS,Porto Alegre,Pessoa Física,2024-06-12,Indicação,1,1,0,0,0,0,15,5723.6,0.0,10,113,8,8,4,0,Inativo,2,0.5,0.0
A04821,Associado 4821,33,M,RS,Caxias do Sul,Pessoa Física,2018-07-18,Digital,1,0,0,0,0,0,34,5133.8,20502.22,10,4,12,8,4,0,Ativo,1,0.5,0.0
A04822,Associado 4822,38,M,RS,Caxias do Sul,Pessoa Física,2021-02-21,Digital,0,0,0,0,0,0,1,0.0,12636.47,6,279,1,4,1,0,Churned,0,0.25,0.0
A04823,Associado 4823,38,M,SC,Florianópolis,Pessoa Física,2021-03-26,Campanha,1,1,0,0,0,0,48,5258.19,11830.3,8,10,4,5,1,1,Ativo,2,0.2,1.0
A04824,Associado 4824,45,F,SC,Florianópolis,Pessoa Física,2025-04-08,Digital,1,0,0,0,0,0,11,5220.11,0.0,6,66,4,7,2,0,Inativo,1,0.29,0.0
A04825,Associado 4825,40,F,SC,Florianópolis,Pessoa Física,2019-09-03,Digital,1,1,1,0,0,0,20,3626.15,0.0,8,11,22,4,4,0,Ativo,3,1.0,0.0
A04826,Associado 4826,62,F,RS,Porto Alegre,Pessoa Física,2020-07-09,Indicação,1,1,1,0,1,0,41,6775.76,23160.4,10,26,10,5,4,0,Ativo,4,0.8,0.0
A04827,Associado 4827,41,M,PR,Curitiba,Pessoa Física,2023-03-18,Agência,1,1,0,0,0,0,24,5445.9,0.0,7,1,3,7,0,0,Ativo,2,0.0,0.0
A04828,Associado 4828,47,F,RS,Caxias do Sul,Pessoa Jurídica,2024-04-01,Digital,1,1,1,1,0,0,79,16558.95,0.0,10,5,13,5,4,0,Ativo,4,0.8,0.0
A04829,Associado 4829,37,F,RS,Caxias do Sul,Pessoa Jurídica,2022-09-22,Campanha,1,0,1,0,0,0,53,5719.95,0.0,8,28,7,6,5,0,Ativo,2,0.83,0.0
A04830,Associado 4830,36,M,SC,Joinville,Pessoa Jurídica,2021-08-10,Indicação,1,1,1,0,0,0,15,5456.76,0.0,8,64,1,7,2,0,Inativo,3,0.29,0.0
A04831,Associado 4831,24,F,SP,São Paulo,Pessoa Física,2020-02-24,Indicação,1,1,1,1,0,0,47,1379.11,0.0,7,2,18,6,5,2,Ativo,4,0.83,0.4
A04832,Associado 4832,50,M,SP,São Paulo,Pessoa Física,2020-08-16,Agência,1,1,0,0,0,0,28,6718.51,36145.27,6,3,3,5,2,0,Ativo,2,0.4,0.0
A04833,Associado 4833,33,M,PR,Curitiba,Pessoa Jurídica,2021-04-12,Digital,1,1,1,1,1,1,88,28624.43,4944.83,10,8,15,5,4,1,Ativo,6,0.8,0.25
A04834,Associado 4834,55,M,RS,Porto Alegre,Pessoa Física,2021-11-27,Campanha,1,1,0,0,0,0,31,2441.31,14084.95,9,14,2,6,1,0,Ativo,2,0.17,0.0
A04835,Associado 4835,30,M,SC,Florianópolis,Pessoa Jurídica,2024-08-25,Digital,1,0,1,0,0,0,16,17923.11,0.0,2,126,6,8,2,0,Inativo,2,0.25,0.0
A04836,Associado 4836,70,M,RS,Porto Alegre,Pessoa Física,2023-01-16,Agência,1,1,0,0,0,0,21,2498.98,136454.37,10,9,4,6,1,0,Ativo,2,0.17,0.0
A04837,Associado 4837,39,F,SC,Joinville,Pessoa Física,2020-02-07,Digital,0,0,1,1,0,0,25,0.0,6790.64,10,12,14,10,6,1,Ativo,2,0.6,0.17
A04838,Associado 4838,23,M,SC,Florianópolis,Pessoa Jurídica,2023-11-14,Digital,1,1,0,0,0,0,56,17584.41,0.0,7,7,16,6,5,0,Ativo,2,0.83,0.0
A04839,Associado 4839,42,M,RS,Caxias do Sul,Pessoa Física,2023-09-10,Agência,0,0,0,0,0,0,0,0.0,12313.89,4,66,2,6,2,0,Churned,0,0.33,0.0
A04840,Associado 4840,35,F,RS,Caxias do Sul,Pessoa Física,2023-11-15,Campanha,1,1,0,0,0,0,9,999.14,19503.9,4,155,5,12,3,0,Inativo,2,0.25,0.0
A04841,Associado 4841,55,M,RJ,Rio de Janeiro,Pessoa Física,2022-02-02,Campanha,0,1,0,0,1,0,9,0.0,9776.07,8,6,3,5,1,0,Ativo,2,0.2,0.0
A04842,Associado 4842,46,M,RJ,Rio de Janeiro,Pessoa Física,2019-12-06,Digital,1,1,1,0,0,0,12,6081.61,3217.24,8,15,3,6,0,0,Ativo,3,0.0,0.0
A04843,Associado 4843,56,F,SC,Joinville,Pessoa Física,2022-11-04,Indicação,1,1,1,0,0,0,30,3267.52,13869.74,8,16,10,9,7,4,Ativo,3,0.78,0.57
A04844,Associado 4844,50,F,RS,Caxias do Sul,Pessoa Física,2020-12-05,Campanha,1,1,0,0,1,0,34,2352.23,3351.53,10,16,11,6,4,0,Ativo,3,0.67,0.0
A04845,Associado 4845,36,M,RS,Porto Alegre,Pessoa Jurídica,2024-04-02,Indicação,1,1,1,1,0,0,81,9174.48,0.0,10,20,6,3,2,1,Ativo,4,0.67,0.5
A04846,Associado 4846,59,F,SC,Joinville,Pessoa Jurídica,2024-07-12,Agência,1,0,0,0,1,0,40,9652.37,0.0,9,19,2,4,1,0,Ativo,2,0.25,0.0
A04847,Associado 4847,36,M,MG,Belo Horizonte,Pessoa Física,2025-06-14,Agência,1,0,1,0,1,0,5,7258.34,14782.02,10,161,1,5,3,0,Churned,3,0.6,0.0
A04848,Associado 4848,54,F,RS,Porto Alegre,Agro,2024-05-21,Agência,1,1,1,0,0,0,34,4506.89,73588.08,3,4,9,7,6,2,Ativo,3,0.86,0.33
A04849,Associado 4849,61,F,SP,São Paulo,Pessoa Física,2023-12-22,Agência,1,0,0,1,1,0,16,2871.53,128386.45,10,15,6,6,1,0,Ativo,3,0.17,0.0
A04850,Associado 4850,29,M,RS,Porto Alegre,Pessoa Física,2020-02-08,Digital,1,1,0,0,0,0,28,1389.74,11131.92,6,27,13,6,2,0,Ativo,2,0.33,0.0
A04851,Associado 4851,42,M,RJ,Rio de Janeiro,Pessoa Jurídica,2025-07-05,Digital,1,1,1,0,0,0,139,5909.59,13915.8,10,13,35,7,7,1,Ativo,3,1.0,0.14
A04852,Associado 4852,51,M,SC,Joinville,Pessoa Jurídica,2025-01-30,Agência,1,1,1,0,0,1,81,9026.96,4709.77,10,9,8,9,6,3,Ativo,4,0.67,0.5
A04853,Associado 4853,56,F,SP,São Paulo,Pessoa Jurídica,2018-09-17,Agência,1,1,0,0,1,0,35,13700.97,12779.41,10,4,2,7,0,0,Ativo,3,0.0,0.0
A04854,Associado 4854,48,F,RS,Porto Alegre,Pessoa Física,2024-12-25,Digital,0,0,0,1,0,0,5,0.0,22608.08,10,166,5,2,1,1,Inativo,1,0.5,1.0
A04855,Associado 4855,49,F,PR,Londrina,Pessoa Física,2025-03-24,Agência,1,1,1,1,1,0,45,1571.24,0.0,9,6,13,9,6,0,Ativo,5,0.67,0.0
A04856,Associado 4856,29,M,RS,Porto Alegre,Agro,2021-04-18,Indicação,0,0,1,0,1,1,12,0.0,20468.98,10,19,8,4,1,0,Ativo,3,0.25,0.0
A04857,Associado 4857,67,F,RS,Caxias do Sul,Pessoa Física,2022-05-07,Agência,1,0,0,0,0,0,2,1224.62,48413.27,10,172,2,8,2,0,Inativo,1,0.25,0.0
A04858,Associado 4858,22,M,MG,Belo Horizonte,Pessoa Jurídica,2018-03-25,Indicação,1,1,0,0,0,0,59,16250.89,4644.79,10,23,11,2,1,0,Ativo,2,0.5,0.0
A04859,Associado 4859,42,M,MG,Belo Horizonte,Pessoa Física,2019-02-14,Campanha,0,0,0,0,0,0,1,0.0,15283.26,5,274,1,6,1,1,Churned,0,0.17,1.0
A04860,Associado 4860,35,F,MG,Belo Horizonte,Pessoa Jurídica,2021-03-25,Indicação,1,0,0,0,0,0,48,7870.25,0.0,6,3,9,8,2,0,Ativo,1,0.25,0.0
A04861,Associado 4861,54,F,PR,Curitiba,Pessoa Física,2024-07-03,Indicação,0,0,0,0,0,0,3,0.0,262316.06,5,246,0,6,0,0,Churned,0,0.0,0.0
A04862,Associado 4862,69,F,SP,São Paulo,Pessoa Física,2023-06-09,Campanha,1,1,1,0,0,0,20,1697.93,13818.82,8,1,1,6,1,0,Ativo,3,0.17,0.0
A04863,Associado 4863,54,F,RS,Porto Alegre,Pessoa Física,2022-06-28,Agência,1,0,0,0,0,0,3,1050.6,33006.63,9,204,1,4,0,0,Churned,1,0.0,0.0
A04864,Associado 4864,46,F,RS,Caxias do Sul,Pessoa Jurídica,2024-07-21,Campanha,0,1,1,0,0,0,11,0.0,4092.96,8,91,3,11,2,0,Inativo,2,0.18,0.0
A04865,Associado 4865,29,M,RS,Porto Alegre,Pessoa Jurídica,2023-11-15,Indicação,1,1,0,0,0,0,27,9263.48,0.0,10,102,4,11,3,0,Inativo,2,0.27,0.0
A04866,Associado 4866,30,F,PR,Curitiba,Pessoa Física,2025-05-08,Indicação,1,1,0,0,0,0,4,2491.77,5359.07,10,243,1,8,0,0,Churned,2,0.0,0.0
A04867,Associado 4867,36,M,SC,Florianópolis,Pessoa Jurídica,2024-02-09,Digital,1,0,0,0,0,0,18,12947.75,0.0,10,97,3,5,2,0,Inativo,1,0.4,0.0
A04868,Associado 4868,29,F,RS,Porto Alegre,Pessoa Física,2020-03-24,Digital,1,0,0,0,0,0,4,2749.26,11859.74,4,124,3,6,3,1,Inativo,1,0.5,0.33
A04869,Associado 4869,34,F,PR,Londrina,Pessoa Física,2020-06-14,Indicação,1,1,1,0,0,0,9,1859.21,0.0,7,157,2,6,0,0,Inativo,3,0.0,0.0
A04870,Associado 4870,37,M,SP,São Paulo,Pessoa Física,2019-10-23,Digital,1,0,0,0,0,0,4,4065.07,24330.13,4,109,1,6,2,0,Inativo,1,0.33,0.0
A04871,Associado 4871,53,F,SC,Joinville,Pessoa Física,2020-08-02,Indicação,1,0,0,0,0,0,14,2317.39,0.0,10,21,0,3,0,0,Ativo,1,0.0,0.0
A04872,Associado 4872,31,F,RS,Porto Alegre,Pessoa Física,2024-08-22,Agência,1,1,0,0,0,0,16,11268.86,3675.36,7,116,3,6,3,0,Inativo,2,0.5,0.0
A04873,Associado 4873,31,M,RS,Porto Alegre,Pessoa Física,2021-01-15,Digital,1,1,0,0,0,0,2,2625.41,0.0,3,248,0,5,0,0,Churned,2,0.0,0.0
A04874,Associado 4874,27,M,RS,Porto Alegre,Pessoa Jurídica,2025-06-20,Digital,1,1,0,0,0,0,43,2352.46,5318.06,9,6,7,6,2,1,Ativo,2,0.33,0.5
A04875,Associado 4875,42,F,RS,Caxias do Sul,Pessoa Jurídica,2021-03-04,Agência,1,1,0,0,0,0,14,7688.68,11996.5,5,149,2,4,1,1,Inativo,2,0.25,1.0
A04876,Associado 4876,58,F,PR,Londrina,Pessoa Jurídica,2023-11-08,Agência,1,1,1,0,1,0,7,7467.05,3767.29,7,198,0,4,0,0,Churned,4,0.0,0.0
A04877,Associado 4877,35,F,PR,Londrina,Pessoa Física,2024-12-10,Agência,1,0,0,0,0,0,3,12292.41,7844.96,5,282,1,5,0,0,Churned,1,0.0,0.0
A04878,Associado 4878,35,M,PR,Curitiba,Agro,2020-03-30,Digital,1,1,0,0,0,1,26,7708.95,14711.19,7,12,4,10,1,0,Ativo,3,0.1,0.0
A04879,Associado 4879,48,F,SC,Joinville,Pessoa Jurídica,2023-01-15,Digital,1,1,1,0,0,0,36,6004.22,15435.84,10,3,12,3,2,0,Ativo,3,0.67,0.0
A04880,Associado 4880,56,F,SP,São Paulo,Pessoa Física,2023-03-26,Agência,1,1,0,0,0,0,17,796.19,21604.54,10,1,4,2,0,0,Ativo,2,0.0,0.0
A04881,Associado 4881,63,F,RS,Caxias do Sul,Pessoa Jurídica,2020-01-13,Campanha,1,1,0,1,0,0,10,9835.12,73771.05,9,184,3,10,3,0,Inativo,3,0.3,0.0
A04882,Associado 4882,52,M,SC,Florianópolis,Pessoa Física,2021-08-09,Indicação,1,1,1,0,1,0,39,8618.53,0.0,10,7,9,5,2,0,Ativo,4,0.4,0.0
A04883,Associado 4883,48,F,SP,São Paulo,Pessoa Física,2019-03-22,Indicação,1,1,0,0,1,0,23,2544.0,4582.52,8,3,7,5,2,0,Ativo,3,0.4,0.0
A04884,Associado 4884,53,M,RS,Porto Alegre,Pessoa Física,2021-11-19,Agência,1,0,0,0,0,0,4,6903.76,4982.43,5,125,2,6,2,0,Inativo,1,0.33,0.0
A04885,Associado 4885,37,M,RS,Porto Alegre,Pessoa Física,2020-11-06,Digital,1,1,1,0,0,0,34,2178.87,0.0,10,2,13,4,3,1,Ativo,3,0.75,0.33
A04886,Associado 4886,31,M,MG,Belo Horizonte,Agro,2023-07-01,Digital,1,1,1,0,1,1,60,4966.07,0.0,10,3,27,4,4,0,Ativo,5,1.0,0.0
A04887,Associado 4887,25,M,RS,Caxias do Sul,Pessoa Física,2022-09-28,Campanha,1,1,0,0,0,0,31,3513.95,8064.96,10,27,9,5,0,0,Ativo,2,0.0,0.0
A04888,Associado 4888,57,M,PR,Curitiba,Pessoa Física,2022-07-14,Indicação,1,1,0,1,1,0,43,9555.17,0.0,10,46,12,7,4,0,Ativo,4,0.57,0.0
A04889,Associado 4889,37,F,RS,Porto Alegre,Agro,2023-06-04,Digital,1,0,0,0,0,0,27,23570.08,0.0,10,19,5,9,2,0,Ativo,1,0.22,0.0
A04890,Associado 4890,55,M,PR,Londrina,Agro,2025-06-26,Campanha,1,1,1,0,1,1,32,26000.63,0.0,10,2,3,8,4,0,Ativo,5,0.5,0.0
A04891,Associado 4891,43,F,RS,Porto Alegre,Pessoa Jurídica,2022-04-17,Agência,1,0,0,0,0,0,2,8289.26,0.0,4,217,0,7,1,0,Churned,1,0.14,0.0
A04892,Associado 4892,45,F,RS,Porto Alegre,Pessoa Física,2022-12-16,Agência,1,0,0,1,0,0,28,3075.76,0.0,9,72,5,6,0,0,Ativo,2,0.0,0.0
A04893,Associado 4893,36,M,PR,Londrina,Pessoa Física,2020-10-24,Indicação,1,1,1,0,0,0,43,7299.87,10465.29,10,4,15,10,6,0,Ativo,3,0.6,0.0
A04894,Associado 4894,64,M,RS,Caxias do Sul,Pessoa Jurídica,2024-05-17,Agência,1,1,1,0,0,0,79,2358.63,27554.17,10,2,1,10,2,0,Ativo,3,0.2,0.0
A04895,Associado 4895,53,M,SC,Florianópolis,Pessoa Física,2025-01-24,Agência,0,0,0,0,1,0,0,0.0,126102.02,9,290,0,6,2,0,Churned,1,0.33,0.0
A04896,Associado 4896,49,M,RS,Porto Alegre,Pessoa Física,2022-02-03,Indicação,1,0,0,0,0,0,20,4209.22,0.0,9,12,2,1,1,0,Ativo,1,1.0,0.0
A04897,Associado 4897,41,F,RS,Porto Alegre,Pessoa Física,2019-08-28,Agência,1,1,0,0,1,0,23,3322.19,0.0,10,5,8,4,3,0,Ativo,3,0.75,0.0
A04898,Associado 4898,54,F,RS,Caxias do Sul,Pessoa Física,2019-04-23,Digital,1,1,0,0,1,0,37,1217.54,0.0,10,0,14,6,3,1,Ativo,3,0.5,0.33
A04899,Associado 4899,35,M,RS,Porto Alegre,Pessoa Física,2023-11-07,Campanha,1,0,1,0,0,0,28,7229.6,0.0,6,28,7,4,3,1,Ativo,2,0.75,0.33
A04900,Associado 4900,31,M,MG,Belo Horizonte,Pessoa Física,2022-10-23,Digital,1,1,0,0,0,0,49,1205.36,2317.29,5,22,41,6,6,0,Ativo,2,1.0,0.0
A04901,Associado 4901,39,F,RS,Porto Alegre,Pessoa Física,2019-09-02,Agência,1,0,0,0,0,0,6,12349.29,0.0,8,133,1,7,0,0,Inativo,1,0.0,0.0
A04902,Associado 4902,73,F,SC,Florianópolis,Pessoa Física,2018-05-22,Agência,1,1,1,0,0,1,25,9878.27,171067.12,7,26,6,2,0,0,Ativo,4,0.0,0.0
A04903,Associado 4903,64,M,RS,Porto Alegre,Pessoa Física,2025-06-02,Agência,1,1,0,0,0,0,8,4162.74,119693.67,7,165,3,3,0,0,Inativo,2,0.0,0.0
A04904,Associado 4904,59,F,RS,Caxias do Sul,Pessoa Física,2019-07-14,Agência,0,1,0,0,1,0,1,0.0,26740.99,9,227,1,2,0,0,Churned,2,0.0,0.0
A04905,Associado 4905,28,F,MG,Belo Horizonte,Pessoa Jurídica,2023-09-30,Agência,1,1,0,0,0,0,87,18242.26,3245.72,9,3,8,6,3,1,Ativo,2,0.5,0.33
A04906,Associado 4906,37,F,RS,Porto Alegre,Pessoa Jurídica,2024-03-05,Digital,0,1,0,0,1,0,9,0.0,27064.04,6,143,4,8,3,1,Inativo,2,0.38,0.33
A04907,Associado 4907,30,M,RJ,Rio de Janeiro,Pessoa Física,2025-01-14,Digital,1,0,0,0,0,0,3,2268.0,0.0,10,120,4,7,2,0,Inativo,1,0.29,0.0
A04908,Associado 4908,61,M,RS,Caxias do Sul,Pessoa Física,2022-03-12,Indicação,1,0,0,0,0,0,7,4216.92,0.0,8,10,0,8,2,0,Ativo,1,0.25,0.0
A04909,Associado 4909,50,F,SP,São Paulo,Pessoa Física,2021-07-17,Campanha,1,0,0,0,0,0,1,4755.01,13573.65,3,207,1,8,2,0,Churned,1,0.25,0.0
A04910,Associado 4910,46,M,SC,Joinville,Pessoa Física,2021-07-10,Indicação,1,1,0,0,1,0,47,8385.15,15496.96,10,27,10,11,4,0,Ativo,3,0.36,0.0
A04911,Associado 4911,35,F,MG,Belo Horizonte,Pessoa Física,2019-12-10,Digital,1,0,0,0,0,0,24,3584.0,0.0,7,3,7,8,4,0,Ativo,1,0.5,0.0
A04912,Associado 4912,24,F,PR,Curitiba,Pessoa Física,2021-04-24,Agência,1,1,1,0,0,0,43,1670.82,0.0,7,24,17,3,3,0,Ativo,3,1.0,0.0
A04913,Associado 4913,37,M,SC,Joinville,Pessoa Jurídica,2020-03-18,Indicação,1,1,0,0,0,0,34,19585.47,4482.01,10,44,4,3,0,0,Ativo,2,0.0,0.0
A04914,Associado 4914,35,M,RS,Caxias do Sul,Pessoa Jurídica,2023-10-30,Digital,1,0,1,0,0,0,47,7324.97,0.0,9,2,13,7,5,1,Ativo,2,0.71,0.2
A04915,Associado 4915,60,F,RS,Porto Alegre,Pessoa Física,2019-02-13,Agência,1,1,0,0,1,0,44,7916.41,61555.69,7,1,7,5,0,0,Ativo,3,0.0,0.0
A04916,Associado 4916,39,M,MG,Belo Horizonte,Pessoa Física,2020-08-31,Indicação,1,1,0,0,1,0,24,6282.0,0.0,10,13,4,6,2,0,Ativo,3,0.33,0.0
A04917,Associado 4917,50,M,RS,Caxias do Sul,Pessoa Jurídica,2025-06-22,Digital,1,1,0,0,0,0,6,2331.27,0.0,9,267,0,6,0,0,Churned,2,0.0,0.0
A04918,Associado 4918,27,M,SC,Joinville,Pessoa Física,2018-03-27,Agência,1,1,0,0,1,0,39,1303.39,9362.87,10,13,8,10,3,0,Ativo,3,0.3,0.0
A04919,Associado 4919,64,M,SP,São Paulo,Pessoa Jurídica,2022-12-02,Campanha,1,1,1,0,0,0,27,13452.91,75196.52,9,13,3,5,2,0,Ativo,3,0.4,0.0
A04920,Associado 4920,59,F,RS,Porto Alegre,Pessoa Física,2023-11-22,Campanha,1,0,0,0,0,0,16,2830.07,20027.65,4,3,4,6,4,0,Ativo,1,0.67,0.0
A04921,Associado 4921,37,F,RJ,Rio de Janeiro,Pessoa Jurídica,2021-07-31,Digital,1,0,0,0,0,0,28,10293.34,0.0,8,22,10,3,2,1,Ativo,1,0.67,0.5
A04922,Associado 4922,25,M,SP,São Paulo,Agro,2019-04-05,Digital,1,1,0,0,0,0,34,3147.65,4123.89,9,13,14,5,2,0,Ativo,2,0.4,0.0
A04923,Associado 4923,38,F,PR,Londrina,Agro,2025-08-19,Digital,1,0,0,0,0,1,1,9608.49,0.0,7,155,0,8,2,0,Churned,2,0.25,0.0
A04924,Associado 4924,36,M,MG,Belo Horizonte,Pessoa Física,2022-09-20,Indicação,1,1,0,0,0,0,39,8416.08,3135.04,9,5,16,7,5,1,Ativo,2,0.71,0.2
A04925,Associado 4925,35,M,RS,Porto Alegre,Pessoa Física,2024-11-13,Agência,1,1,0,0,1,0,75,3453.9,8785.39,8,8,12,7,4,1,Ativo,3,0.57,0.25
A04926,Associado 4926,34,M,RS,Porto Alegre,Pessoa Física,2021-02-18,Digital,1,0,0,0,0,0,6,3797.01,4807.72,8,96,3,7,6,1,Inativo,1,0.86,0.17
A04927,Associado 4927,58,F,SC,Florianópolis,Agro,2024-10-23,Campanha,1,0,1,0,1,1,39,18977.29,15041.62,10,15,3,4,2,0,Ativo,4,0.5,0.0
A04928,Associado 4928,32,F,RS,Porto Alegre,Pessoa Física,2019-07-23,Agência,0,0,0,0,0,0,1,0.0,0.0,9,283,0,6,1,0,Churned,0,0.17,0.0
A04929,Associado 4929,40,F,SP,São Paulo,Pessoa Física,2023-02-20,Campanha,1,1,0,0,1,0,30,3556.01,25222.53,10,14,10,3,2,0,Ativo,3,0.67,0.0
A04930,Associado 4930,66,M,MG,Belo Horizonte,Pessoa Física,2019-07-04,Campanha,1,1,0,0,1,0,44,5432.35,13149.3,10,9,7,4,2,0,Ativo,3,0.5,0.0
A04931,Associado 4931,51,F,SC,Florianópolis,Pessoa Física,2022-10-03,Agência,1,0,0,0,1,0,20,5440.03,8442.77,10,2,8,5,3,0,Ativo,2,0.6,0.0
A04932,Associado 4932,55,F,RS,Porto Alegre,Pessoa Física,2024-03-26,Indicação,1,1,1,0,1,0,25,1407.24,4748.97,9,13,5,3,2,0,Ativo,4,0.67,0.0
A04933,Associado 4933,32,M,RJ,Rio de Janeiro,Pessoa Física,2021-11-10,Agência,1,0,0,0,0,0,1,3081.19,8575.92,5,216,0,4,2,0,Churned,1,0.5,0.0
A04934,Associado 4934,54,M,SC,Joinville,Pessoa Física,2021-02-28,Indicação,1,1,0,0,0,0,26,1524.56,21441.81,4,6,7,6,2,0,Ativo,2,0.33,0.0
A04935,Associado 4935,29,M,SC,Florianópolis,Pessoa Física,2018-06-20,Indicação,1,0,0,0,0,0,1,5848.76,14028.68,9,210,2,7,1,0,Churned,1,0.14,0.0
A04936,Associado 4936,22,M,SC,Joinville,Agro,2021-09-15,Agência,1,1,0,0,0,1,35,4039.14,0.0,10,6,4,9,4,0,Ativo,3,0.44,0.0
A04937,Associado 4937,55,F,MG,Belo Horizonte,Pessoa Jurídica,2018-02-04,Indicação,1,1,1,0,1,0,59,7839.23,20189.72,10,19,8,0,0,0,Ativo,4,0.0,0.0
A04938,Associado 4938,63,F,PR,Curitiba,Pessoa Jurídica,2021-05-09,Indicação,1,1,0,0,0,0,31,14599.14,12515.2,4,14,2,11,3,2,Ativo,2,0.27,0.67
A04939,Associado 4939,52,M,SP,São Paulo,Pessoa Física,2021-04-06,Digital,1,0,1,0,0,0,28,8448.39,27215.28,9,1,7,5,1,0,Ativo,2,0.2,0.0
A04940,Associado 4940,39,M,SP,São Paulo,Pessoa Jurídica,2022-03-13,Agência,0,0,1,0,0,0,4,0.0,0.0,7,94,0,1,1,0,Inativo,1,1.0,0.0
A04941,Associado 4941,67,M,RS,Porto Alegre,Pessoa Física,2023-04-01,Agência,1,1,0,0,1,0,77,4169.99,25739.81,6,15,13,3,0,0,Ativo,3,0.0,0.0
A04942,Associado 4942,38,M,SC,Joinville,Pessoa Física,2021-06-01,Digital,1,0,1,0,0,1,6,2645.83,0.0,10,4,1,4,4,0,Ativo,3,1.0,0.0
A04943,Associado 4943,45,F,SP,São Paulo,Pessoa Física,2024-07-16,Campanha,1,1,1,1,0,0,13,8918.84,0.0,8,91,6,2,1,0,Inativo,4,0.5,0.0
A04944,Associado 4944,66,M,SC,Florianópolis,Pessoa Física,2025-03-02,Indicação,1,1,1,0,0,0,31,345.95,0.0,10,5,7,5,1,0,Ativo,3,0.2,0.0
A04945,Associado 4945,22,M,SP,São Paulo,Pessoa Física,2022-12-31,Digital,1,1,0,0,0,0,10,2600.42,0.0,9,126,2,6,0,0,Inativo,2,0.0,0.0
A04946,Associado 4946,32,F,MG,Belo Horizonte,Agro,2019-06-21,Digital,1,1,0,0,0,0,23,11568.04,0.0,9,4,4,6,3,0,Ativo,2,0.5,0.0
A04947,Associado 4947,56,M,PR,Curitiba,Pessoa Física,2023-07-19,Agência,1,0,0,0,0,0,0,2512.44,11439.51,8,167,0,8,0,0,Churned,1,0.0,0.0
A04948,Associado 4948,37,M,SP,São Paulo,Pessoa Física,2019-06-28,Agência,1,1,0,0,0,0,21,1776.65,3112.06,8,15,6,2,0,0,Ativo,2,0.0,0.0
A04949,Associado 4949,31,M,SP,São Paulo,Pessoa Física,2022-07-04,Digital,1,1,0,0,1,1,9,969.1,0.0,9,3,16,5,4,2,Ativo,4,0.8,0.5
A04950,Associado 4950,25,M,SP,São Paulo,Pessoa Física,2021-03-19,Digital,1,0,0,0,0,0,7,2951.35,0.0,10,2,2,5,2,1,Ativo,1,0.4,0.5
A04951,Associado 4951,26,M,SC,Joinville,Pessoa Física,2024-07-31,Digital,1,1,0,0,0,0,25,1830.26,1510.3,8,18,14,9,5,1,Ativo,2,0.56,0.2
A04952,Associado 4952,47,F,RS,Porto Alegre,Pessoa Física,2020-01-15,Campanha,1,1,0,0,0,0,32,2663.81,10090.01,8,14,8,9,3,1,Ativo,2,0.33,0.33
A04953,Associado 4953,36,F,SC,Florianópolis,Pessoa Jurídica,2023-06-23,Digital,1,1,0,0,0,0,27,13568.33,0.0,7,42,10,9,2,1,Ativo,2,0.22,0.5
A04954,Associado 4954,20,F,PR,Curitiba,Pessoa Física,2020-10-16,Digital,1,1,0,0,0,0,11,4666.1,0.0,8,86,5,3,1,0,Inativo,2,0.33,0.0
A04955,Associado 4955,53,F,SC,Joinville,Pessoa Física,2019-06-17,Agência,1,1,1,0,0,0,40,683.95,20661.75,9,3,9,3,1,1,Ativo,3,0.33,1.0
A04956,Associado 4956,51,M,SP,São Paulo,Pessoa Jurídica,2024-08-17,Campanha,1,0,0,0,0,0,31,11805.12,0.0,6,12,2,4,0,0,Ativo,1,0.0,0.0
A04957,Associado 4957,45,M,SC,Florianópolis,Agro,2023-04-23,Indicação,0,0,0,0,0,0,1,0.0,8017.35,4,262,1,3,0,0,Churned,0,0.0,0.0
A04958,Associado 4958,53,M,PR,Curitiba,Pessoa Jurídica,2020-10-12,Campanha,1,0,0,0,0,0,40,85347.28,0.0,9,8,8,6,2,0,Ativo,1,0.33,0.0
A04959,Associado 4959,29,M,RS,Caxias do Sul,Pessoa Jurídica,2023-08-24,Digital,1,0,0,0,1,0,20,9068.93,3386.9,9,174,7,9,4,1,Inativo,2,0.44,0.25
A04960,Associado 4960,40,M,SP,São Paulo,Pessoa Física,2024-03-12,Digital,1,0,0,0,0,0,2,12580.6,5181.62,5,256,1,4,0,0,Churned,1,0.0,0.0
A04961,Associado 4961,26,M,SC,Joinville,Pessoa Física,2025-01-27,Digital,1,1,0,0,1,0,29,944.7,0.0,8,10,23,5,5,1,Ativo,3,1.0,0.2
A04962,Associado 4962,54,F,RS,Porto Alegre,Pessoa Jurídica,2020-11-09,Agência,1,1,0,0,0,1,33,2336.1,5155.31,7,8,3,8,2,0,Ativo,3,0.25,0.0
A04963,Associado 4963,44,M,RS,Caxias do Sul,Agro,2020-07-16,Indicação,1,1,0,0,0,1,37,6957.46,19773.14,10,6,11,3,3,0,Ativo,3,1.0,0.0
A04964,Associado 4964,59,M,SP,São Paulo,Pessoa Física,2022-02-20,Campanha,0,1,1,1,1,0,23,0.0,42552.94,8,4,11,7,5,0,Ativo,4,0.71,0.0
A04965,Associado 4965,37,F,SC,Florianópolis,Pessoa Física,2022-10-04,Agência,1,1,1,1,1,0,61,2840.0,7148.34,10,4,13,6,4,1,Ativo,5,0.67,0.25
A04966,Associado 4966,38,F,RS,Porto Alegre,Pessoa Jurídica,2024-10-19,Agência,1,1,1,0,0,0,70,6421.05,13882.98,6,5,15,6,2,1,Ativo,3,0.33,0.5
A04967,Associado 4967,36,M,RJ,Rio de Janeiro,Pessoa Física,2021-09-06,Indicação,1,0,0,0,0,1,3,1821.34,0.0,8,148,1,5,0,0,Inativo,2,0.0,0.0
A04968,Associado 4968,53,F,SP,São Paulo,Pessoa Física,2024-08-01,Agência,1,1,0,0,1,0,33,5421.39,38274.89,8,12,7,5,2,1,Ativo,3,0.4,0.5
A04969,Associado 4969,39,F,RJ,Rio de Janeiro,Pessoa Física,2022-09-18,Digital,1,1,0,1,0,0,58,1379.63,62456.96,10,13,19,5,3,0,Ativo,3,0.6,0.0
A04970,Associado 4970,37,M,SC,Florianópolis,Pessoa Jurídica,2025-07-29,Indicação,1,1,0,0,0,0,63,22768.13,0.0,8,5,9,5,4,0,Ativo,2,0.8,0.0
A04971,Associado 4971,25,M,SC,Joinville,Agro,2019-08-30,Digital,1,0,0,0,0,1,2,7590.15,21435.59,4,263,1,3,0,0,Churned,2,0.0,0.0
A04972,Associado 4972,32,F,MG,Belo Horizonte,Pessoa Física,2025-09-26,Indicação,1,0,0,1,0,0,3,16409.93,10299.19,9,56,3,7,1,0,Inativo,2,0.14,0.0
A04973,Associado 4973,47,F,SC,Florianópolis,Pessoa Física,2018-11-22,Digital,1,1,0,0,0,0,50,14279.75,0.0,7,5,16,8,5,1,Ativo,2,0.62,0.2
A04974,Associado 4974,19,F,SP,São Paulo,Pessoa Física,2025-01-18,Campanha,0,0,1,0,1,0,2,0.0,0.0,8,133,1,5,2,0,Inativo,2,0.4,0.0
A04975,Associado 4975,53,F,RS,Porto Alegre,Pessoa Física,2025-06-27,Indicação,0,0,0,0,0,0,0,0.0,0.0,4,128,0,7,2,0,Churned,0,0.29,0.0
A04976,Associado 4976,38,F,SC,Joinville,Pessoa Física,2018-08-07,Campanha,1,0,0,0,0,0,17,2522.47,0.0,8,10,4,8,5,0,Ativo,1,0.62,0.0
A04977,Associado 4977,33,F,RS,Porto Alegre,Pessoa Física,2019-06-06,Agência,1,0,1,0,0,0,19,2686.35,0.0,4,24,11,5,0,0,Ativo,2,0.0,0.0
A04978,Associado 4978,30,M,RS,Porto Alegre,Pessoa Física,2019-02-09,Agência,1,1,1,0,0,0,32,3747.92,0.0,8,64,10,9,3,0,Ativo,3,0.33,0.0
A04979,Associado 4979,41,M,RS,Porto Alegre,Pessoa Jurídica,2020-11-08,Agência,1,0,0,0,1,0,22,12451.96,0.0,5,10,2,2,0,0,Ativo,2,0.0,0.0
A04980,Associado 4980,39,F,RS,Caxias do Sul,Pessoa Jurídica,2019-08-03,Digital,1,0,0,0,0,0,48,8371.35,0.0,6,11,11,6,2,1,Ativo,1,0.33,0.5
A04981,Associado 4981,69,F,RJ,Rio de Janeiro,Pessoa Física,2020-02-29,Campanha,1,1,1,0,1,0,48,3579.37,25130.12,10,11,16,5,3,1,Ativo,4,0.6,0.33
A04982,Associado 4982,21,M,RS,Caxias do Sul,Pessoa Física,2023-01-29,Digital,1,1,1,0,0,0,28,709.69,0.0,8,9,12,4,4,0,Ativo,3,1.0,0.0
A04983,Associado 4983,41,F,PR,Curitiba,Agro,2024-05-30,Indicação,1,0,0,0,1,1,40,16542.55,0.0,10,1,12,5,2,1,Ativo,3,0.4,0.5
A04984,Associado 4984,30,M,SP,São Paulo,Pessoa Física,2023-08-25,Digital,1,0,1,0,1,0,17,13938.45,0.0,10,4,7,8,3,0,Ativo,3,0.38,0.0
A04985,Associado 4985,42,F,PR,Curitiba,Pessoa Jurídica,2018-11-22,Digital,1,1,1,0,0,0,44,4452.53,1632.66,7,67,14,6,5,0,Ativo,3,0.83,0.0
A04986,Associado 4986,49,F,RS,Caxias do Sul,Pessoa Física,2020-08-28,Campanha,1,0,0,0,0,0,44,10558.9,54560.55,7,11,12,8,4,1,Ativo,1,0.5,0.25
A04987,Associado 4987,21,F,SP,São Paulo,Pessoa Jurídica,2023-01-10,Digital,1,1,0,0,0,0,49,1268.61,0.0,9,2,18,7,6,2,Ativo,2,0.86,0.33
A04988,Associado 4988,64,F,PR,Curitiba,Pessoa Jurídica,2018-06-07,Indicação,1,0,0,0,0,0,5,45300.87,35620.3,2,160,1,9,2,0,Churned,1,0.22,0.0
A04989,Associado 4989,33,M,SP,São Paulo,Pessoa Jurídica,2022-12-21,Agência,1,1,1,0,0,0,60,11403.56,0.0,10,4,12,5,2,0,Ativo,3,0.4,0.0
A04990,Associado 4990,18,M,SP,São Paulo,Agro,2022-06-10,Campanha,1,1,1,0,0,0,51,1852.81,0.0,10,15,7,5,1,0,Ativo,3,0.2,0.0
A04991,Associado 4991,40,M,RJ,Rio de Janeiro,Agro,2022-12-03,Digital,0,0,0,0,0,1,8,0.0,0.0,8,35,7,5,1,0,Ativo,1,0.2,0.0
A04992,Associado 4992,51,M,PR,Londrina,Pessoa Física,2020-03-16,Indicação,1,1,1,0,0,0,16,5719.49,27250.1,7,109,5,7,2,1,Inativo,3,0.29,0.5
A04993,Associado 4993,45,F,RS,Porto Alegre,Pessoa Física,2021-07-29,Agência,1,1,1,0,0,0,28,1524.7,13016.75,10,9,8,4,3,0,Ativo,3,0.75,0.0
A04994,Associado 4994,18,M,PR,Londrina,Pessoa Física,2024-01-04,Digital,1,0,0,0,0,1,3,3775.77,0.0,8,86,2,5,2,0,Inativo,2,0.4,0.0
A04995,Associado 4995,52,M,RS,Caxias do Sul,Pessoa Jurídica,2019-05-29,Campanha,1,1,0,0,1,0,4,24304.27,32936.75,7,194,0,8,3,1,Churned,3,0.38,0.33
A04996,Associado 4996,38,M,MG,Belo Horizonte,Pessoa Jurídica,2019-05-19,Campanha,1,1,0,0,0,0,45,7808.58,0.0,6,20,6,7,1,0,Ativo,2,0.14,0.0
A04997,Associado 4997,40,F,RS,Porto Alegre,Pessoa Física,2023-03-06,Agência,1,0,1,0,0,0,35,2475.53,0.0,10,20,11,7,6,0,Ativo,2,0.86,0.0
A04998,Associado 4998,40,F,RS,Porto Alegre,Pessoa Física,2019-02-17,Digital,1,1,0,0,0,0,13,5486.94,23637.62,8,101,2,3,2,1,Inativo,2,0.67,0.5
A04999,Associado 4999,35,F,SP,São Paulo,Pessoa Jurídica,2020-12-23,Digital,0,0,0,0,0,0,31,0.0,5858.03,5,5,18,3,2,0,Ativo,0,0.67,0.0
A05000,Associado 5000,54,F,PR,Londrina,Pessoa Física,2025-03-24,Agência,1,1,1,0,0,0,35,1066.95,21526.2,9,12,11,14,6,1,Ativo,3,0.43,0.17
